id,fournisseur,modele,verite,sous_type,source_generation,label,confiance,probleme,latence_ms,essais,erreur,horodatage
rxa_0351,cloudflare,@cf/meta/llama-3.3-70b-instruct-fp8-fast,racisme,haine_explicite,tri_manuel,racisme,0.9,,1852,1,,2026-08-20T19:24:43
rxa_0427,cloudflare,@cf/meta/llama-3.3-70b-instruct-fp8-fast,racisme,haine_explicite,generation_originale,xenophobie,0.9,,673,1,,2026-08-20T19:24:46
rxa_1182,cloudflare,@cf/meta/llama-3.3-70b-instruct-fp8-fast,antisémitisme,haine_explicite,generation_originale,antisemitisme,1.0,,1909,1,,2026-08-20T19:24:52
rxa_0309,cloudflare,@cf/meta/llama-3.3-70b-instruct-fp8-fast,xénophobie,dog_whistle,tri_manuel,xenophobie,0.8,,720,1,,2026-08-20T19:24:56
rxa_1166,cloudflare,@cf/meta/llama-3.3-70b-instruct-fp8-fast,antisémitisme,haine_explicite,generation_originale,antisemitisme,0.9,,907,1,,2026-08-20T19:25:00
rxa_0269,cloudflare,@cf/meta/llama-3.3-70b-instruct-fp8-fast,antisémitisme,haine_explicite,tri_manuel,antisemitisme,1.0,,632,1,,2026-08-20T19:25:04
rxa_0024,cloudflare,@cf/meta/llama-3.3-70b-instruct-fp8-fast,racisme,haine_explicite,tri_manuel,xenophobie,0.8,,1176,1,,2026-08-20T19:25:08
rxa_0470,cloudflare,@cf/meta/llama-3.3-70b-instruct-fp8-fast,racisme,haine_implicite,generation_originale,xenophobie,0.8,,836,1,,2026-08-20T19:25:12
rxa_0952,cloudflare,@cf/meta/llama-3.3-70b-instruct-fp8-fast,xénophobie,dog_whistle,hardcase,xenophobie,0.8,,1010,1,,2026-08-20T19:25:17
rxa_0930,cloudflare,@cf/meta/llama-3.3-70b-instruct-fp8-fast,xénophobie,haine_implicite,hardcase,xenophobie,0.8,,738,1,,2026-08-20T19:25:21
rxa_0898,cloudflare,@cf/meta/llama-3.3-70b-instruct-fp8-fast,xénophobie,haine_implicite,hardcase,xenophobie,0.8,,599,1,,2026-08-20T19:25:25
rxa_1041,cloudflare,@cf/meta/llama-3.3-70b-instruct-fp8-fast,antisémitisme,haine_explicite,transfert_racisme_antisemitisme,antisemitisme,1.0,,996,1,,2026-08-20T19:25:29
rxa_0327,cloudflare,@cf/meta/llama-3.3-70b-instruct-fp8-fast,racisme,haine_implicite,tri_manuel,racisme,0.8,,686,1,,2026-08-20T19:25:33
rxa_0245,cloudflare,@cf/meta/llama-3.3-70b-instruct-fp8-fast,xénophobie,sarcasme,tri_manuel,xenophobie,0.9,,1047,1,,2026-08-20T19:25:37
rxa_0242,cloudflare,@cf/meta/llama-3.3-70b-instruct-fp8-fast,racisme,haine_explicite,tri_manuel,racisme,0.9,,2655,1,,2026-08-20T19:25:43
rxa_0687,cloudflare,@cf/meta/llama-3.3-70b-instruct-fp8-fast,xénophobie,haine_explicite,generation_originale,xenophobie,0.9,,855,1,,2026-08-20T19:25:47
rxa_0329,cloudflare,@cf/meta/llama-3.3-70b-instruct-fp8-fast,xénophobie,dog_whistle,tri_manuel,xenophobie,0.9,,607,1,,2026-08-20T19:25:51
rxa_1483,cloudflare,@cf/meta/llama-3.3-70b-instruct-fp8-fast,xénophobie,haine_explicite,generation_complement,xenophobie,0.9,,668,1,,2026-08-20T19:25:55
rxa_1405,cloudflare,@cf/meta/llama-3.3-70b-instruct-fp8-fast,antisémitisme,haine_implicite,hardcase,xenophobie,0.8,,2121,1,,2026-08-20T19:26:01
rxa_1201,cloudflare,@cf/meta/llama-3.3-70b-instruct-fp8-fast,antisémitisme,haine_implicite,generation_originale,antisemitisme,0.8,,647,1,,2026-08-20T19:26:05
rxa_0248,cloudflare,@cf/meta/llama-3.3-70b-instruct-fp8-fast,racisme,haine_explicite,tri_manuel,racisme,0.8,,1291,1,,2026-08-20T19:26:09
rxa_1414,cloudflare,@cf/meta/llama-3.3-70b-instruct-fp8-fast,antisémitisme,haine_implicite,hardcase,xenophobie,0.6,,1355,1,,2026-08-20T19:26:14
rxa_1098,cloudflare,@cf/meta/llama-3.3-70b-instruct-fp8-fast,antisémitisme,haine_explicite,transfert_racisme_antisemitisme,antisemitisme,1.0,,592,1,,2026-08-20T19:26:18
rxa_0748,cloudflare,@cf/meta/llama-3.3-70b-instruct-fp8-fast,xénophobie,haine_implicite,generation_originale,xenophobie,0.8,,951,1,,2026-08-20T19:26:22
rxa_0018,cloudflare,@cf/meta/llama-3.3-70b-instruct-fp8-fast,racisme,stereotype,tri_manuel,xenophobie,0.8,,628,1,,2026-08-20T19:26:26
rxa_0112,cloudflare,@cf/meta/llama-3.3-70b-instruct-fp8-fast,racisme,haine_implicite,tri_manuel,xenophobie,0.8,,764,1,,2026-08-20T19:26:30
rxa_0775,cloudflare,@cf/meta/llama-3.3-70b-instruct-fp8-fast,xénophobie,stereotype,generation_originale,xenophobie,0.9,,797,1,,2026-08-20T19:26:34
rxa_1123,cloudflare,@cf/meta/llama-3.3-70b-instruct-fp8-fast,antisémitisme,stereotype,transfert_racisme_antisemitisme,antisemitisme,1.0,,537,1,,2026-08-20T19:26:38
rxa_0607,cloudflare,@cf/meta/llama-3.3-70b-instruct-fp8-fast,xénophobie,exclusion,transfert_racisme_xenophobie,xenophobie,0.9,,639,1,,2026-08-20T19:26:42
rxa_0467,cloudflare,@cf/meta/llama-3.3-70b-instruct-fp8-fast,racisme,haine_implicite,generation_originale,xenophobie,0.8,,981,1,,2026-08-20T19:26:46
rxa_1209,cloudflare,@cf/meta/llama-3.3-70b-instruct-fp8-fast,antisémitisme,haine_implicite,generation_originale,antisemitisme,0.8,,768,1,,2026-08-20T19:26:50
rxa_0777,cloudflare,@cf/meta/llama-3.3-70b-instruct-fp8-fast,xénophobie,stereotype,generation_originale,xenophobie,0.8,,886,1,,2026-08-20T19:26:54
rxa_0157,cloudflare,@cf/meta/llama-3.3-70b-instruct-fp8-fast,xénophobie,exclusion,tri_manuel,xenophobie,0.8,,690,1,,2026-08-20T19:26:58
rxa_1191,cloudflare,@cf/meta/llama-3.3-70b-instruct-fp8-fast,antisémitisme,haine_explicite,generation_originale,antisemitisme,0.9,,975,1,,2026-08-20T19:27:03
rxa_0745,cloudflare,@cf/meta/llama-3.3-70b-instruct-fp8-fast,xénophobie,haine_implicite,generation_originale,xenophobie,0.8,,662,1,,2026-08-20T19:27:07
rxa_1445,cloudflare,@cf/meta/llama-3.3-70b-instruct-fp8-fast,racisme,stereotype,generation_complement,racisme,0.9,,691,1,,2026-08-20T19:27:11
rxa_1117,cloudflare,@cf/meta/llama-3.3-70b-instruct-fp8-fast,antisémitisme,haine_implicite,transfert_racisme_antisemitisme,antisemitisme,1.0,,594,1,,2026-08-20T19:27:15
rxa_0377,cloudflare,@cf/meta/llama-3.3-70b-instruct-fp8-fast,racisme,haine_explicite,tri_manuel,racisme,0.9,,767,1,,2026-08-20T19:27:19
rxa_0918,cloudflare,@cf/meta/llama-3.3-70b-instruct-fp8-fast,xénophobie,sarcasme,hardcase,xenophobie,0.8,,973,1,,2026-08-20T19:27:23
rxa_1252,cloudflare,@cf/meta/llama-3.3-70b-instruct-fp8-fast,antisémitisme,stereotype,generation_originale,xenophobie,0.6,,623,1,,2026-08-20T19:27:27
rxa_0028,cloudflare,@cf/meta/llama-3.3-70b-instruct-fp8-fast,racisme,hostilite_religieuse,tri_manuel,xenophobie,0.8,,1368,1,,2026-08-20T19:27:32
rxa_0316,cloudflare,@cf/meta/llama-3.3-70b-instruct-fp8-fast,xénophobie,exclusion,tri_manuel,xenophobie,0.9,,697,1,,2026-08-20T19:27:36
rxa_0511,cloudflare,@cf/meta/llama-3.3-70b-instruct-fp8-fast,racisme,sarcasme,generation_originale,xenophobie,0.8,,833,1,,2026-08-20T19:27:40
rxa_0880,cloudflare,@cf/meta/llama-3.3-70b-instruct-fp8-fast,xénophobie,haine_implicite,hardcase,xenophobie,0.8,,784,1,,2026-08-20T19:27:44
rxa_0855,cloudflare,@cf/meta/llama-3.3-70b-instruct-fp8-fast,xénophobie,dog_whistle,hardcase,xenophobie,0.8,,1007,1,,2026-08-20T19:27:48
rxa_1137,cloudflare,@cf/meta/llama-3.3-70b-instruct-fp8-fast,antisémitisme,haine_explicite,transfert_racisme_antisemitisme,antisemitisme,1.0,,731,1,,2026-08-20T19:27:52
rxa_0926,cloudflare,@cf/meta/llama-3.3-70b-instruct-fp8-fast,xénophobie,exclusion,hardcase,xenophobie,0.8,,600,1,,2026-08-20T19:27:56
rxa_0413,cloudflare,@cf/meta/llama-3.3-70b-instruct-fp8-fast,racisme,haine_explicite,generation_originale,xenophobie,0.9,,925,1,,2026-08-20T19:28:00
rxa_0698,cloudflare,@cf/meta/llama-3.3-70b-instruct-fp8-fast,xénophobie,haine_explicite,generation_originale,xenophobie,0.9,,729,1,,2026-08-20T19:28:04
rxa_0940,cloudflare,@cf/meta/llama-3.3-70b-instruct-fp8-fast,xénophobie,dog_whistle,hardcase,racisme,0.8,,615,1,,2026-08-20T19:28:08
rxa_0902,cloudflare,@cf/meta/llama-3.3-70b-instruct-fp8-fast,xénophobie,dog_whistle,hardcase,xenophobie,0.8,,563,1,,2026-08-20T19:28:12
rxa_0596,cloudflare,@cf/meta/llama-3.3-70b-instruct-fp8-fast,xénophobie,exclusion,transfert_racisme_xenophobie,xenophobie,0.8,,1251,1,,2026-08-20T19:28:17
rxa_0184,cloudflare,@cf/meta/llama-3.3-70b-instruct-fp8-fast,racisme,haine_implicite,tri_manuel,xenophobie,0.8,,827,1,,2026-08-20T19:28:21
rxa_1499,cloudflare,@cf/meta/llama-3.3-70b-instruct-fp8-fast,xénophobie,ambigu,generation_complement,xenophobie,0.8,,612,1,,2026-08-20T19:28:25
rxa_1240,cloudflare,@cf/meta/llama-3.3-70b-instruct-fp8-fast,antisémitisme,stereotype,generation_originale,racisme,0.8,,597,1,,2026-08-20T19:28:29
rxa_0680,cloudflare,@cf/meta/llama-3.3-70b-instruct-fp8-fast,xénophobie,haine_explicite,generation_originale,xenophobie,0.9,,781,1,,2026-08-20T19:28:33
rxa_1155,cloudflare,@cf/meta/llama-3.3-70b-instruct-fp8-fast,antisémitisme,haine_explicite,generation_originale,antisemitisme,1.0,,1442,1,,2026-08-20T19:28:37
rxa_0342,cloudflare,@cf/meta/llama-3.3-70b-instruct-fp8-fast,racisme,haine_explicite,tri_manuel,xenophobie,0.8,,1767,1,,2026-08-20T19:28:42
rxa_1301,cloudflare,@cf/meta/llama-3.3-70b-instruct-fp8-fast,antisémitisme,haine_implicite,hardcase,xenophobie,0.2,,720,1,,2026-08-20T19:28:46
rxa_0130,cloudflare,@cf/meta/llama-3.3-70b-instruct-fp8-fast,racisme,stereotype,tri_manuel,xenophobie,0.9,,679,1,,2026-08-20T19:28:50
rxa_1407,cloudflare,@cf/meta/llama-3.3-70b-instruct-fp8-fast,antisémitisme,dog_whistle,hardcase,xenophobie,0.2,,745,1,,2026-08-20T19:28:54
rxa_0067,cloudflare,@cf/meta/llama-3.3-70b-instruct-fp8-fast,racisme,stereotype,tri_manuel,antisemitisme,1.0,,592,1,,2026-08-20T19:28:58
rxa_0153,cloudflare,@cf/meta/llama-3.3-70b-instruct-fp8-fast,racisme,haine_explicite,tri_manuel,racisme,1.0,,680,1,,2026-08-20T19:29:02
rxa_0518,cloudflare,@cf/meta/llama-3.3-70b-instruct-fp8-fast,racisme,dog_whistle,generation_originale,xenophobie,0.8,,646,1,,2026-08-20T19:29:06
rxa_0986,cloudflare,@cf/meta/llama-3.3-70b-instruct-fp8-fast,antisémitisme,complotisme,transfert_racisme_antisemitisme,antisemitisme,0.8,,519,1,,2026-08-20T19:29:10
rxa_0448,cloudflare,@cf/meta/llama-3.3-70b-instruct-fp8-fast,racisme,haine_explicite,generation_originale,racisme,0.9,,808,1,,2026-08-20T19:29:14
rxa_1362,cloudflare,@cf/meta/llama-3.3-70b-instruct-fp8-fast,antisémitisme,dog_whistle,hardcase,xenophobie,0.2,,2086,1,,2026-08-20T19:29:20
rxa_0497,cloudflare,@cf/meta/llama-3.3-70b-instruct-fp8-fast,racisme,stereotype,generation_originale,xenophobie,0.8,,6104,1,,2026-08-20T19:29:29
rxa_1372,cloudflare,@cf/meta/llama-3.3-70b-instruct-fp8-fast,antisémitisme,ambigu,hardcase,xenophobie,0.6,,716,1,,2026-08-20T19:29:33
rxa_1395,cloudflare,@cf/meta/llama-3.3-70b-instruct-fp8-fast,antisémitisme,sarcasme,hardcase,antisemitisme,0.8,,833,1,,2026-08-20T19:29:37
rxa_0085,cloudflare,@cf/meta/llama-3.3-70b-instruct-fp8-fast,racisme,exclusion,tri_manuel,xenophobie,0.8,,1024,1,,2026-08-20T19:29:41
rxa_0530,cloudflare,@cf/meta/llama-3.3-70b-instruct-fp8-fast,racisme,ambigu,generation_originale,xenophobie,0.8,,1368,1,,2026-08-20T19:29:46
rxa_0041,cloudflare,@cf/meta/llama-3.3-70b-instruct-fp8-fast,racisme,stereotype,tri_manuel,xenophobie,0.8,,990,1,,2026-08-20T19:29:50
rxa_1377,cloudflare,@cf/meta/llama-3.3-70b-instruct-fp8-fast,antisémitisme,haine_implicite,hardcase,xenophobie,0.2,,1886,1,,2026-08-20T19:29:56
rxa_0468,cloudflare,@cf/meta/llama-3.3-70b-instruct-fp8-fast,racisme,haine_implicite,generation_originale,xenophobie,0.8,,887,1,,2026-08-20T19:30:00
rxa_0297,cloudflare,@cf/meta/llama-3.3-70b-instruct-fp8-fast,antisémitisme,haine_explicite,tri_manuel,antisemitisme,1.0,,624,1,,2026-08-20T19:30:04
rxa_0861,cloudflare,@cf/meta/llama-3.3-70b-instruct-fp8-fast,xénophobie,exclusion,hardcase,xenophobie,0.8,,1201,1,,2026-08-20T19:30:08
rxa_1334,cloudflare,@cf/meta/llama-3.3-70b-instruct-fp8-fast,antisémitisme,haine_implicite,hardcase,antisemitisme,0.8,,698,1,,2026-08-20T19:30:12
rxa_0315,cloudflare,@cf/meta/llama-3.3-70b-instruct-fp8-fast,racisme,haine_explicite,tri_manuel,racisme,0.9,,677,1,,2026-08-20T19:30:16
rxa_1474,cloudflare,@cf/meta/llama-3.3-70b-instruct-fp8-fast,racisme,ambigu,generation_complement,xenophobie,0.8,,851,1,,2026-08-20T19:30:20
rxa_1369,cloudflare,@cf/meta/llama-3.3-70b-instruct-fp8-fast,antisémitisme,ambigu,hardcase,xenophobie,0.0,,979,1,,2026-08-20T19:30:25
rxa_0439,cloudflare,@cf/meta/llama-3.3-70b-instruct-fp8-fast,racisme,haine_explicite,generation_originale,xenophobie,0.8,,620,1,,2026-08-20T19:30:29
rxa_0318,cloudflare,@cf/meta/llama-3.3-70b-instruct-fp8-fast,xénophobie,sarcasme,tri_manuel,xenophobie,0.9,,683,1,,2026-08-20T19:30:33
rxa_0897,cloudflare,@cf/meta/llama-3.3-70b-instruct-fp8-fast,xénophobie,ambigu,hardcase,xenophobie,0.8,,859,1,,2026-08-20T19:30:37
rxa_0243,cloudflare,@cf/meta/llama-3.3-70b-instruct-fp8-fast,racisme,haine_explicite,tri_manuel,racisme,0.9,,801,1,,2026-08-20T19:30:41
rxa_0244,cloudflare,@cf/meta/llama-3.3-70b-instruct-fp8-fast,xénophobie,complotisme,tri_manuel,xenophobie,0.8,,738,1,,2026-08-20T19:30:45
rxa_0911,cloudflare,@cf/meta/llama-3.3-70b-instruct-fp8-fast,xénophobie,dog_whistle,hardcase,xenophobie,0.8,,614,1,,2026-08-20T19:30:49
rxa_0900,cloudflare,@cf/meta/llama-3.3-70b-instruct-fp8-fast,xénophobie,haine_implicite,hardcase,xenophobie,0.8,,1138,1,,2026-08-20T19:30:53
rxa_1064,cloudflare,@cf/meta/llama-3.3-70b-instruct-fp8-fast,antisémitisme,complotisme,transfert_racisme_antisemitisme,antisemitisme,0.9,,715,1,,2026-08-20T19:30:57
rxa_1336,cloudflare,@cf/meta/llama-3.3-70b-instruct-fp8-fast,antisémitisme,stereotype,hardcase,xenophobie,0.6,,1034,1,,2026-08-20T19:31:02
rxa_0973,cloudflare,@cf/meta/llama-3.3-70b-instruct-fp8-fast,antisémitisme,stereotype,transfert_racisme_antisemitisme,antisemitisme,0.8,,765,1,,2026-08-20T19:31:06
rxa_1055,cloudflare,@cf/meta/llama-3.3-70b-instruct-fp8-fast,antisémitisme,hostilite_religieuse,transfert_racisme_antisemitisme,antisemitisme,1.0,,550,1,,2026-08-20T19:31:09
rxa_1045,cloudflare,@cf/meta/llama-3.3-70b-instruct-fp8-fast,antisémitisme,exclusion,transfert_racisme_antisemitisme,antisemitisme,0.9,,670,1,,2026-08-20T19:31:13
rxa_0407,cloudflare,@cf/meta/llama-3.3-70b-instruct-fp8-fast,xénophobie,exclusion,tri_manuel,racisme,0.9,,1367,1,,2026-08-20T19:31:18
rxa_1463,cloudflare,@cf/meta/llama-3.3-70b-instruct-fp8-fast,racisme,sarcasme,generation_complement,xenophobie,0.2,,837,1,,2026-08-20T19:31:22
rxa_1157,cloudflare,@cf/meta/llama-3.3-70b-instruct-fp8-fast,antisémitisme,haine_explicite,generation_originale,antisemitisme,1.0,,1222,1,,2026-08-20T19:31:27
rxa_0684,cloudflare,@cf/meta/llama-3.3-70b-instruct-fp8-fast,xénophobie,haine_explicite,generation_originale,xenophobie,0.9,,750,1,,2026-08-20T19:31:31
rxa_1394,cloudflare,@cf/meta/llama-3.3-70b-instruct-fp8-fast,antisémitisme,stereotype,hardcase,antisemitisme,0.8,,792,1,,2026-08-20T19:31:35
rxa_0433,cloudflare,@cf/meta/llama-3.3-70b-instruct-fp8-fast,racisme,haine_explicite,generation_originale,racisme,0.9,,826,1,,2026-08-20T19:31:39
rxa_0790,cloudflare,@cf/meta/llama-3.3-70b-instruct-fp8-fast,xénophobie,sarcasme,generation_originale,xenophobie,0.9,,2187,1,,2026-08-22T17:03:06
rxa_0858,cloudflare,@cf/meta/llama-3.3-70b-instruct-fp8-fast,xénophobie,exclusion,hardcase,xenophobie,0.8,,914,1,,2026-08-22T17:03:10
rxa_0705,cloudflare,@cf/meta/llama-3.3-70b-instruct-fp8-fast,xénophobie,haine_explicite,generation_originale,xenophobie,0.9,,716,1,,2026-08-22T17:03:14
rxa_0138,cloudflare,@cf/meta/llama-3.3-70b-instruct-fp8-fast,racisme,stereotype,tri_manuel,racisme,0.8,,864,1,,2026-08-22T17:03:18
rxa_0469,cloudflare,@cf/meta/llama-3.3-70b-instruct-fp8-fast,racisme,haine_implicite,generation_originale,xenophobie,0.8,,924,1,,2026-08-22T17:03:22
rxa_1422,cloudflare,@cf/meta/llama-3.3-70b-instruct-fp8-fast,racisme,haine_explicite,generation_complement,racisme,0.9,,683,1,,2026-08-22T17:03:26
rxa_0474,cloudflare,@cf/meta/llama-3.3-70b-instruct-fp8-fast,racisme,haine_implicite,generation_originale,xenophobie,0.8,,853,1,,2026-08-22T17:03:30
rxa_0463,cloudflare,@cf/meta/llama-3.3-70b-instruct-fp8-fast,racisme,haine_implicite,generation_originale,racisme,0.8,,723,1,,2026-08-22T17:03:34
rxa_1167,cloudflare,@cf/meta/llama-3.3-70b-instruct-fp8-fast,antisémitisme,haine_explicite,generation_originale,antisemitisme,0.9,,1037,1,,2026-08-22T17:03:39
rxa_0548,cloudflare,@cf/meta/llama-3.3-70b-instruct-fp8-fast,xénophobie,haine_explicite,transfert_racisme_xenophobie,xenophobie,0.9,,616,1,,2026-08-22T17:03:43
rxa_0144,cloudflare,@cf/meta/llama-3.3-70b-instruct-fp8-fast,racisme,stereotype,tri_manuel,xenophobie,0.8,,1256,1,,2026-08-22T17:03:47
rxa_0116,cloudflare,@cf/meta/llama-3.3-70b-instruct-fp8-fast,racisme,exclusion,tri_manuel,xenophobie,0.8,,1113,1,,2026-08-22T17:03:52
rxa_0784,cloudflare,@cf/meta/llama-3.3-70b-instruct-fp8-fast,xénophobie,sarcasme,generation_originale,xenophobie,0.8,,624,1,,2026-08-22T17:03:56
rxa_0682,cloudflare,@cf/meta/llama-3.3-70b-instruct-fp8-fast,xénophobie,haine_explicite,generation_originale,xenophobie,0.9,,837,1,,2026-08-22T17:04:00
rxa_0020,cloudflare,@cf/meta/llama-3.3-70b-instruct-fp8-fast,racisme,stereotype,tri_manuel,xenophobie,0.8,,559,1,,2026-08-22T17:04:04
rxa_0829,cloudflare,@cf/meta/llama-3.3-70b-instruct-fp8-fast,xénophobie,ambigu,hardcase,xenophobie,0.2,,649,1,,2026-08-22T17:04:08
rxa_0683,cloudflare,@cf/meta/llama-3.3-70b-instruct-fp8-fast,xénophobie,haine_explicite,generation_originale,xenophobie,0.9,,587,1,,2026-08-22T17:04:11
rxa_1114,cloudflare,@cf/meta/llama-3.3-70b-instruct-fp8-fast,antisémitisme,stereotype,transfert_racisme_antisemitisme,antisemitisme,0.9,,636,1,,2026-08-22T17:04:15
rxa_0337,cloudflare,@cf/meta/llama-3.3-70b-instruct-fp8-fast,racisme,haine_explicite,tri_manuel,racisme,0.9,,465,1,,2026-08-22T17:04:19
rxa_0237,cloudflare,@cf/meta/llama-3.3-70b-instruct-fp8-fast,racisme,haine_explicite,tri_manuel,racisme,0.9,,1264,1,,2026-08-22T17:04:24
rxa_0859,cloudflare,@cf/meta/llama-3.3-70b-instruct-fp8-fast,xénophobie,exclusion,hardcase,xenophobie,0.8,,849,1,,2026-08-22T17:04:28
rxa_1460,cloudflare,@cf/meta/llama-3.3-70b-instruct-fp8-fast,racisme,sarcasme,generation_complement,xenophobie,0.8,,5081,1,,2026-08-22T17:04:36
rxa_0045,cloudflare,@cf/meta/llama-3.3-70b-instruct-fp8-fast,racisme,exclusion,tri_manuel,xenophobie,0.9,,4560,1,,2026-08-22T17:04:44
rxa_0692,cloudflare,@cf/meta/llama-3.3-70b-instruct-fp8-fast,xénophobie,haine_explicite,generation_originale,xenophobie,0.9,,597,1,,2026-08-22T17:04:48
rxa_0082,cloudflare,@cf/meta/llama-3.3-70b-instruct-fp8-fast,racisme,exclusion,tri_manuel,xenophobie,0.8,,834,1,,2026-08-22T17:04:52
rxa_1299,cloudflare,@cf/meta/llama-3.3-70b-instruct-fp8-fast,antisémitisme,haine_implicite,hardcase,antisemitisme,0.8,,682,1,,2026-08-22T17:04:56
rxa_0700,cloudflare,@cf/meta/llama-3.3-70b-instruct-fp8-fast,xénophobie,haine_explicite,generation_originale,xenophobie,0.9,,919,1,,2026-08-22T17:05:00
rxa_1106,cloudflare,@cf/meta/llama-3.3-70b-instruct-fp8-fast,antisémitisme,haine_explicite,transfert_racisme_antisemitisme,antisemitisme,0.9,,1555,1,,2026-08-22T17:05:05
rxa_0751,cloudflare,@cf/meta/llama-3.3-70b-instruct-fp8-fast,xénophobie,haine_implicite,generation_originale,xenophobie,0.8,,677,1,,2026-08-22T17:05:09
rxa_0899,cloudflare,@cf/meta/llama-3.3-70b-instruct-fp8-fast,xénophobie,haine_implicite,hardcase,xenophobie,0.8,,1015,1,,2026-08-22T17:05:14
rxa_0489,cloudflare,@cf/meta/llama-3.3-70b-instruct-fp8-fast,racisme,stereotype,generation_originale,xenophobie,0.8,,2374,1,,2026-08-22T17:05:19
rxa_1026,cloudflare,@cf/meta/llama-3.3-70b-instruct-fp8-fast,antisémitisme,complotisme,transfert_racisme_antisemitisme,antisemitisme,0.9,,2412,1,,2026-08-22T17:05:25
rxa_0051,cloudflare,@cf/meta/llama-3.3-70b-instruct-fp8-fast,racisme,haine_explicite,tri_manuel,xenophobie,0.8,,672,1,,2026-08-22T17:05:29
rxa_0129,cloudflare,@cf/meta/llama-3.3-70b-instruct-fp8-fast,racisme,stereotype,tri_manuel,xenophobie,0.8,,538,1,,2026-08-22T17:05:33
rxa_1350,cloudflare,@cf/meta/llama-3.3-70b-instruct-fp8-fast,antisémitisme,haine_implicite,hardcase,xenophobie,0.8,,815,1,,2026-08-22T17:05:37
rxa_0086,cloudflare,@cf/meta/llama-3.3-70b-instruct-fp8-fast,racisme,haine_explicite,tri_manuel,xenophobie,0.8,,624,1,,2026-08-22T17:05:41
rxa_0380,cloudflare,@cf/meta/llama-3.3-70b-instruct-fp8-fast,racisme,haine_explicite,tri_manuel,xenophobie,0.8,,1184,1,,2026-08-22T17:05:45
rxa_0187,cloudflare,@cf/meta/llama-3.3-70b-instruct-fp8-fast,xénophobie,dog_whistle,tri_manuel,xenophobie,0.8,,624,1,,2026-08-22T17:05:49
rxa_0192,cloudflare,@cf/meta/llama-3.3-70b-instruct-fp8-fast,xénophobie,hostilite_religieuse,tri_manuel,xenophobie,0.8,,612,1,,2026-08-22T17:05:53
rxa_0985,cloudflare,@cf/meta/llama-3.3-70b-instruct-fp8-fast,antisémitisme,stereotype,transfert_racisme_antisemitisme,antisemitisme,0.9,,526,1,,2026-08-22T17:05:57
rxa_0356,cloudflare,@cf/meta/llama-3.3-70b-instruct-fp8-fast,xénophobie,dog_whistle,tri_manuel,xenophobie,0.9,,784,1,,2026-08-22T17:06:01
rxa_0639,cloudflare,@cf/meta/llama-3.3-70b-instruct-fp8-fast,xénophobie,dog_whistle,transfert_racisme_xenophobie,xenophobie,0.8,,593,1,,2026-08-22T17:06:05
rxa_0001,cloudflare,@cf/meta/llama-3.3-70b-instruct-fp8-fast,racisme,stereotype,tri_manuel,xenophobie,0.8,,798,1,,2026-08-22T17:06:09
rxa_1143,cloudflare,@cf/meta/llama-3.3-70b-instruct-fp8-fast,antisémitisme,haine_explicite,transfert_racisme_antisemitisme,antisemitisme,1.0,,524,1,,2026-08-22T17:06:13
rxa_1003,cloudflare,@cf/meta/llama-3.3-70b-instruct-fp8-fast,antisémitisme,haine_explicite,transfert_racisme_antisemitisme,antisemitisme,0.9,,1814,1,,2026-08-22T17:06:18
rxa_1092,cloudflare,@cf/meta/llama-3.3-70b-instruct-fp8-fast,antisémitisme,haine_explicite,transfert_racisme_antisemitisme,antisemitisme,1.0,,1493,1,,2026-08-22T17:06:23
rxa_1450,cloudflare,@cf/meta/llama-3.3-70b-instruct-fp8-fast,racisme,stereotype,generation_complement,xenophobie,0.8,,1212,1,,2026-08-22T17:06:27
rxa_0175,cloudflare,@cf/meta/llama-3.3-70b-instruct-fp8-fast,racisme,haine_explicite,tri_manuel,racisme,0.9,,537,1,,2026-08-22T17:06:31
rxa_1465,cloudflare,@cf/meta/llama-3.3-70b-instruct-fp8-fast,racisme,dog_whistle,generation_complement,xenophobie,0.9,,597,1,,2026-08-22T17:06:35
rxa_1401,cloudflare,@cf/meta/llama-3.3-70b-instruct-fp8-fast,antisémitisme,ambigu,hardcase,xenophobie,0.6,,707,1,,2026-08-22T17:06:39
rxa_1222,cloudflare,@cf/meta/llama-3.3-70b-instruct-fp8-fast,antisémitisme,haine_implicite,generation_originale,xenophobie,0.8,,746,1,,2026-08-22T17:06:43
rxa_1285,cloudflare,@cf/meta/llama-3.3-70b-instruct-fp8-fast,antisémitisme,dog_whistle,generation_originale,xenophobie,0.8,,861,1,,2026-08-22T17:06:47
rxa_0026,cloudflare,@cf/meta/llama-3.3-70b-instruct-fp8-fast,racisme,haine_explicite,tri_manuel,xenophobie,0.8,,1285,1,,2026-08-22T17:06:52
rxa_0472,cloudflare,@cf/meta/llama-3.3-70b-instruct-fp8-fast,racisme,haine_implicite,generation_originale,xenophobie,0.6,,1109,1,,2026-08-22T17:06:56
rxa_0868,cloudflare,@cf/meta/llama-3.3-70b-instruct-fp8-fast,xénophobie,exclusion,hardcase,xenophobie,0.8,,1185,1,,2026-08-22T17:07:01
rxa_1456,cloudflare,@cf/meta/llama-3.3-70b-instruct-fp8-fast,racisme,sarcasme,generation_complement,xenophobie,0.8,,609,1,,2026-08-22T17:07:05
rxa_1152,cloudflare,@cf/meta/llama-3.3-70b-instruct-fp8-fast,antisémitisme,haine_explicite,generation_originale,antisemitisme,1.0,,419,1,,2026-08-22T17:07:09
rxa_0080,cloudflare,@cf/meta/llama-3.3-70b-instruct-fp8-fast,racisme,dog_whistle,tri_manuel,xenophobie,0.8,,5910,1,,2026-08-22T17:07:18
rxa_0140,cloudflare,@cf/meta/llama-3.3-70b-instruct-fp8-fast,racisme,stereotype,tri_manuel,xenophobie,0.8,,688,1,,2026-08-22T17:07:22
rxa_0134,cloudflare,@cf/meta/llama-3.3-70b-instruct-fp8-fast,racisme,haine_implicite,tri_manuel,xenophobie,0.8,,1235,1,,2026-08-22T17:07:26
rxa_1391,cloudflare,@cf/meta/llama-3.3-70b-instruct-fp8-fast,antisémitisme,dog_whistle,hardcase,antisemitisme,0.8,,648,1,,2026-08-22T17:07:30
rxa_0263,cloudflare,@cf/meta/llama-3.3-70b-instruct-fp8-fast,racisme,haine_implicite,tri_manuel,racisme,0.9,,705,1,,2026-08-22T17:07:34
rxa_0435,cloudflare,@cf/meta/llama-3.3-70b-instruct-fp8-fast,racisme,haine_explicite,generation_originale,racisme,0.8,,497,1,,2026-08-22T17:07:38
rxa_0222,cloudflare,@cf/meta/llama-3.3-70b-instruct-fp8-fast,racisme,haine_explicite,tri_manuel,xenophobie,0.8,,607,1,,2026-08-22T17:07:42
rxa_1411,cloudflare,@cf/meta/llama-3.3-70b-instruct-fp8-fast,antisémitisme,haine_implicite,hardcase,xenophobie,0.2,,629,1,,2026-08-22T17:07:46
rxa_0591,cloudflare,@cf/meta/llama-3.3-70b-instruct-fp8-fast,xénophobie,haine_implicite,transfert_racisme_xenophobie,xenophobie,0.8,,642,1,,2026-08-22T17:07:50
rxa_0988,cloudflare,@cf/meta/llama-3.3-70b-instruct-fp8-fast,antisémitisme,complotisme,transfert_racisme_antisemitisme,antisemitisme,0.8,,718,1,,2026-08-22T17:07:54
rxa_0722,cloudflare,@cf/meta/llama-3.3-70b-instruct-fp8-fast,xénophobie,haine_implicite,generation_originale,xenophobie,0.8,,596,1,,2026-08-22T17:07:58
rxa_1237,cloudflare,@cf/meta/llama-3.3-70b-instruct-fp8-fast,antisémitisme,stereotype,generation_originale,xenophobie,0.8,,779,1,,2026-08-22T17:08:02
rxa_1095,cloudflare,@cf/meta/llama-3.3-70b-instruct-fp8-fast,antisémitisme,haine_explicite,transfert_racisme_antisemitisme,antisemitisme,0.9,,1082,1,,2026-08-22T17:08:06
rxa_1000,cloudflare,@cf/meta/llama-3.3-70b-instruct-fp8-fast,antisémitisme,hostilite_religieuse,transfert_racisme_antisemitisme,antisemitisme,0.8,,536,1,,2026-08-22T17:08:10
rxa_0662,cloudflare,@cf/meta/llama-3.3-70b-instruct-fp8-fast,xénophobie,ambigu,transfert_racisme_xenophobie,xenophobie,0.8,,741,1,,2026-08-22T17:08:14
rxa_1183,cloudflare,@cf/meta/llama-3.3-70b-instruct-fp8-fast,antisémitisme,haine_explicite,generation_originale,antisemitisme,1.0,,681,1,,2026-08-22T17:08:18
rxa_1275,cloudflare,@cf/meta/llama-3.3-70b-instruct-fp8-fast,antisémitisme,dog_whistle,generation_originale,antisemitisme,0.8,,624,1,,2026-08-22T17:08:22
rxa_1277,cloudflare,@cf/meta/llama-3.3-70b-instruct-fp8-fast,antisémitisme,dog_whistle,generation_originale,xenophobie,0.8,,1022,1,,2026-08-22T17:08:27
rxa_0483,cloudflare,@cf/meta/llama-3.3-70b-instruct-fp8-fast,racisme,stereotype,generation_originale,racisme,0.8,,603,1,,2026-08-22T17:08:30
rxa_0125,cloudflare,@cf/meta/llama-3.3-70b-instruct-fp8-fast,racisme,haine_implicite,tri_manuel,xenophobie,0.8,,1564,1,,2026-08-22T17:08:35
rxa_0673,cloudflare,@cf/meta/llama-3.3-70b-instruct-fp8-fast,xénophobie,haine_explicite,generation_originale,xenophobie,0.9,,680,1,,2026-08-22T17:08:39
rxa_0143,cloudflare,@cf/meta/llama-3.3-70b-instruct-fp8-fast,racisme,stereotype,tri_manuel,xenophobie,0.8,,1017,1,,2026-08-22T17:08:44
rxa_1253,cloudflare,@cf/meta/llama-3.3-70b-instruct-fp8-fast,antisémitisme,stereotype,generation_originale,xenophobie,0.6,,655,1,,2026-08-22T17:08:48
rxa_0180,cloudflare,@cf/meta/llama-3.3-70b-instruct-fp8-fast,racisme,haine_explicite,tri_manuel,racisme,0.9,,965,1,,2026-08-22T17:08:52
rxa_0693,cloudflare,@cf/meta/llama-3.3-70b-instruct-fp8-fast,xénophobie,haine_explicite,generation_originale,xenophobie,0.9,,1323,1,,2026-08-22T17:08:57
rxa_0866,cloudflare,@cf/meta/llama-3.3-70b-instruct-fp8-fast,xénophobie,exclusion,hardcase,racisme,0.8,,445,1,,2026-08-22T17:09:00
rxa_0728,cloudflare,@cf/meta/llama-3.3-70b-instruct-fp8-fast,xénophobie,haine_implicite,generation_originale,xenophobie,0.8,,674,1,,2026-08-22T17:09:04
rxa_1062,cloudflare,@cf/meta/llama-3.3-70b-instruct-fp8-fast,antisémitisme,complotisme,transfert_racisme_antisemitisme,antisemitisme,1.0,,627,1,,2026-08-22T17:09:08
rxa_0993,cloudflare,@cf/meta/llama-3.3-70b-instruct-fp8-fast,antisémitisme,stereotype,transfert_racisme_antisemitisme,antisemitisme,0.8,,493,1,,2026-08-22T17:09:12
rxa_0651,cloudflare,@cf/meta/llama-3.3-70b-instruct-fp8-fast,xénophobie,dog_whistle,transfert_racisme_xenophobie,xenophobie,0.8,,635,1,,2026-08-22T17:09:16
rxa_0580,cloudflare,@cf/meta/llama-3.3-70b-instruct-fp8-fast,xénophobie,haine_implicite,transfert_racisme_xenophobie,xenophobie,0.8,,701,1,,2026-08-22T17:09:20
rxa_0146,cloudflare,@cf/meta/llama-3.3-70b-instruct-fp8-fast,racisme,stereotype,tri_manuel,xenophobie,0.8,,739,1,,2026-08-22T17:09:24
rxa_1107,cloudflare,@cf/meta/llama-3.3-70b-instruct-fp8-fast,antisémitisme,haine_explicite,transfert_racisme_antisemitisme,antisemitisme,1.0,,1051,1,,2026-08-22T17:09:28
rxa_1084,cloudflare,@cf/meta/llama-3.3-70b-instruct-fp8-fast,antisémitisme,haine_explicite,transfert_racisme_antisemitisme,antisemitisme,1.0,,532,1,,2026-08-22T17:09:32
rxa_0365,cloudflare,@cf/meta/llama-3.3-70b-instruct-fp8-fast,racisme,haine_explicite,tri_manuel,racisme,0.9,,562,1,,2026-08-22T17:09:36
rxa_0647,cloudflare,@cf/meta/llama-3.3-70b-instruct-fp8-fast,xénophobie,dog_whistle,transfert_racisme_xenophobie,xenophobie,0.9,,721,1,,2026-08-22T17:09:40
rxa_0378,cloudflare,@cf/meta/llama-3.3-70b-instruct-fp8-fast,antisémitisme,haine_explicite,tri_manuel,antisemitisme,1.0,,529,1,,2026-08-22T17:09:44
rxa_0636,cloudflare,@cf/meta/llama-3.3-70b-instruct-fp8-fast,xénophobie,dog_whistle,transfert_racisme_xenophobie,xenophobie,0.8,,807,1,,2026-08-22T17:09:48
rxa_0742,cloudflare,@cf/meta/llama-3.3-70b-instruct-fp8-fast,xénophobie,haine_implicite,generation_originale,xenophobie,0.8,,716,1,,2026-08-22T17:09:52
rxa_1271,cloudflare,@cf/meta/llama-3.3-70b-instruct-fp8-fast,antisémitisme,sarcasme,generation_originale,xenophobie,0.2,,735,1,,2026-08-22T17:09:56
rxa_0581,cloudflare,@cf/meta/llama-3.3-70b-instruct-fp8-fast,xénophobie,haine_implicite,transfert_racisme_xenophobie,xenophobie,0.8,,636,1,,2026-08-22T17:10:00
rxa_1467,cloudflare,@cf/meta/llama-3.3-70b-instruct-fp8-fast,racisme,dog_whistle,generation_complement,xenophobie,0.8,,630,1,,2026-08-22T17:10:04
rxa_0501,cloudflare,@cf/meta/llama-3.3-70b-instruct-fp8-fast,racisme,stereotype,generation_originale,xenophobie,0.8,,889,1,,2026-08-22T17:10:08
rxa_0048,cloudflare,@cf/meta/llama-3.3-70b-instruct-fp8-fast,racisme,stereotype,tri_manuel,xenophobie,0.8,,2472,1,,2026-08-22T17:10:14
rxa_1185,cloudflare,@cf/meta/llama-3.3-70b-instruct-fp8-fast,antisémitisme,haine_explicite,generation_originale,antisemitisme,1.0,,1618,1,,2026-08-22T17:10:19
rxa_0537,cloudflare,@cf/meta/llama-3.3-70b-instruct-fp8-fast,xénophobie,haine_explicite,transfert_racisme_xenophobie,xenophobie,0.8,,810,1,,2026-08-22T17:10:23
rxa_1435,cloudflare,@cf/meta/llama-3.3-70b-instruct-fp8-fast,racisme,haine_implicite,generation_complement,xenophobie,0.8,,545,1,,2026-08-22T17:10:27
rxa_1482,cloudflare,@cf/meta/llama-3.3-70b-instruct-fp8-fast,xénophobie,haine_explicite,generation_complement,xenophobie,0.9,,1801,1,,2026-08-22T17:10:32
rxa_0643,cloudflare,@cf/meta/llama-3.3-70b-instruct-fp8-fast,xénophobie,dog_whistle,transfert_racisme_xenophobie,xenophobie,0.9,,655,1,,2026-08-22T17:10:36
rxa_1050,cloudflare,@cf/meta/llama-3.3-70b-instruct-fp8-fast,antisémitisme,stereotype,transfert_racisme_antisemitisme,antisemitisme,1.0,,1035,1,,2026-08-22T17:10:40
rxa_0923,cloudflare,@cf/meta/llama-3.3-70b-instruct-fp8-fast,xénophobie,sarcasme,hardcase,racisme,0.8,,619,1,,2026-08-22T17:10:44
rxa_0612,cloudflare,@cf/meta/llama-3.3-70b-instruct-fp8-fast,xénophobie,exclusion,transfert_racisme_xenophobie,xenophobie,0.8,,972,1,,2026-08-22T17:10:49
rxa_1165,cloudflare,@cf/meta/llama-3.3-70b-instruct-fp8-fast,antisémitisme,haine_explicite,generation_originale,antisemitisme,1.0,,726,1,,2026-08-22T17:10:53
rxa_0283,cloudflare,@cf/meta/llama-3.3-70b-instruct-fp8-fast,xénophobie,exclusion,tri_manuel,xenophobie,1.0,,550,1,,2026-08-22T17:10:56
rxa_0761,cloudflare,@cf/meta/llama-3.3-70b-instruct-fp8-fast,xénophobie,stereotype,generation_originale,xenophobie,0.8,,728,1,,2026-08-22T17:11:01
rxa_0171,cloudflare,@cf/meta/llama-3.3-70b-instruct-fp8-fast,racisme,haine_explicite,tri_manuel,racisme,0.9,,1058,1,,2026-08-22T17:11:05
rxa_1179,cloudflare,@cf/meta/llama-3.3-70b-instruct-fp8-fast,antisémitisme,haine_explicite,generation_originale,antisemitisme,1.0,,856,1,,2026-08-22T17:11:09
rxa_0602,cloudflare,@cf/meta/llama-3.3-70b-instruct-fp8-fast,xénophobie,exclusion,transfert_racisme_xenophobie,xenophobie,0.9,,614,1,,2026-08-22T17:11:13
rxa_0214,cloudflare,@cf/meta/llama-3.3-70b-instruct-fp8-fast,antisémitisme,haine_explicite,tri_manuel,antisemitisme,1.0,,656,1,,2026-08-22T17:11:17
rxa_0354,cloudflare,@cf/meta/llama-3.3-70b-instruct-fp8-fast,racisme,haine_explicite,tri_manuel,racisme,0.9,,529,1,,2026-08-22T17:11:21
rxa_0060,cloudflare,@cf/meta/llama-3.3-70b-instruct-fp8-fast,racisme,stereotype,tri_manuel,xenophobie,0.8,,565,1,,2026-08-22T17:11:25
rxa_1368,cloudflare,@cf/meta/llama-3.3-70b-instruct-fp8-fast,antisémitisme,stereotype,hardcase,racisme,0.8,,1878,1,,2026-08-22T17:11:30
rxa_0744,cloudflare,@cf/meta/llama-3.3-70b-instruct-fp8-fast,xénophobie,haine_implicite,generation_originale,xenophobie,0.6,,592,1,,2026-08-22T17:11:34
rxa_0343,cloudflare,@cf/meta/llama-3.3-70b-instruct-fp8-fast,racisme,haine_explicite,tri_manuel,racisme,0.9,,401,1,,2026-08-22T17:11:38
rxa_0230,cloudflare,@cf/meta/llama-3.3-70b-instruct-fp8-fast,xénophobie,dog_whistle,tri_manuel,xenophobie,0.8,,606,1,,2026-08-22T17:11:41
rxa_0083,cloudflare,@cf/meta/llama-3.3-70b-instruct-fp8-fast,racisme,exclusion,tri_manuel,xenophobie,0.8,,678,1,,2026-08-22T17:11:45
rxa_0150,cloudflare,@cf/meta/llama-3.3-70b-instruct-fp8-fast,racisme,hostilite_religieuse,tri_manuel,xenophobie,0.8,,800,1,,2026-08-22T17:11:50
rxa_0717,cloudflare,@cf/meta/llama-3.3-70b-instruct-fp8-fast,xénophobie,haine_implicite,generation_originale,xenophobie,0.8,,818,1,,2026-08-22T17:11:54
rxa_0671,cloudflare,@cf/meta/llama-3.3-70b-instruct-fp8-fast,xénophobie,haine_explicite,generation_originale,xenophobie,1.0,,771,1,,2026-08-22T17:11:58
rxa_0884,cloudflare,@cf/meta/llama-3.3-70b-instruct-fp8-fast,xénophobie,ambigu,hardcase,xenophobie,0.8,,676,1,,2026-08-22T17:12:02
rxa_1425,cloudflare,@cf/meta/llama-3.3-70b-instruct-fp8-fast,racisme,haine_explicite,generation_complement,xenophobie,0.9,,1179,1,,2026-08-22T17:12:06
rxa_0304,cloudflare,@cf/meta/llama-3.3-70b-instruct-fp8-fast,racisme,haine_explicite,tri_manuel,xenophobie,0.8,,560,1,,2026-08-22T17:12:10
rxa_1273,cloudflare,@cf/meta/llama-3.3-70b-instruct-fp8-fast,antisémitisme,dog_whistle,generation_originale,xenophobie,0.8,,2206,1,,2026-08-22T17:12:16
rxa_0719,cloudflare,@cf/meta/llama-3.3-70b-instruct-fp8-fast,xénophobie,haine_implicite,generation_originale,xenophobie,0.8,,868,1,,2026-08-22T17:12:20
rxa_0282,cloudflare,@cf/meta/llama-3.3-70b-instruct-fp8-fast,racisme,haine_explicite,tri_manuel,xenophobie,0.8,,1003,1,,2026-08-22T17:12:24
rxa_1153,cloudflare,@cf/meta/llama-3.3-70b-instruct-fp8-fast,antisémitisme,haine_explicite,generation_originale,antisemitisme,1.0,,660,1,,2026-08-22T17:12:28
rxa_1398,cloudflare,@cf/meta/llama-3.3-70b-instruct-fp8-fast,antisémitisme,haine_implicite,hardcase,antisemitisme,0.8,,583,1,,2026-08-22T17:12:32
rxa_1175,cloudflare,@cf/meta/llama-3.3-70b-instruct-fp8-fast,antisémitisme,haine_explicite,generation_originale,antisemitisme,1.0,,720,1,,2026-08-22T17:12:36
rxa_1354,cloudflare,@cf/meta/llama-3.3-70b-instruct-fp8-fast,antisémitisme,haine_implicite,hardcase,xenophobie,0.6,,972,1,,2026-08-22T17:12:40
rxa_1126,cloudflare,@cf/meta/llama-3.3-70b-instruct-fp8-fast,antisémitisme,complotisme,transfert_racisme_antisemitisme,antisemitisme,1.0,,574,1,,2026-08-22T17:12:44
rxa_1119,cloudflare,@cf/meta/llama-3.3-70b-instruct-fp8-fast,antisémitisme,haine_implicite,transfert_racisme_antisemitisme,antisemitisme,0.9,,464,1,,2026-08-22T17:12:48
rxa_1307,cloudflare,@cf/meta/llama-3.3-70b-instruct-fp8-fast,antisémitisme,stereotype,hardcase,antisemitisme,0.8,,712,1,,2026-08-22T17:12:52
rxa_1224,cloudflare,@cf/meta/llama-3.3-70b-instruct-fp8-fast,antisémitisme,haine_implicite,generation_originale,xenophobie,0.2,,516,1,,2026-08-22T17:12:56
rxa_1304,cloudflare,@cf/meta/llama-3.3-70b-instruct-fp8-fast,antisémitisme,haine_implicite,hardcase,antisemitisme,0.8,,1221,1,,2026-08-22T17:13:00
rxa_0152,cloudflare,@cf/meta/llama-3.3-70b-instruct-fp8-fast,xénophobie,exclusion,tri_manuel,xenophobie,0.8,,1128,1,,2026-08-22T17:13:05
rxa_0678,cloudflare,@cf/meta/llama-3.3-70b-instruct-fp8-fast,xénophobie,haine_explicite,generation_originale,xenophobie,0.9,,2786,1,,2026-08-22T17:13:11
rxa_0030,cloudflare,@cf/meta/llama-3.3-70b-instruct-fp8-fast,racisme,stereotype,tri_manuel,xenophobie,0.8,,1248,1,,2026-08-22T17:13:15
rxa_1063,cloudflare,@cf/meta/llama-3.3-70b-instruct-fp8-fast,antisémitisme,complotisme,transfert_racisme_antisemitisme,antisemitisme,0.9,,789,1,,2026-08-22T17:13:20
rxa_1174,cloudflare,@cf/meta/llama-3.3-70b-instruct-fp8-fast,antisémitisme,haine_explicite,generation_originale,antisemitisme,1.0,,600,1,,2026-08-22T17:13:23
rxa_0676,cloudflare,@cf/meta/llama-3.3-70b-instruct-fp8-fast,xénophobie,haine_explicite,generation_originale,xenophobie,0.9,,480,1,,2026-08-22T17:13:27
rxa_0352,cloudflare,@cf/meta/llama-3.3-70b-instruct-fp8-fast,racisme,haine_explicite,tri_manuel,racisme,0.9,,730,1,,2026-08-22T17:13:31
rxa_0557,cloudflare,@cf/meta/llama-3.3-70b-instruct-fp8-fast,xénophobie,haine_explicite,transfert_racisme_xenophobie,xenophobie,0.9,,771,1,,2026-08-22T17:13:35
rxa_0127,cloudflare,@cf/meta/llama-3.3-70b-instruct-fp8-fast,xénophobie,dog_whistle,tri_manuel,xenophobie,0.8,,784,1,,2026-08-22T17:13:39
rxa_0400,cloudflare,@cf/meta/llama-3.3-70b-instruct-fp8-fast,racisme,haine_explicite,tri_manuel,xenophobie,0.8,,601,1,,2026-08-22T17:13:43
rxa_0021,cloudflare,@cf/meta/llama-3.3-70b-instruct-fp8-fast,racisme,stereotype,tri_manuel,xenophobie,0.8,,597,1,,2026-08-22T17:13:47
rxa_0958,cloudflare,@cf/meta/llama-3.3-70b-instruct-fp8-fast,antisémitisme,stereotype,transfert_racisme_antisemitisme,antisemitisme,0.9,,2790,1,,2026-08-22T17:13:53
rxa_0436,cloudflare,@cf/meta/llama-3.3-70b-instruct-fp8-fast,racisme,haine_explicite,generation_originale,xenophobie,0.8,,1723,1,,2026-08-22T17:13:58
rxa_0657,cloudflare,@cf/meta/llama-3.3-70b-instruct-fp8-fast,xénophobie,ambigu,transfert_racisme_xenophobie,xenophobie,0.8,,673,1,,2026-08-22T17:14:02
rxa_0972,cloudflare,@cf/meta/llama-3.3-70b-instruct-fp8-fast,antisémitisme,stereotype,transfert_racisme_antisemitisme,antisemitisme,0.9,,779,1,,2026-08-22T17:14:06
rxa_0711,cloudflare,@cf/meta/llama-3.3-70b-instruct-fp8-fast,xénophobie,haine_explicite,generation_originale,xenophobie,0.9,,5511,1,,2026-08-22T17:14:15
rxa_0111,cloudflare,@cf/meta/llama-3.3-70b-instruct-fp8-fast,racisme,stereotype,tri_manuel,xenophobie,0.8,,599,1,,2026-08-22T17:14:19
rxa_0471,cloudflare,@cf/meta/llama-3.3-70b-instruct-fp8-fast,racisme,haine_implicite,generation_originale,xenophobie,0.8,,871,1,,2026-08-22T17:14:23
rxa_0552,cloudflare,@cf/meta/llama-3.3-70b-instruct-fp8-fast,xénophobie,haine_explicite,transfert_racisme_xenophobie,xenophobie,0.9,,832,1,,2026-08-22T17:14:28
rxa_0036,cloudflare,@cf/meta/llama-3.3-70b-instruct-fp8-fast,racisme,stereotype,tri_manuel,xenophobie,0.8,,830,1,,2026-08-22T17:14:32
rxa_0012,cloudflare,@cf/meta/llama-3.3-70b-instruct-fp8-fast,racisme,hostilite_religieuse,tri_manuel,xenophobie,0.8,,599,1,,2026-08-22T17:14:36
rxa_0803,cloudflare,@cf/meta/llama-3.3-70b-instruct-fp8-fast,xénophobie,dog_whistle,generation_originale,xenophobie,0.8,,574,1,,2026-08-22T17:14:39
rxa_1433,cloudflare,@cf/meta/llama-3.3-70b-instruct-fp8-fast,racisme,haine_implicite,generation_complement,xenophobie,0.8,,588,1,,2026-08-22T17:14:43
rxa_1249,cloudflare,@cf/meta/llama-3.3-70b-instruct-fp8-fast,antisémitisme,stereotype,generation_originale,racisme,0.6,,699,1,,2026-08-22T17:14:47
rxa_1487,cloudflare,@cf/meta/llama-3.3-70b-instruct-fp8-fast,xénophobie,haine_implicite,generation_complement,xenophobie,0.8,,733,1,,2026-08-22T17:14:51
rxa_0835,cloudflare,@cf/meta/llama-3.3-70b-instruct-fp8-fast,xénophobie,haine_implicite,hardcase,xenophobie,0.8,,1219,1,,2026-08-22T17:14:56
rxa_0626,cloudflare,@cf/meta/llama-3.3-70b-instruct-fp8-fast,xénophobie,sarcasme,transfert_racisme_xenophobie,xenophobie,0.8,,979,1,,2026-08-22T17:15:00
rxa_0338,cloudflare,@cf/meta/llama-3.3-70b-instruct-fp8-fast,xénophobie,exclusion,tri_manuel,xenophobie,0.9,,989,1,,2026-08-22T17:15:05
rxa_0381,cloudflare,@cf/meta/llama-3.3-70b-instruct-fp8-fast,racisme,haine_explicite,tri_manuel,racisme,0.9,,1042,1,,2026-08-22T17:15:09
rxa_1355,cloudflare,@cf/meta/llama-3.3-70b-instruct-fp8-fast,antisémitisme,sarcasme,hardcase,xenophobie,0.6,,2897,1,,2026-08-22T17:15:15
rxa_0879,cloudflare,@cf/meta/llama-3.3-70b-instruct-fp8-fast,xénophobie,haine_implicite,hardcase,xenophobie,0.8,,1721,1,,2026-08-22T17:15:20
rxa_1303,cloudflare,@cf/meta/llama-3.3-70b-instruct-fp8-fast,antisémitisme,stereotype,hardcase,xenophobie,0.8,,1119,1,,2026-08-22T17:15:25
rxa_0874,cloudflare,@cf/meta/llama-3.3-70b-instruct-fp8-fast,xénophobie,haine_implicite,hardcase,xenophobie,0.6,,591,1,,2026-08-22T17:15:28
rxa_0956,cloudflare,@cf/meta/llama-3.3-70b-instruct-fp8-fast,antisémitisme,stereotype,transfert_racisme_antisemitisme,antisemitisme,1.0,,583,1,,2026-08-22T17:15:32
rxa_0697,cloudflare,@cf/meta/llama-3.3-70b-instruct-fp8-fast,xénophobie,haine_explicite,generation_originale,xenophobie,0.9,,432,1,,2026-08-22T17:15:36
rxa_1446,cloudflare,@cf/meta/llama-3.3-70b-instruct-fp8-fast,racisme,stereotype,generation_complement,racisme,0.9,,1847,1,,2026-08-22T17:15:41
rxa_0023,cloudflare,@cf/meta/llama-3.3-70b-instruct-fp8-fast,racisme,stereotype,tri_manuel,xenophobie,0.8,,1516,1,,2026-08-22T17:15:46
rxa_0640,cloudflare,@cf/meta/llama-3.3-70b-instruct-fp8-fast,xénophobie,dog_whistle,transfert_racisme_xenophobie,xenophobie,0.8,,1409,1,,2026-08-22T17:15:51
rxa_0069,cloudflare,@cf/meta/llama-3.3-70b-instruct-fp8-fast,racisme,haine_explicite,tri_manuel,racisme,0.9,,708,1,,2026-08-22T17:15:55
rxa_0997,cloudflare,@cf/meta/llama-3.3-70b-instruct-fp8-fast,antisémitisme,complotisme,transfert_racisme_antisemitisme,antisemitisme,0.9,,747,1,,2026-08-22T17:15:59
rxa_1189,cloudflare,@cf/meta/llama-3.3-70b-instruct-fp8-fast,antisémitisme,haine_explicite,generation_originale,antisemitisme,1.0,,7826,1,,2026-08-22T17:16:10
rxa_1177,cloudflare,@cf/meta/llama-3.3-70b-instruct-fp8-fast,antisémitisme,haine_explicite,generation_originale,antisemitisme,0.9,,732,1,,2026-08-22T17:16:14
rxa_0804,cloudflare,@cf/meta/llama-3.3-70b-instruct-fp8-fast,xénophobie,dog_whistle,generation_originale,xenophobie,0.9,,677,1,,2026-08-22T17:16:18
rxa_1139,cloudflare,@cf/meta/llama-3.3-70b-instruct-fp8-fast,antisémitisme,haine_explicite,transfert_racisme_antisemitisme,antisemitisme,1.0,,1203,1,,2026-08-22T17:16:23
rxa_1265,cloudflare,@cf/meta/llama-3.3-70b-instruct-fp8-fast,antisémitisme,sarcasme,generation_originale,racisme,0.8,,670,1,,2026-08-22T17:16:27
rxa_0701,cloudflare,@cf/meta/llama-3.3-70b-instruct-fp8-fast,xénophobie,haine_explicite,generation_originale,xenophobie,0.9,,1016,1,,2026-08-22T17:16:31
rxa_0516,cloudflare,@cf/meta/llama-3.3-70b-instruct-fp8-fast,racisme,dog_whistle,generation_originale,xenophobie,0.8,,1037,1,,2026-08-22T17:16:35
rxa_0367,cloudflare,@cf/meta/llama-3.3-70b-instruct-fp8-fast,racisme,haine_explicite,tri_manuel,racisme,0.9,,1351,1,,2026-08-22T17:16:40
rxa_1454,cloudflare,@cf/meta/llama-3.3-70b-instruct-fp8-fast,racisme,stereotype,generation_complement,racisme,0.8,,696,1,,2026-08-22T17:16:44
rxa_1319,cloudflare,@cf/meta/llama-3.3-70b-instruct-fp8-fast,antisémitisme,stereotype,hardcase,antisemitisme,0.8,,1805,1,,2026-08-22T17:16:49
rxa_0235,cloudflare,@cf/meta/llama-3.3-70b-instruct-fp8-fast,antisémitisme,haine_explicite,tri_manuel,antisemitisme,0.8,,500,1,,2026-08-22T17:16:53
rxa_0514,cloudflare,@cf/meta/llama-3.3-70b-instruct-fp8-fast,racisme,dog_whistle,generation_originale,xenophobie,0.8,,1485,1,,2026-08-22T17:16:58
rxa_0933,cloudflare,@cf/meta/llama-3.3-70b-instruct-fp8-fast,xénophobie,haine_implicite,hardcase,xenophobie,0.2,,1180,1,,2026-08-22T17:17:02
rxa_0505,cloudflare,@cf/meta/llama-3.3-70b-instruct-fp8-fast,racisme,sarcasme,generation_originale,xenophobie,0.8,,954,1,,2026-08-22T17:17:06
rxa_1021,cloudflare,@cf/meta/llama-3.3-70b-instruct-fp8-fast,antisémitisme,haine_implicite,transfert_racisme_antisemitisme,antisemitisme,0.9,,556,1,,2026-08-22T17:17:10
rxa_1144,cloudflare,@cf/meta/llama-3.3-70b-instruct-fp8-fast,antisémitisme,haine_implicite,transfert_racisme_antisemitisme,antisemitisme,0.9,,675,1,,2026-08-22T17:17:14
rxa_0185,cloudflare,@cf/meta/llama-3.3-70b-instruct-fp8-fast,racisme,haine_explicite,tri_manuel,racisme,0.9,,1022,1,,2026-08-22T17:17:19
rxa_1030,cloudflare,@cf/meta/llama-3.3-70b-instruct-fp8-fast,antisémitisme,exclusion,transfert_racisme_antisemitisme,xenophobie,0.8,,690,1,,2026-08-22T17:17:23
rxa_0573,cloudflare,@cf/meta/llama-3.3-70b-instruct-fp8-fast,xénophobie,haine_implicite,transfert_racisme_xenophobie,xenophobie,0.8,,785,1,,2026-08-22T17:17:27
rxa_0473,cloudflare,@cf/meta/llama-3.3-70b-instruct-fp8-fast,racisme,haine_implicite,generation_originale,xenophobie,0.6,,600,1,,2026-08-22T17:17:31
rxa_0845,cloudflare,@cf/meta/llama-3.3-70b-instruct-fp8-fast,xénophobie,sarcasme,hardcase,xenophobie,0.8,,2634,1,,2026-08-22T17:17:36
rxa_0827,cloudflare,@cf/meta/llama-3.3-70b-instruct-fp8-fast,xénophobie,exclusion,hardcase,xenophobie,0.8,,622,1,,2026-08-22T17:17:40
rxa_0968,cloudflare,@cf/meta/llama-3.3-70b-instruct-fp8-fast,antisémitisme,hostilite_religieuse,transfert_racisme_antisemitisme,antisemitisme,0.9,,523,1,,2026-08-22T17:17:44
rxa_1200,cloudflare,@cf/meta/llama-3.3-70b-instruct-fp8-fast,antisémitisme,haine_implicite,generation_originale,antisemitisme,0.8,,994,1,,2026-08-22T17:17:49
rxa_1121,cloudflare,@cf/meta/llama-3.3-70b-instruct-fp8-fast,antisémitisme,haine_explicite,transfert_racisme_antisemitisme,antisemitisme,1.0,,9403,1,,2026-08-22T17:18:01
rxa_0492,cloudflare,@cf/meta/llama-3.3-70b-instruct-fp8-fast,racisme,stereotype,generation_originale,racisme,0.9,,562,1,,2026-08-22T17:18:05
rxa_0822,cloudflare,@cf/meta/llama-3.3-70b-instruct-fp8-fast,xénophobie,exclusion,hardcase,xenophobie,0.8,,1386,1,,2026-08-22T17:18:10
rxa_0954,cloudflare,@cf/meta/llama-3.3-70b-instruct-fp8-fast,xénophobie,haine_implicite,hardcase,xenophobie,0.6,,1027,1,,2026-08-22T17:18:14
rxa_0415,cloudflare,@cf/meta/llama-3.3-70b-instruct-fp8-fast,racisme,haine_explicite,generation_originale,xenophobie,0.8,,675,1,,2026-08-22T17:18:18
rxa_0043,cloudflare,@cf/meta/llama-3.3-70b-instruct-fp8-fast,racisme,haine_implicite,tri_manuel,xenophobie,0.8,,1340,1,,2026-08-22T17:18:23
rxa_0131,cloudflare,@cf/meta/llama-3.3-70b-instruct-fp8-fast,racisme,stereotype,tri_manuel,xenophobie,0.8,,1987,1,,2026-08-22T17:18:28
rxa_1159,cloudflare,@cf/meta/llama-3.3-70b-instruct-fp8-fast,antisémitisme,haine_explicite,generation_originale,antisemitisme,1.0,,1078,1,,2026-08-22T17:18:33
rxa_1348,cloudflare,@cf/meta/llama-3.3-70b-instruct-fp8-fast,antisémitisme,haine_implicite,hardcase,xenophobie,0.8,,646,1,,2026-08-22T17:18:36
rxa_1408,cloudflare,@cf/meta/llama-3.3-70b-instruct-fp8-fast,antisémitisme,sarcasme,hardcase,xenophobie,0.0,,1738,1,,2026-08-22T17:18:42
rxa_0715,cloudflare,@cf/meta/llama-3.3-70b-instruct-fp8-fast,xénophobie,haine_explicite,generation_originale,xenophobie,0.9,,714,1,,2026-08-22T17:18:46
rxa_0394,cloudflare,@cf/meta/llama-3.3-70b-instruct-fp8-fast,antisémitisme,haine_explicite,tri_manuel,antisemitisme,1.0,,1006,1,,2026-08-22T17:18:50
rxa_1387,cloudflare,@cf/meta/llama-3.3-70b-instruct-fp8-fast,antisémitisme,ambigu,hardcase,racisme,0.0,,513,1,,2026-08-22T17:18:54
rxa_0014,cloudflare,@cf/meta/llama-3.3-70b-instruct-fp8-fast,racisme,hostilite_religieuse,tri_manuel,xenophobie,0.8,,718,1,,2026-08-22T17:18:58
rxa_1337,cloudflare,@cf/meta/llama-3.3-70b-instruct-fp8-fast,antisémitisme,haine_implicite,hardcase,antisemitisme,0.8,,2979,1,,2026-08-22T17:19:04
rxa_1261,cloudflare,@cf/meta/llama-3.3-70b-instruct-fp8-fast,antisémitisme,sarcasme,generation_originale,racisme,0.8,,1613,1,,2026-08-22T17:19:09
rxa_1218,cloudflare,@cf/meta/llama-3.3-70b-instruct-fp8-fast,antisémitisme,haine_implicite,generation_originale,xenophobie,0.2,,651,1,,2026-08-22T17:19:13
rxa_0098,cloudflare,@cf/meta/llama-3.3-70b-instruct-fp8-fast,racisme,stereotype,tri_manuel,racisme,0.8,,764,1,,2026-08-22T17:19:17
rxa_1338,cloudflare,@cf/meta/llama-3.3-70b-instruct-fp8-fast,antisémitisme,ambigu,hardcase,xenophobie,0.0,,648,1,,2026-08-22T17:19:21
rxa_1193,cloudflare,@cf/meta/llama-3.3-70b-instruct-fp8-fast,antisémitisme,haine_implicite,generation_originale,antisemitisme,0.8,,507,1,,2026-08-22T17:19:25
rxa_0429,cloudflare,@cf/meta/llama-3.3-70b-instruct-fp8-fast,racisme,haine_explicite,generation_originale,xenophobie,0.9,,565,1,,2026-08-22T17:19:29
rxa_1297,cloudflare,@cf/meta/llama-3.3-70b-instruct-fp8-fast,antisémitisme,stereotype,hardcase,antisemitisme,0.8,,8478,1,,2026-08-22T17:19:40
rxa_1347,cloudflare,@cf/meta/llama-3.3-70b-instruct-fp8-fast,antisémitisme,ambigu,hardcase,xenophobie,0.0,,853,1,,2026-08-22T17:19:45
rxa_0231,cloudflare,@cf/meta/llama-3.3-70b-instruct-fp8-fast,racisme,haine_explicite,tri_manuel,racisme,0.9,,618,1,,2026-08-22T17:19:48
rxa_0814,cloudflare,@cf/meta/llama-3.3-70b-instruct-fp8-fast,xénophobie,ambigu,generation_originale,xenophobie,0.8,,602,1,,2026-08-22T17:19:52
rxa_0585,cloudflare,@cf/meta/llama-3.3-70b-instruct-fp8-fast,xénophobie,haine_implicite,transfert_racisme_xenophobie,xenophobie,0.9,,773,1,,2026-08-22T17:19:56
rxa_0917,cloudflare,@cf/meta/llama-3.3-70b-instruct-fp8-fast,xénophobie,sarcasme,hardcase,xenophobie,0.8,,610,1,,2026-08-22T17:20:00
rxa_0047,cloudflare,@cf/meta/llama-3.3-70b-instruct-fp8-fast,racisme,exclusion,tri_manuel,xenophobie,0.9,,867,1,,2026-08-22T17:20:05
rxa_0142,cloudflare,@cf/meta/llama-3.3-70b-instruct-fp8-fast,racisme,haine_explicite,tri_manuel,xenophobie,0.8,,2427,1,,2026-08-22T17:20:10
rxa_0174,cloudflare,@cf/meta/llama-3.3-70b-instruct-fp8-fast,racisme,haine_explicite,tri_manuel,racisme,0.9,,877,1,,2026-08-22T17:20:14
rxa_0278,cloudflare,@cf/meta/llama-3.3-70b-instruct-fp8-fast,racisme,haine_implicite,tri_manuel,xenophobie,0.8,,767,1,,2026-08-22T17:20:19
rxa_0563,cloudflare,@cf/meta/llama-3.3-70b-instruct-fp8-fast,xénophobie,haine_explicite,transfert_racisme_xenophobie,xenophobie,0.9,,683,1,,2026-08-22T17:20:23
rxa_1072,cloudflare,@cf/meta/llama-3.3-70b-instruct-fp8-fast,antisémitisme,stereotype,transfert_racisme_antisemitisme,antisemitisme,0.9,,731,1,,2026-08-22T17:20:27
rxa_1426,cloudflare,@cf/meta/llama-3.3-70b-instruct-fp8-fast,racisme,haine_explicite,generation_complement,xenophobie,0.9,,746,1,,2026-08-22T17:20:31
rxa_1164,cloudflare,@cf/meta/llama-3.3-70b-instruct-fp8-fast,antisémitisme,haine_explicite,generation_originale,antisemitisme,0.9,,736,1,,2026-08-22T17:20:35
rxa_0797,cloudflare,@cf/meta/llama-3.3-70b-instruct-fp8-fast,xénophobie,dog_whistle,generation_originale,xenophobie,0.8,,667,1,,2026-08-22T17:20:39
rxa_1284,cloudflare,@cf/meta/llama-3.3-70b-instruct-fp8-fast,antisémitisme,dog_whistle,generation_originale,xenophobie,0.8,,967,1,,2026-08-22T17:20:43
rxa_0091,cloudflare,@cf/meta/llama-3.3-70b-instruct-fp8-fast,xénophobie,haine_implicite,tri_manuel,xenophobie,0.9,,715,1,,2026-08-22T17:20:47
rxa_0549,cloudflare,@cf/meta/llama-3.3-70b-instruct-fp8-fast,xénophobie,haine_explicite,transfert_racisme_xenophobie,xenophobie,0.9,,708,1,,2026-08-22T17:20:51
rxa_0186,cloudflare,@cf/meta/llama-3.3-70b-instruct-fp8-fast,racisme,stereotype,tri_manuel,racisme,0.9,,496,1,,2026-08-22T17:20:55
rxa_0808,cloudflare,@cf/meta/llama-3.3-70b-instruct-fp8-fast,xénophobie,dog_whistle,generation_originale,xenophobie,0.8,,1124,1,,2026-08-22T17:20:59
rxa_1052,cloudflare,@cf/meta/llama-3.3-70b-instruct-fp8-fast,antisémitisme,stereotype,transfert_racisme_antisemitisme,antisemitisme,0.9,,725,1,,2026-08-22T17:21:03
rxa_0361,cloudflare,@cf/meta/llama-3.3-70b-instruct-fp8-fast,racisme,haine_explicite,tri_manuel,racisme,0.9,,883,1,,2026-08-22T17:21:07
rxa_1255,cloudflare,@cf/meta/llama-3.3-70b-instruct-fp8-fast,antisémitisme,stereotype,generation_originale,xenophobie,0.8,,653,1,,2026-08-22T17:21:11
rxa_1272,cloudflare,@cf/meta/llama-3.3-70b-instruct-fp8-fast,antisémitisme,dog_whistle,generation_originale,antisemitisme,0.8,,576,1,,2026-08-22T17:21:15
rxa_0656,cloudflare,@cf/meta/llama-3.3-70b-instruct-fp8-fast,xénophobie,ambigu,transfert_racisme_xenophobie,xenophobie,0.8,,579,1,,2026-08-22T17:21:19
rxa_1320,cloudflare,@cf/meta/llama-3.3-70b-instruct-fp8-fast,antisémitisme,haine_implicite,hardcase,xenophobie,0.6,,440,1,,2026-08-22T17:21:23
rxa_0053,cloudflare,@cf/meta/llama-3.3-70b-instruct-fp8-fast,racisme,stereotype,tri_manuel,xenophobie,0.8,,1376,1,,2026-08-22T17:21:28
rxa_0340,cloudflare,@cf/meta/llama-3.3-70b-instruct-fp8-fast,racisme,sarcasme,tri_manuel,xenophobie,0.8,,584,1,,2026-08-22T17:21:32
rxa_0716,cloudflare,@cf/meta/llama-3.3-70b-instruct-fp8-fast,xénophobie,haine_implicite,generation_originale,xenophobie,0.8,,490,1,,2026-08-22T17:21:35
rxa_0696,cloudflare,@cf/meta/llama-3.3-70b-instruct-fp8-fast,xénophobie,haine_explicite,generation_originale,xenophobie,0.9,,1346,1,,2026-08-22T17:21:40
rxa_1378,cloudflare,@cf/meta/llama-3.3-70b-instruct-fp8-fast,antisémitisme,ambigu,hardcase,racisme,0.2,,2742,1,,2026-08-22T17:21:46
rxa_1485,cloudflare,@cf/meta/llama-3.3-70b-instruct-fp8-fast,xénophobie,haine_explicite,generation_complement,xenophobie,0.9,,746,1,,2026-08-22T17:21:50
rxa_0293,cloudflare,@cf/meta/llama-3.3-70b-instruct-fp8-fast,racisme,haine_implicite,tri_manuel,racisme,0.9,,781,1,,2026-08-22T17:21:54
rxa_0713,cloudflare,@cf/meta/llama-3.3-70b-instruct-fp8-fast,xénophobie,haine_explicite,generation_originale,xenophobie,0.9,,946,1,,2026-08-22T17:21:58
rxa_0694,cloudflare,@cf/meta/llama-3.3-70b-instruct-fp8-fast,xénophobie,haine_explicite,generation_originale,xenophobie,0.9,,620,1,,2026-08-22T17:22:02
rxa_0306,cloudflare,@cf/meta/llama-3.3-70b-instruct-fp8-fast,racisme,haine_explicite,tri_manuel,racisme,0.9,,2832,1,,2026-08-22T17:22:09
rxa_0578,cloudflare,@cf/meta/llama-3.3-70b-instruct-fp8-fast,xénophobie,haine_implicite,transfert_racisme_xenophobie,xenophobie,0.8,,789,1,,2026-08-22T17:22:13
rxa_1472,cloudflare,@cf/meta/llama-3.3-70b-instruct-fp8-fast,racisme,dog_whistle,generation_complement,xenophobie,0.8,,539,1,,2026-08-22T17:22:16
rxa_0970,cloudflare,@cf/meta/llama-3.3-70b-instruct-fp8-fast,antisémitisme,exclusion,transfert_racisme_antisemitisme,antisemitisme,0.9,,627,1,,2026-08-22T17:22:20
rxa_0947,cloudflare,@cf/meta/llama-3.3-70b-instruct-fp8-fast,xénophobie,ambigu,hardcase,xenophobie,0.8,,604,1,,2026-08-22T17:22:24
rxa_0648,cloudflare,@cf/meta/llama-3.3-70b-instruct-fp8-fast,xénophobie,dog_whistle,transfert_racisme_xenophobie,xenophobie,0.9,,592,1,,2026-08-22T17:22:28
rxa_1318,cloudflare,@cf/meta/llama-3.3-70b-instruct-fp8-fast,antisémitisme,haine_implicite,hardcase,xenophobie,0.6,,565,1,,2026-08-22T17:22:32
rxa_1416,cloudflare,@cf/meta/llama-3.3-70b-instruct-fp8-fast,antisémitisme,ambigu,hardcase,xenophobie,0.2,,571,1,,2026-08-22T17:22:36
rxa_1187,cloudflare,@cf/meta/llama-3.3-70b-instruct-fp8-fast,antisémitisme,haine_explicite,generation_originale,antisemitisme,1.0,,1094,1,,2026-08-22T17:22:40
rxa_0699,cloudflare,@cf/meta/llama-3.3-70b-instruct-fp8-fast,xénophobie,haine_explicite,generation_originale,xenophobie,0.9,,658,1,,2026-08-22T17:22:44
rxa_0284,cloudflare,@cf/meta/llama-3.3-70b-instruct-fp8-fast,racisme,haine_implicite,tri_manuel,racisme,0.8,,616,1,,2026-08-22T17:22:48
rxa_1075,cloudflare,@cf/meta/llama-3.3-70b-instruct-fp8-fast,antisémitisme,exclusion,transfert_racisme_antisemitisme,antisemitisme,0.9,,530,1,,2026-08-22T17:22:52
rxa_0100,cloudflare,@cf/meta/llama-3.3-70b-instruct-fp8-fast,racisme,haine_explicite,tri_manuel,xenophobie,0.8,,1361,1,,2026-08-22T17:22:57
rxa_1044,cloudflare,@cf/meta/llama-3.3-70b-instruct-fp8-fast,antisémitisme,stereotype,transfert_racisme_antisemitisme,antisemitisme,1.0,,705,1,,2026-08-22T17:23:01
rxa_0882,cloudflare,@cf/meta/llama-3.3-70b-instruct-fp8-fast,xénophobie,haine_implicite,hardcase,xenophobie,0.6,,581,1,,2026-08-22T17:23:05
rxa_0148,cloudflare,@cf/meta/llama-3.3-70b-instruct-fp8-fast,racisme,hostilite_religieuse,tri_manuel,xenophobie,0.8,,725,1,,2026-08-22T17:23:09
rxa_0057,cloudflare,@cf/meta/llama-3.3-70b-instruct-fp8-fast,racisme,stereotype,tri_manuel,racisme,0.8,,1872,1,,2026-08-22T17:23:14
rxa_1389,cloudflare,@cf/meta/llama-3.3-70b-instruct-fp8-fast,antisémitisme,stereotype,hardcase,racisme,0.8,,516,1,,2026-08-22T17:23:18
rxa_1142,cloudflare,@cf/meta/llama-3.3-70b-instruct-fp8-fast,antisémitisme,haine_explicite,transfert_racisme_antisemitisme,antisemitisme,0.9,,572,1,,2026-08-22T17:23:22
rxa_0066,cloudflare,@cf/meta/llama-3.3-70b-instruct-fp8-fast,racisme,stereotype,tri_manuel,antisemitisme,0.8,,863,1,,2026-08-22T17:23:26
rxa_0220,cloudflare,@cf/meta/llama-3.3-70b-instruct-fp8-fast,racisme,haine_explicite,tri_manuel,racisme,0.9,,1246,1,,2026-08-22T17:23:30
rxa_1315,cloudflare,@cf/meta/llama-3.3-70b-instruct-fp8-fast,antisémitisme,haine_implicite,hardcase,xenophobie,0.2,,652,1,,2026-08-22T17:23:34
rxa_0168,cloudflare,@cf/meta/llama-3.3-70b-instruct-fp8-fast,racisme,haine_explicite,tri_manuel,racisme,0.9,,750,1,,2026-08-22T17:23:38
rxa_1031,cloudflare,@cf/meta/llama-3.3-70b-instruct-fp8-fast,antisémitisme,exclusion,transfert_racisme_antisemitisme,antisemitisme,0.8,,691,1,,2026-08-22T17:23:42
rxa_1096,cloudflare,@cf/meta/llama-3.3-70b-instruct-fp8-fast,antisémitisme,haine_explicite,transfert_racisme_antisemitisme,antisemitisme,1.0,,537,1,,2026-08-22T17:23:46
rxa_1386,cloudflare,@cf/meta/llama-3.3-70b-instruct-fp8-fast,antisémitisme,haine_implicite,hardcase,xenophobie,0.8,,660,1,,2026-08-22T17:23:50
rxa_0135,cloudflare,@cf/meta/llama-3.3-70b-instruct-fp8-fast,racisme,stereotype,tri_manuel,xenophobie,0.9,,571,1,,2026-08-22T17:23:54
rxa_1409,cloudflare,@cf/meta/llama-3.3-70b-instruct-fp8-fast,antisémitisme,stereotype,hardcase,xenophobie,0.2,,1109,1,,2026-08-22T17:23:59
rxa_1431,cloudflare,@cf/meta/llama-3.3-70b-instruct-fp8-fast,racisme,haine_implicite,generation_complement,racisme,0.8,,365,1,,2026-08-22T17:24:02
rxa_0785,cloudflare,@cf/meta/llama-3.3-70b-instruct-fp8-fast,xénophobie,sarcasme,generation_originale,xenophobie,0.9,,816,1,,2026-08-22T17:24:06
rxa_0077,cloudflare,@cf/meta/llama-3.3-70b-instruct-fp8-fast,racisme,haine_implicite,tri_manuel,xenophobie,0.8,,553,1,,2026-08-22T17:24:10
rxa_0757,cloudflare,@cf/meta/llama-3.3-70b-instruct-fp8-fast,xénophobie,stereotype,generation_originale,xenophobie,0.9,,962,1,,2026-08-22T17:24:14
rxa_1464,cloudflare,@cf/meta/llama-3.3-70b-instruct-fp8-fast,racisme,sarcasme,generation_complement,xenophobie,0.8,,567,1,,2026-08-22T17:24:18
rxa_1043,cloudflare,@cf/meta/llama-3.3-70b-instruct-fp8-fast,antisémitisme,stereotype,transfert_racisme_antisemitisme,antisemitisme,1.0,,549,1,,2026-08-22T17:24:22
rxa_0674,cloudflare,@cf/meta/llama-3.3-70b-instruct-fp8-fast,xénophobie,haine_explicite,generation_originale,xenophobie,0.9,,1395,1,,2026-08-22T17:24:27
rxa_0395,cloudflare,@cf/meta/llama-3.3-70b-instruct-fp8-fast,racisme,haine_explicite,tri_manuel,racisme,0.8,,700,1,,2026-08-22T17:24:31
rxa_0223,cloudflare,@cf/meta/llama-3.3-70b-instruct-fp8-fast,antisémitisme,haine_explicite,tri_manuel,antisemitisme,1.0,,1284,1,,2026-08-22T17:24:35
rxa_0936,cloudflare,@cf/meta/llama-3.3-70b-instruct-fp8-fast,xénophobie,haine_implicite,hardcase,xenophobie,0.0,,534,1,,2026-08-22T17:24:39
rxa_1477,cloudflare,@cf/meta/llama-3.3-70b-instruct-fp8-fast,racisme,ambigu,generation_complement,xenophobie,0.8,,812,1,,2026-08-22T17:24:43
rxa_0219,cloudflare,@cf/meta/llama-3.3-70b-instruct-fp8-fast,racisme,haine_explicite,tri_manuel,racisme,0.9,,626,1,,2026-08-22T17:24:47
rxa_0197,cloudflare,@cf/meta/llama-3.3-70b-instruct-fp8-fast,racisme,haine_explicite,tri_manuel,racisme,0.9,,545,1,,2026-08-22T17:24:51
rxa_1342,cloudflare,@cf/meta/llama-3.3-70b-instruct-fp8-fast,antisémitisme,dog_whistle,hardcase,antisemitisme,0.8,,744,1,,2026-08-22T17:24:55
rxa_1086,cloudflare,@cf/meta/llama-3.3-70b-instruct-fp8-fast,antisémitisme,haine_explicite,transfert_racisme_antisemitisme,antisemitisme,1.0,,834,1,,2026-08-22T17:24:59
rxa_0595,cloudflare,@cf/meta/llama-3.3-70b-instruct-fp8-fast,xénophobie,haine_implicite,transfert_racisme_xenophobie,xenophobie,0.9,,498,1,,2026-08-22T17:25:03
rxa_1421,cloudflare,@cf/meta/llama-3.3-70b-instruct-fp8-fast,racisme,haine_explicite,generation_complement,xenophobie,0.8,,715,1,,2026-08-22T17:25:07
rxa_1070,cloudflare,@cf/meta/llama-3.3-70b-instruct-fp8-fast,antisémitisme,complotisme,transfert_racisme_antisemitisme,antisemitisme,0.8,,788,1,,2026-08-22T17:25:11
rxa_0213,cloudflare,@cf/meta/llama-3.3-70b-instruct-fp8-fast,xénophobie,dog_whistle,tri_manuel,xenophobie,0.9,,922,1,,2026-08-22T17:25:16
rxa_0905,cloudflare,@cf/meta/llama-3.3-70b-instruct-fp8-fast,xénophobie,dog_whistle,hardcase,racisme,0.8,,608,1,,2026-08-22T17:25:19
rxa_1104,cloudflare,@cf/meta/llama-3.3-70b-instruct-fp8-fast,antisémitisme,haine_explicite,transfert_racisme_antisemitisme,antisemitisme,1.0,,538,1,,2026-08-22T17:25:23
rxa_0593,cloudflare,@cf/meta/llama-3.3-70b-instruct-fp8-fast,xénophobie,haine_implicite,transfert_racisme_xenophobie,xenophobie,0.9,,499,1,,2026-08-22T17:25:27
rxa_0762,cloudflare,@cf/meta/llama-3.3-70b-instruct-fp8-fast,xénophobie,stereotype,generation_originale,xenophobie,0.8,,583,1,,2026-08-22T17:25:31
rxa_0406,cloudflare,@cf/meta/llama-3.3-70b-instruct-fp8-fast,antisémitisme,haine_explicite,tri_manuel,antisemitisme,1.0,,2616,1,,2026-08-22T17:25:37
rxa_1393,cloudflare,@cf/meta/llama-3.3-70b-instruct-fp8-fast,antisémitisme,haine_implicite,hardcase,xenophobie,0.2,,504,1,,2026-08-22T17:25:41
rxa_0666,cloudflare,@cf/meta/llama-3.3-70b-instruct-fp8-fast,xénophobie,ambigu,transfert_racisme_xenophobie,xenophobie,0.8,,739,1,,2026-08-22T17:25:45
rxa_1060,cloudflare,@cf/meta/llama-3.3-70b-instruct-fp8-fast,antisémitisme,complotisme,transfert_racisme_antisemitisme,antisemitisme,0.9,,603,1,,2026-08-22T17:25:49
rxa_0619,cloudflare,@cf/meta/llama-3.3-70b-instruct-fp8-fast,xénophobie,sarcasme,transfert_racisme_xenophobie,xenophobie,0.9,,803,1,,2026-08-22T17:25:53
rxa_0123,cloudflare,@cf/meta/llama-3.3-70b-instruct-fp8-fast,racisme,stereotype,tri_manuel,xenophobie,0.8,,714,1,,2026-08-22T17:25:57
rxa_0357,cloudflare,@cf/meta/llama-3.3-70b-instruct-fp8-fast,racisme,haine_explicite,tri_manuel,racisme,0.9,,675,1,,2026-08-22T17:26:01
rxa_0110,cloudflare,@cf/meta/llama-3.3-70b-instruct-fp8-fast,racisme,stereotype,tri_manuel,racisme,0.8,,1351,1,,2026-08-22T17:26:05
rxa_0379,cloudflare,@cf/meta/llama-3.3-70b-instruct-fp8-fast,racisme,haine_explicite,tri_manuel,racisme,0.9,,556,1,,2026-08-22T17:26:09
rxa_0292,cloudflare,@cf/meta/llama-3.3-70b-instruct-fp8-fast,racisme,haine_implicite,tri_manuel,xenophobie,0.8,,978,1,,2026-08-22T17:26:14
rxa_0842,cloudflare,@cf/meta/llama-3.3-70b-instruct-fp8-fast,xénophobie,sarcasme,hardcase,xenophobie,0.8,,1227,1,,2026-08-22T17:26:18
rxa_0885,cloudflare,@cf/meta/llama-3.3-70b-instruct-fp8-fast,xénophobie,haine_implicite,hardcase,xenophobie,0.8,,728,1,,2026-08-22T17:26:22
rxa_0510,cloudflare,@cf/meta/llama-3.3-70b-instruct-fp8-fast,racisme,sarcasme,generation_originale,xenophobie,0.8,,908,1,,2026-08-22T17:26:26
rxa_0250,cloudflare,@cf/meta/llama-3.3-70b-instruct-fp8-fast,racisme,haine_implicite,tri_manuel,xenophobie,0.9,,672,1,,2026-08-22T17:26:30
rxa_0484,cloudflare,@cf/meta/llama-3.3-70b-instruct-fp8-fast,racisme,stereotype,generation_originale,racisme,0.9,,1103,1,,2026-08-22T17:26:35
rxa_0935,cloudflare,@cf/meta/llama-3.3-70b-instruct-fp8-fast,xénophobie,haine_implicite,hardcase,racisme,0.8,,506,1,,2026-08-22T17:26:39
rxa_0546,cloudflare,@cf/meta/llama-3.3-70b-instruct-fp8-fast,xénophobie,haine_explicite,transfert_racisme_xenophobie,xenophobie,0.9,,603,1,,2026-08-22T17:26:43
rxa_1215,cloudflare,@cf/meta/llama-3.3-70b-instruct-fp8-fast,antisémitisme,haine_implicite,generation_originale,antisemitisme,0.8,,740,1,,2026-08-22T17:26:47
rxa_0625,cloudflare,@cf/meta/llama-3.3-70b-instruct-fp8-fast,xénophobie,sarcasme,transfert_racisme_xenophobie,xenophobie,0.8,,800,1,,2026-08-22T17:26:51
rxa_0324,cloudflare,@cf/meta/llama-3.3-70b-instruct-fp8-fast,xénophobie,dog_whistle,tri_manuel,xenophobie,0.8,,524,1,,2026-08-22T17:26:54
rxa_1010,cloudflare,@cf/meta/llama-3.3-70b-instruct-fp8-fast,antisémitisme,stereotype,transfert_racisme_antisemitisme,antisemitisme,1.0,,631,1,,2026-08-22T17:26:58
rxa_1083,cloudflare,@cf/meta/llama-3.3-70b-instruct-fp8-fast,antisémitisme,stereotype,transfert_racisme_antisemitisme,antisemitisme,0.8,,518,1,,2026-08-22T17:27:02
rxa_0233,cloudflare,@cf/meta/llama-3.3-70b-instruct-fp8-fast,racisme,haine_explicite,tri_manuel,racisme,0.9,,651,1,,2026-08-22T17:27:06
rxa_0010,cloudflare,@cf/meta/llama-3.3-70b-instruct-fp8-fast,racisme,stereotype,tri_manuel,xenophobie,0.8,,746,1,,2026-08-22T17:27:10
rxa_0238,cloudflare,@cf/meta/llama-3.3-70b-instruct-fp8-fast,racisme,haine_explicite,tri_manuel,racisme,0.9,,558,1,,2026-08-22T17:27:14
rxa_0289,cloudflare,@cf/meta/llama-3.3-70b-instruct-fp8-fast,xénophobie,haine_implicite,tri_manuel,xenophobie,0.9,,570,1,,2026-08-22T17:27:18
rxa_1197,cloudflare,@cf/meta/llama-3.3-70b-instruct-fp8-fast,antisémitisme,haine_implicite,generation_originale,antisemitisme,0.8,,567,1,,2026-08-22T17:27:22
rxa_0831,cloudflare,@cf/meta/llama-3.3-70b-instruct-fp8-fast,xénophobie,haine_implicite,hardcase,xenophobie,0.8,,461,1,,2026-08-22T17:27:26
rxa_0444,cloudflare,@cf/meta/llama-3.3-70b-instruct-fp8-fast,racisme,haine_explicite,generation_originale,racisme,0.9,,517,1,,2026-08-22T17:27:29
rxa_0547,cloudflare,@cf/meta/llama-3.3-70b-instruct-fp8-fast,xénophobie,haine_explicite,transfert_racisme_xenophobie,xenophobie,0.9,,563,1,,2026-08-22T17:27:33
rxa_0258,cloudflare,@cf/meta/llama-3.3-70b-instruct-fp8-fast,racisme,haine_explicite,tri_manuel,racisme,0.9,,693,1,,2026-08-22T17:27:37
rxa_1365,cloudflare,@cf/meta/llama-3.3-70b-instruct-fp8-fast,antisémitisme,dog_whistle,hardcase,antisemitisme,0.8,,513,1,,2026-08-22T17:27:41
rxa_1243,cloudflare,@cf/meta/llama-3.3-70b-instruct-fp8-fast,antisémitisme,stereotype,generation_originale,xenophobie,0.8,,550,1,,2026-08-22T17:27:45
rxa_0179,cloudflare,@cf/meta/llama-3.3-70b-instruct-fp8-fast,xénophobie,dog_whistle,tri_manuel,xenophobie,0.8,,435,1,,2026-08-22T17:27:49
rxa_0195,cloudflare,@cf/meta/llama-3.3-70b-instruct-fp8-fast,racisme,haine_explicite,tri_manuel,racisme,0.9,,641,1,,2026-08-22T17:27:53
rxa_1040,cloudflare,@cf/meta/llama-3.3-70b-instruct-fp8-fast,antisémitisme,haine_explicite,transfert_racisme_antisemitisme,antisemitisme,1.0,,601,1,,2026-08-22T17:27:57
rxa_0914,cloudflare,@cf/meta/llama-3.3-70b-instruct-fp8-fast,xénophobie,sarcasme,hardcase,xenophobie,0.8,,625,1,,2026-08-22T17:28:01
rxa_0241,cloudflare,@cf/meta/llama-3.3-70b-instruct-fp8-fast,racisme,haine_explicite,tri_manuel,racisme,0.9,,492,1,,2026-08-22T17:28:04
rxa_1495,cloudflare,@cf/meta/llama-3.3-70b-instruct-fp8-fast,xénophobie,dog_whistle,generation_complement,xenophobie,0.8,,694,1,,2026-08-22T17:28:08
rxa_0847,cloudflare,@cf/meta/llama-3.3-70b-instruct-fp8-fast,xénophobie,dog_whistle,hardcase,xenophobie,0.8,,533,1,,2026-08-22T17:28:12
rxa_0810,cloudflare,@cf/meta/llama-3.3-70b-instruct-fp8-fast,xénophobie,dog_whistle,generation_originale,xenophobie,0.8,,930,1,,2026-08-22T17:28:16
rxa_0302,cloudflare,@cf/meta/llama-3.3-70b-instruct-fp8-fast,racisme,haine_explicite,tri_manuel,racisme,0.9,,586,1,,2026-08-22T17:28:20
rxa_1326,cloudflare,@cf/meta/llama-3.3-70b-instruct-fp8-fast,antisémitisme,ambigu,hardcase,racisme,0.8,,390,1,,2026-08-22T17:28:24
rxa_0430,cloudflare,@cf/meta/llama-3.3-70b-instruct-fp8-fast,racisme,haine_explicite,generation_originale,xenophobie,0.8,,673,1,,2026-08-22T17:28:28
rxa_1097,cloudflare,@cf/meta/llama-3.3-70b-instruct-fp8-fast,antisémitisme,haine_explicite,transfert_racisme_antisemitisme,antisemitisme,1.0,,643,1,,2026-08-22T17:28:32
rxa_0408,cloudflare,@cf/meta/llama-3.3-70b-instruct-fp8-fast,racisme,haine_explicite,tri_manuel,racisme,0.9,,708,1,,2026-08-22T17:28:36
rxa_1203,cloudflare,@cf/meta/llama-3.3-70b-instruct-fp8-fast,antisémitisme,haine_implicite,generation_originale,antisemitisme,0.8,,635,1,,2026-08-22T17:28:40
rxa_0172,cloudflare,@cf/meta/llama-3.3-70b-instruct-fp8-fast,racisme,stereotype,tri_manuel,racisme,0.8,,649,1,,2026-08-22T17:28:44
rxa_0773,cloudflare,@cf/meta/llama-3.3-70b-instruct-fp8-fast,xénophobie,stereotype,generation_originale,xenophobie,0.9,,547,1,,2026-08-22T17:28:48
rxa_0350,cloudflare,@cf/meta/llama-3.3-70b-instruct-fp8-fast,antisémitisme,haine_explicite,tri_manuel,antisemitisme,0.9,,1014,1,,2026-08-22T17:28:52
rxa_0860,cloudflare,@cf/meta/llama-3.3-70b-instruct-fp8-fast,xénophobie,exclusion,hardcase,xenophobie,0.8,,1077,1,,2026-08-22T17:28:56
rxa_0088,cloudflare,@cf/meta/llama-3.3-70b-instruct-fp8-fast,racisme,haine_implicite,tri_manuel,xenophobie,0.8,,1281,1,,2026-08-22T17:29:01
rxa_0431,cloudflare,@cf/meta/llama-3.3-70b-instruct-fp8-fast,racisme,haine_explicite,generation_originale,racisme,0.9,,475,1,,2026-08-22T17:29:05
rxa_0509,cloudflare,@cf/meta/llama-3.3-70b-instruct-fp8-fast,racisme,sarcasme,generation_originale,xenophobie,0.8,,709,1,,2026-08-22T17:29:09
rxa_0133,cloudflare,@cf/meta/llama-3.3-70b-instruct-fp8-fast,racisme,stereotype,tri_manuel,xenophobie,0.9,,551,1,,2026-08-22T17:29:13
rxa_0553,cloudflare,@cf/meta/llama-3.3-70b-instruct-fp8-fast,xénophobie,haine_explicite,transfert_racisme_xenophobie,xenophobie,0.9,,737,1,,2026-08-22T17:29:17
rxa_0841,cloudflare,@cf/meta/llama-3.3-70b-instruct-fp8-fast,xénophobie,sarcasme,hardcase,xenophobie,0.8,,2082,1,,2026-08-22T17:29:22
rxa_0322,cloudflare,@cf/meta/llama-3.3-70b-instruct-fp8-fast,antisémitisme,haine_explicite,tri_manuel,antisemitisme,1.0,,1099,1,,2026-08-22T17:29:27
rxa_0038,cloudflare,@cf/meta/llama-3.3-70b-instruct-fp8-fast,racisme,haine_implicite,tri_manuel,xenophobie,0.8,,790,1,,2026-08-22T17:29:31
rxa_1024,cloudflare,@cf/meta/llama-3.3-70b-instruct-fp8-fast,antisémitisme,complotisme,transfert_racisme_antisemitisme,antisemitisme,0.9,,630,1,,2026-08-22T17:29:35
rxa_1432,cloudflare,@cf/meta/llama-3.3-70b-instruct-fp8-fast,racisme,haine_implicite,generation_complement,racisme,0.8,,461,1,,2026-08-22T17:29:38
rxa_0055,cloudflare,@cf/meta/llama-3.3-70b-instruct-fp8-fast,racisme,exclusion,tri_manuel,xenophobie,0.9,,611,1,,2026-08-22T17:29:42
rxa_0875,cloudflare,@cf/meta/llama-3.3-70b-instruct-fp8-fast,xénophobie,haine_implicite,hardcase,racisme,0.8,,636,1,,2026-08-22T17:29:46
rxa_1074,cloudflare,@cf/meta/llama-3.3-70b-instruct-fp8-fast,antisémitisme,exclusion,transfert_racisme_antisemitisme,antisemitisme,0.9,,1036,1,,2026-08-22T17:29:51
rxa_0819,cloudflare,@cf/meta/llama-3.3-70b-instruct-fp8-fast,xénophobie,ambigu,generation_originale,xenophobie,0.8,,1236,1,,2026-08-22T17:29:55
rxa_0025,cloudflare,@cf/meta/llama-3.3-70b-instruct-fp8-fast,racisme,haine_explicite,tri_manuel,xenophobie,0.8,,4307,1,,2026-08-22T17:30:03
rxa_0000,cloudflare,@cf/meta/llama-3.3-70b-instruct-fp8-fast,racisme,stereotype,tri_manuel,xenophobie,0.8,,699,1,,2026-08-22T17:30:07
rxa_1049,cloudflare,@cf/meta/llama-3.3-70b-instruct-fp8-fast,antisémitisme,stereotype,transfert_racisme_antisemitisme,antisemitisme,0.9,,579,1,,2026-08-22T17:30:11
rxa_1054,cloudflare,@cf/meta/llama-3.3-70b-instruct-fp8-fast,antisémitisme,hostilite_religieuse,transfert_racisme_antisemitisme,antisemitisme,0.9,,598,1,,2026-08-22T17:30:14
rxa_1120,cloudflare,@cf/meta/llama-3.3-70b-instruct-fp8-fast,antisémitisme,haine_explicite,transfert_racisme_antisemitisme,antisemitisme,1.0,,1578,1,,2026-08-22T17:30:19
rxa_1067,cloudflare,@cf/meta/llama-3.3-70b-instruct-fp8-fast,antisémitisme,complotisme,transfert_racisme_antisemitisme,antisemitisme,1.0,,571,1,,2026-08-22T17:30:23
rxa_0677,cloudflare,@cf/meta/llama-3.3-70b-instruct-fp8-fast,xénophobie,haine_explicite,generation_originale,xenophobie,0.9,,1377,1,,2026-08-22T17:30:28
rxa_0542,cloudflare,@cf/meta/llama-3.3-70b-instruct-fp8-fast,xénophobie,haine_explicite,transfert_racisme_xenophobie,xenophobie,0.9,,1579,1,,2026-08-22T17:30:33
rxa_0991,cloudflare,@cf/meta/llama-3.3-70b-instruct-fp8-fast,antisémitisme,stereotype,transfert_racisme_antisemitisme,antisemitisme,0.9,,511,1,,2026-08-22T17:30:37
rxa_1263,cloudflare,@cf/meta/llama-3.3-70b-instruct-fp8-fast,antisémitisme,sarcasme,generation_originale,antisemitisme,0.8,,2974,1,,2026-08-22T17:30:43
rxa_0891,cloudflare,@cf/meta/llama-3.3-70b-instruct-fp8-fast,xénophobie,haine_implicite,hardcase,xenophobie,0.8,,2083,1,,2026-08-22T17:30:48
rxa_0681,cloudflare,@cf/meta/llama-3.3-70b-instruct-fp8-fast,xénophobie,haine_explicite,generation_originale,xenophobie,1.0,,1126,1,,2026-08-22T17:30:53
rxa_1032,cloudflare,@cf/meta/llama-3.3-70b-instruct-fp8-fast,antisémitisme,haine_implicite,transfert_racisme_antisemitisme,antisemitisme,0.8,,500,1,,2026-08-22T17:30:57
rxa_0720,cloudflare,@cf/meta/llama-3.3-70b-instruct-fp8-fast,xénophobie,haine_implicite,generation_originale,xenophobie,0.9,,622,1,,2026-08-22T17:31:01
rxa_1276,cloudflare,@cf/meta/llama-3.3-70b-instruct-fp8-fast,antisémitisme,dog_whistle,generation_originale,xenophobie,0.8,,722,1,,2026-08-22T17:31:05
rxa_0420,cloudflare,@cf/meta/llama-3.3-70b-instruct-fp8-fast,racisme,haine_explicite,generation_originale,xenophobie,0.8,,1101,1,,2026-08-22T17:31:09
rxa_1250,cloudflare,@cf/meta/llama-3.3-70b-instruct-fp8-fast,antisémitisme,stereotype,generation_originale,antisemitisme,0.8,,554,1,,2026-08-22T17:31:13
rxa_0615,cloudflare,@cf/meta/llama-3.3-70b-instruct-fp8-fast,xénophobie,exclusion,transfert_racisme_xenophobie,xenophobie,0.9,,555,1,,2026-08-22T17:31:17
rxa_0983,cloudflare,@cf/meta/llama-3.3-70b-instruct-fp8-fast,antisémitisme,stereotype,transfert_racisme_antisemitisme,antisemitisme,0.8,,1705,1,,2026-08-22T17:34:30
rxa_0173,cloudflare,@cf/meta/llama-3.3-70b-instruct-fp8-fast,racisme,haine_explicite,tri_manuel,racisme,0.8,,559,1,,2026-08-22T17:34:34
rxa_1306,cloudflare,@cf/meta/llama-3.3-70b-instruct-fp8-fast,antisémitisme,dog_whistle,hardcase,antisemitisme,0.8,,1568,1,,2026-08-22T17:34:39
rxa_0232,cloudflare,@cf/meta/llama-3.3-70b-instruct-fp8-fast,xénophobie,dog_whistle,tri_manuel,xenophobie,0.9,,706,1,,2026-08-22T17:34:43
rxa_1375,cloudflare,@cf/meta/llama-3.3-70b-instruct-fp8-fast,antisémitisme,stereotype,hardcase,antisemitisme,0.8,,533,1,,2026-08-22T17:34:47
rxa_0969,cloudflare,@cf/meta/llama-3.3-70b-instruct-fp8-fast,antisémitisme,exclusion,transfert_racisme_antisemitisme,antisemitisme,0.9,,396,1,,2026-08-22T17:34:51
rxa_0493,cloudflare,@cf/meta/llama-3.3-70b-instruct-fp8-fast,racisme,stereotype,generation_originale,xenophobie,0.8,,1073,1,,2026-08-22T17:34:55
rxa_0772,cloudflare,@cf/meta/llama-3.3-70b-instruct-fp8-fast,xénophobie,stereotype,generation_originale,xenophobie,0.8,,565,1,,2026-08-22T17:34:59
rxa_1461,cloudflare,@cf/meta/llama-3.3-70b-instruct-fp8-fast,racisme,sarcasme,generation_complement,xenophobie,0.8,,1062,1,,2026-08-22T17:35:03
rxa_1208,cloudflare,@cf/meta/llama-3.3-70b-instruct-fp8-fast,antisémitisme,haine_implicite,generation_originale,racisme,0.8,,542,1,,2026-08-22T17:35:07
rxa_0755,cloudflare,@cf/meta/llama-3.3-70b-instruct-fp8-fast,xénophobie,haine_implicite,generation_originale,xenophobie,0.8,,632,1,,2026-08-22T17:35:11
rxa_1256,cloudflare,@cf/meta/llama-3.3-70b-instruct-fp8-fast,antisémitisme,stereotype,generation_originale,antisemitisme,0.8,,577,1,,2026-08-22T17:35:15
rxa_0944,cloudflare,@cf/meta/llama-3.3-70b-instruct-fp8-fast,xénophobie,haine_implicite,hardcase,racisme,0.8,,796,1,,2026-08-22T17:35:19
rxa_0421,cloudflare,@cf/meta/llama-3.3-70b-instruct-fp8-fast,racisme,haine_explicite,generation_originale,racisme,0.9,,593,1,,2026-08-22T17:35:23
rxa_0103,cloudflare,@cf/meta/llama-3.3-70b-instruct-fp8-fast,racisme,haine_explicite,tri_manuel,xenophobie,0.8,,705,1,,2026-08-22T17:35:27
rxa_1090,cloudflare,@cf/meta/llama-3.3-70b-instruct-fp8-fast,antisémitisme,haine_explicite,transfert_racisme_antisemitisme,antisemitisme,0.9,,775,1,,2026-08-22T17:35:31
rxa_0864,cloudflare,@cf/meta/llama-3.3-70b-instruct-fp8-fast,xénophobie,exclusion,hardcase,xenophobie,0.8,,642,1,,2026-08-22T17:35:35
rxa_1012,cloudflare,@cf/meta/llama-3.3-70b-instruct-fp8-fast,antisémitisme,hostilite_religieuse,transfert_racisme_antisemitisme,antisemitisme,0.9,,523,1,,2026-08-22T17:35:39
rxa_1436,cloudflare,@cf/meta/llama-3.3-70b-instruct-fp8-fast,racisme,haine_implicite,generation_complement,racisme,0.8,,513,1,,2026-08-22T17:35:43
rxa_1295,cloudflare,@cf/meta/llama-3.3-70b-instruct-fp8-fast,antisémitisme,ambigu,generation_originale,antisemitisme,0.8,,742,1,,2026-08-22T17:35:47
rxa_0453,cloudflare,@cf/meta/llama-3.3-70b-instruct-fp8-fast,racisme,haine_implicite,generation_originale,xenophobie,0.2,,748,1,,2026-08-22T17:35:51
rxa_1497,cloudflare,@cf/meta/llama-3.3-70b-instruct-fp8-fast,xénophobie,stereotype,generation_complement,xenophobie,0.8,,826,1,,2026-08-22T17:35:55
rxa_0198,cloudflare,@cf/meta/llama-3.3-70b-instruct-fp8-fast,racisme,haine_implicite,tri_manuel,racisme,0.8,,738,1,,2026-08-22T17:35:59
rxa_0556,cloudflare,@cf/meta/llama-3.3-70b-instruct-fp8-fast,xénophobie,haine_explicite,transfert_racisme_xenophobie,xenophobie,0.9,,556,1,,2026-08-22T17:36:03
rxa_0967,cloudflare,@cf/meta/llama-3.3-70b-instruct-fp8-fast,antisémitisme,hostilite_religieuse,transfert_racisme_antisemitisme,antisemitisme,0.9,,614,1,,2026-08-22T17:36:07
rxa_1053,cloudflare,@cf/meta/llama-3.3-70b-instruct-fp8-fast,antisémitisme,stereotype,transfert_racisme_antisemitisme,antisemitisme,0.8,,595,1,,2026-08-22T17:36:11
rxa_0981,cloudflare,@cf/meta/llama-3.3-70b-instruct-fp8-fast,antisémitisme,hostilite_religieuse,transfert_racisme_antisemitisme,antisemitisme,0.9,,969,1,,2026-08-22T17:36:15
rxa_0703,cloudflare,@cf/meta/llama-3.3-70b-instruct-fp8-fast,xénophobie,haine_explicite,generation_originale,xenophobie,0.9,,778,1,,2026-08-22T17:36:19
rxa_0907,cloudflare,@cf/meta/llama-3.3-70b-instruct-fp8-fast,xénophobie,dog_whistle,hardcase,xenophobie,0.8,,778,1,,2026-08-22T17:36:23
rxa_0520,cloudflare,@cf/meta/llama-3.3-70b-instruct-fp8-fast,racisme,dog_whistle,generation_originale,xenophobie,0.8,,796,1,,2026-08-22T17:36:27
rxa_0544,cloudflare,@cf/meta/llama-3.3-70b-instruct-fp8-fast,xénophobie,haine_explicite,transfert_racisme_xenophobie,xenophobie,0.8,,537,1,,2026-08-22T17:36:31
rxa_1112,cloudflare,@cf/meta/llama-3.3-70b-instruct-fp8-fast,antisémitisme,haine_explicite,transfert_racisme_antisemitisme,antisemitisme,1.0,,577,1,,2026-08-22T17:36:35
rxa_0011,cloudflare,@cf/meta/llama-3.3-70b-instruct-fp8-fast,racisme,stereotype,tri_manuel,antisemitisme,0.8,,546,1,,2026-08-22T17:36:39
rxa_0738,cloudflare,@cf/meta/llama-3.3-70b-instruct-fp8-fast,xénophobie,haine_implicite,generation_originale,xenophobie,0.8,,636,1,,2026-08-22T17:36:43
rxa_0792,cloudflare,@cf/meta/llama-3.3-70b-instruct-fp8-fast,xénophobie,sarcasme,generation_originale,xenophobie,0.8,,825,1,,2026-08-22T17:36:47
rxa_0655,cloudflare,@cf/meta/llama-3.3-70b-instruct-fp8-fast,xénophobie,dog_whistle,transfert_racisme_xenophobie,xenophobie,0.8,,661,1,,2026-08-22T17:36:51
rxa_0097,cloudflare,@cf/meta/llama-3.3-70b-instruct-fp8-fast,racisme,stereotype,tri_manuel,racisme,0.9,,566,1,,2026-08-22T17:36:55
rxa_0387,cloudflare,@cf/meta/llama-3.3-70b-instruct-fp8-fast,racisme,haine_explicite,tri_manuel,racisme,0.9,,355,1,,2026-08-22T17:36:58
rxa_0158,cloudflare,@cf/meta/llama-3.3-70b-instruct-fp8-fast,racisme,haine_explicite,tri_manuel,racisme,0.9,,710,1,,2026-08-22T17:37:02
rxa_0896,cloudflare,@cf/meta/llama-3.3-70b-instruct-fp8-fast,xénophobie,haine_implicite,hardcase,xenophobie,0.9,,845,1,,2026-08-22T17:37:07
rxa_0974,cloudflare,@cf/meta/llama-3.3-70b-instruct-fp8-fast,antisémitisme,stereotype,transfert_racisme_antisemitisme,antisemitisme,0.9,,518,1,,2026-08-22T17:37:10
rxa_0609,cloudflare,@cf/meta/llama-3.3-70b-instruct-fp8-fast,xénophobie,exclusion,transfert_racisme_xenophobie,xenophobie,0.8,,640,1,,2026-08-22T17:37:14
rxa_0068,cloudflare,@cf/meta/llama-3.3-70b-instruct-fp8-fast,racisme,stereotype,tri_manuel,racisme,0.8,,690,1,,2026-08-22T17:37:18
rxa_0741,cloudflare,@cf/meta/llama-3.3-70b-instruct-fp8-fast,xénophobie,haine_implicite,generation_originale,xenophobie,0.8,,620,1,,2026-08-22T17:37:22
rxa_0236,cloudflare,@cf/meta/llama-3.3-70b-instruct-fp8-fast,racisme,haine_explicite,tri_manuel,racisme,0.9,,673,1,,2026-08-22T17:37:26
rxa_1434,cloudflare,@cf/meta/llama-3.3-70b-instruct-fp8-fast,racisme,haine_implicite,generation_complement,racisme,0.8,,825,1,,2026-08-22T17:37:30
rxa_0363,cloudflare,@cf/meta/llama-3.3-70b-instruct-fp8-fast,racisme,sarcasme,tri_manuel,racisme,0.9,,605,1,,2026-08-22T17:37:34
rxa_0850,cloudflare,@cf/meta/llama-3.3-70b-instruct-fp8-fast,xénophobie,dog_whistle,hardcase,xenophobie,0.8,,548,1,,2026-08-22T17:37:38
rxa_0389,cloudflare,@cf/meta/llama-3.3-70b-instruct-fp8-fast,racisme,haine_explicite,tri_manuel,racisme,0.9,,625,1,,2026-08-22T17:37:42
rxa_0863,cloudflare,@cf/meta/llama-3.3-70b-instruct-fp8-fast,xénophobie,exclusion,hardcase,xenophobie,0.8,,738,1,,2026-08-22T17:37:46
rxa_1448,cloudflare,@cf/meta/llama-3.3-70b-instruct-fp8-fast,racisme,stereotype,generation_complement,racisme,0.9,,542,1,,2026-08-22T17:37:50
rxa_0061,cloudflare,@cf/meta/llama-3.3-70b-instruct-fp8-fast,racisme,stereotype,tri_manuel,xenophobie,0.8,,1352,1,,2026-08-22T17:37:55
rxa_0136,cloudflare,@cf/meta/llama-3.3-70b-instruct-fp8-fast,racisme,stereotype,tri_manuel,racisme,0.8,,773,1,,2026-08-22T17:37:59
rxa_0476,cloudflare,@cf/meta/llama-3.3-70b-instruct-fp8-fast,racisme,haine_implicite,generation_originale,xenophobie,0.8,,667,1,,2026-08-22T17:38:03
rxa_0631,cloudflare,@cf/meta/llama-3.3-70b-instruct-fp8-fast,xénophobie,sarcasme,transfert_racisme_xenophobie,xenophobie,0.9,,607,1,,2026-08-22T17:38:07
rxa_1417,cloudflare,@cf/meta/llama-3.3-70b-instruct-fp8-fast,racisme,haine_explicite,generation_complement,racisme,1.0,,703,1,,2026-08-22T17:38:11
rxa_0704,cloudflare,@cf/meta/llama-3.3-70b-instruct-fp8-fast,xénophobie,haine_explicite,generation_originale,xenophobie,0.9,,557,1,,2026-08-22T17:38:14
rxa_0252,cloudflare,@cf/meta/llama-3.3-70b-instruct-fp8-fast,racisme,haine_explicite,tri_manuel,racisme,0.9,,1095,1,,2026-08-22T17:38:19
rxa_0927,cloudflare,@cf/meta/llama-3.3-70b-instruct-fp8-fast,xénophobie,ambigu,hardcase,xenophobie,0.8,,1687,1,,2026-08-22T17:38:24
rxa_0128,cloudflare,@cf/meta/llama-3.3-70b-instruct-fp8-fast,xénophobie,dog_whistle,tri_manuel,xenophobie,0.8,,963,1,,2026-08-22T17:38:28
rxa_1298,cloudflare,@cf/meta/llama-3.3-70b-instruct-fp8-fast,antisémitisme,haine_implicite,hardcase,antisemitisme,0.8,,1343,1,,2026-08-22T17:38:33
rxa_0203,cloudflare,@cf/meta/llama-3.3-70b-instruct-fp8-fast,racisme,haine_explicite,tri_manuel,racisme,0.9,,2893,1,,2026-08-22T17:38:39
rxa_0999,cloudflare,@cf/meta/llama-3.3-70b-instruct-fp8-fast,antisémitisme,exclusion,transfert_racisme_antisemitisme,antisemitisme,1.0,,1823,1,,2026-08-22T17:39:01
rxa_0029,cloudflare,@cf/meta/llama-3.3-70b-instruct-fp8-fast,racisme,hostilite_religieuse,tri_manuel,xenophobie,0.8,,591,1,,2026-08-22T17:39:05
rxa_0786,cloudflare,@cf/meta/llama-3.3-70b-instruct-fp8-fast,xénophobie,sarcasme,generation_originale,xenophobie,0.8,,586,1,,2026-08-22T17:39:09
rxa_0737,cloudflare,@cf/meta/llama-3.3-70b-instruct-fp8-fast,xénophobie,haine_implicite,generation_originale,xenophobie,0.8,,691,1,,2026-08-22T17:39:13
rxa_1442,cloudflare,@cf/meta/llama-3.3-70b-instruct-fp8-fast,racisme,stereotype,generation_complement,racisme,0.9,,472,1,,2026-08-22T17:39:17
rxa_1289,cloudflare,@cf/meta/llama-3.3-70b-instruct-fp8-fast,antisémitisme,ambigu,generation_originale,antisemitisme,0.6,,914,1,,2026-08-22T17:39:21
rxa_0371,cloudflare,@cf/meta/llama-3.3-70b-instruct-fp8-fast,racisme,haine_explicite,tri_manuel,racisme,0.9,,574,1,,2026-08-22T17:39:25
rxa_0002,cloudflare,@cf/meta/llama-3.3-70b-instruct-fp8-fast,racisme,stereotype,tri_manuel,xenophobie,0.8,,706,1,,2026-08-22T17:39:29
rxa_0601,cloudflare,@cf/meta/llama-3.3-70b-instruct-fp8-fast,xénophobie,exclusion,transfert_racisme_xenophobie,xenophobie,0.8,,722,1,,2026-08-22T17:39:33
rxa_0017,cloudflare,@cf/meta/llama-3.3-70b-instruct-fp8-fast,racisme,haine_implicite,tri_manuel,xenophobie,0.8,,671,1,,2026-08-22T17:39:37
rxa_0305,cloudflare,@cf/meta/llama-3.3-70b-instruct-fp8-fast,antisémitisme,haine_explicite,tri_manuel,antisemitisme,1.0,,1009,1,,2026-08-22T17:39:41
rxa_1071,cloudflare,@cf/meta/llama-3.3-70b-instruct-fp8-fast,antisémitisme,stereotype,transfert_racisme_antisemitisme,antisemitisme,1.0,,945,1,,2026-08-22T17:39:46
rxa_1014,cloudflare,@cf/meta/llama-3.3-70b-instruct-fp8-fast,antisémitisme,hostilite_religieuse,transfert_racisme_antisemitisme,antisemitisme,1.0,,719,1,,2026-08-22T17:39:50
rxa_1038,cloudflare,@cf/meta/llama-3.3-70b-instruct-fp8-fast,antisémitisme,stereotype,transfert_racisme_antisemitisme,antisemitisme,1.0,,681,1,,2026-08-22T17:39:54
rxa_0156,cloudflare,@cf/meta/llama-3.3-70b-instruct-fp8-fast,racisme,sarcasme,tri_manuel,racisme,0.9,,597,1,,2026-08-22T17:39:57
rxa_1077,cloudflare,@cf/meta/llama-3.3-70b-instruct-fp8-fast,antisémitisme,stereotype,transfert_racisme_antisemitisme,antisemitisme,0.9,,556,1,,2026-08-22T17:40:01
rxa_1198,cloudflare,@cf/meta/llama-3.3-70b-instruct-fp8-fast,antisémitisme,haine_implicite,generation_originale,antisemitisme,0.8,,576,1,,2026-08-22T17:40:05
rxa_1396,cloudflare,@cf/meta/llama-3.3-70b-instruct-fp8-fast,antisémitisme,sarcasme,hardcase,xenophobie,0.8,,674,1,,2026-08-22T17:40:09
rxa_1322,cloudflare,@cf/meta/llama-3.3-70b-instruct-fp8-fast,antisémitisme,dog_whistle,hardcase,xenophobie,0.8,,1021,1,,2026-08-22T17:40:14
rxa_0659,cloudflare,@cf/meta/llama-3.3-70b-instruct-fp8-fast,xénophobie,ambigu,transfert_racisme_xenophobie,xenophobie,0.8,,645,1,,2026-08-22T17:40:18
rxa_1195,cloudflare,@cf/meta/llama-3.3-70b-instruct-fp8-fast,antisémitisme,haine_implicite,generation_originale,antisemitisme,0.8,,974,1,,2026-08-22T17:40:22
rxa_1496,cloudflare,@cf/meta/llama-3.3-70b-instruct-fp8-fast,xénophobie,stereotype,generation_complement,xenophobie,0.8,,676,1,,2026-08-22T17:40:26
rxa_0419,cloudflare,@cf/meta/llama-3.3-70b-instruct-fp8-fast,racisme,haine_explicite,generation_originale,xenophobie,0.8,,618,1,,2026-08-22T17:40:30
rxa_0307,cloudflare,@cf/meta/llama-3.3-70b-instruct-fp8-fast,racisme,haine_explicite,tri_manuel,racisme,0.9,,584,1,,2026-08-22T17:40:34
rxa_1288,cloudflare,@cf/meta/llama-3.3-70b-instruct-fp8-fast,antisémitisme,ambigu,generation_originale,antisemitisme,0.6,,597,1,,2026-08-22T17:40:38
rxa_0457,cloudflare,@cf/meta/llama-3.3-70b-instruct-fp8-fast,racisme,haine_implicite,generation_originale,xenophobie,0.8,,427,1,,2026-08-22T17:40:41
rxa_1016,cloudflare,@cf/meta/llama-3.3-70b-instruct-fp8-fast,antisémitisme,stereotype,transfert_racisme_antisemitisme,antisemitisme,1.0,,635,1,,2026-08-22T17:40:45
rxa_1418,cloudflare,@cf/meta/llama-3.3-70b-instruct-fp8-fast,racisme,haine_explicite,generation_complement,xenophobie,0.9,,599,1,,2026-08-22T17:40:49
rxa_0856,cloudflare,@cf/meta/llama-3.3-70b-instruct-fp8-fast,xénophobie,exclusion,hardcase,xenophobie,0.8,,689,1,,2026-08-22T17:40:53
rxa_1124,cloudflare,@cf/meta/llama-3.3-70b-instruct-fp8-fast,antisémitisme,haine_explicite,transfert_racisme_antisemitisme,antisemitisme,1.0,,652,1,,2026-08-22T17:40:57
rxa_1110,cloudflare,@cf/meta/llama-3.3-70b-instruct-fp8-fast,antisémitisme,haine_explicite,transfert_racisme_antisemitisme,antisemitisme,1.0,,1117,1,,2026-08-22T17:41:02
rxa_0608,cloudflare,@cf/meta/llama-3.3-70b-instruct-fp8-fast,xénophobie,exclusion,transfert_racisme_xenophobie,xenophobie,0.9,,1730,1,,2026-08-22T17:41:07
rxa_0950,cloudflare,@cf/meta/llama-3.3-70b-instruct-fp8-fast,xénophobie,sarcasme,hardcase,xenophobie,0.8,,1891,1,,2026-08-22T17:41:12
rxa_0477,cloudflare,@cf/meta/llama-3.3-70b-instruct-fp8-fast,racisme,haine_implicite,generation_originale,xenophobie,0.8,,2280,1,,2026-08-22T17:41:17
rxa_0229,cloudflare,@cf/meta/llama-3.3-70b-instruct-fp8-fast,racisme,haine_explicite,tri_manuel,racisme,0.9,,680,1,,2026-08-22T17:41:21
rxa_1130,cloudflare,@cf/meta/llama-3.3-70b-instruct-fp8-fast,antisémitisme,stereotype,transfert_racisme_antisemitisme,antisemitisme,1.0,,1639,1,,2026-08-22T17:41:26
rxa_0795,cloudflare,@cf/meta/llama-3.3-70b-instruct-fp8-fast,xénophobie,sarcasme,generation_originale,xenophobie,0.8,,634,1,,2026-08-22T17:41:30
rxa_0767,cloudflare,@cf/meta/llama-3.3-70b-instruct-fp8-fast,xénophobie,stereotype,generation_originale,xenophobie,0.9,,697,1,,2026-08-22T17:41:34
rxa_1385,cloudflare,@cf/meta/llama-3.3-70b-instruct-fp8-fast,antisémitisme,sarcasme,hardcase,xenophobie,0.6,,2654,1,,2026-08-22T17:41:40
rxa_0461,cloudflare,@cf/meta/llama-3.3-70b-instruct-fp8-fast,racisme,haine_implicite,generation_originale,xenophobie,0.8,,523,1,,2026-08-22T17:41:44
rxa_1001,cloudflare,@cf/meta/llama-3.3-70b-instruct-fp8-fast,antisémitisme,hostilite_religieuse,transfert_racisme_antisemitisme,antisemitisme,0.8,,495,1,,2026-08-22T17:41:48
rxa_0331,cloudflare,@cf/meta/llama-3.3-70b-instruct-fp8-fast,racisme,haine_explicite,tri_manuel,racisme,0.9,,505,1,,2026-08-22T17:41:52
rxa_0653,cloudflare,@cf/meta/llama-3.3-70b-instruct-fp8-fast,xénophobie,dog_whistle,transfert_racisme_xenophobie,xenophobie,0.9,,603,1,,2026-08-22T17:41:56
rxa_0087,cloudflare,@cf/meta/llama-3.3-70b-instruct-fp8-fast,racisme,haine_implicite,tri_manuel,xenophobie,0.8,,706,1,,2026-08-22T17:42:00
rxa_1313,cloudflare,@cf/meta/llama-3.3-70b-instruct-fp8-fast,antisémitisme,sarcasme,hardcase,xenophobie,0.6,,590,1,,2026-08-22T17:42:04
rxa_0663,cloudflare,@cf/meta/llama-3.3-70b-instruct-fp8-fast,xénophobie,ambigu,transfert_racisme_xenophobie,xenophobie,0.8,,584,1,,2026-08-22T17:42:07
rxa_1402,cloudflare,@cf/meta/llama-3.3-70b-instruct-fp8-fast,antisémitisme,stereotype,hardcase,xenophobie,0.0,,499,1,,2026-08-22T17:42:11
rxa_1132,cloudflare,@cf/meta/llama-3.3-70b-instruct-fp8-fast,antisémitisme,haine_explicite,transfert_racisme_antisemitisme,antisemitisme,1.0,,844,1,,2026-08-22T17:42:15
rxa_0281,cloudflare,@cf/meta/llama-3.3-70b-instruct-fp8-fast,racisme,haine_explicite,tri_manuel,racisme,0.8,,577,1,,2026-08-22T17:42:19
rxa_0396,cloudflare,@cf/meta/llama-3.3-70b-instruct-fp8-fast,racisme,haine_explicite,tri_manuel,racisme,0.9,,719,1,,2026-08-22T17:42:23
rxa_0132,cloudflare,@cf/meta/llama-3.3-70b-instruct-fp8-fast,racisme,sarcasme,tri_manuel,racisme,0.8,,634,1,,2026-08-22T17:42:27
rxa_0388,cloudflare,@cf/meta/llama-3.3-70b-instruct-fp8-fast,racisme,haine_explicite,tri_manuel,racisme,0.9,,486,1,,2026-08-22T17:42:31
rxa_0368,cloudflare,@cf/meta/llama-3.3-70b-instruct-fp8-fast,racisme,haine_explicite,tri_manuel,racisme,0.9,,673,1,,2026-08-22T17:42:35
rxa_0691,cloudflare,@cf/meta/llama-3.3-70b-instruct-fp8-fast,xénophobie,haine_explicite,generation_originale,xenophobie,0.8,,848,1,,2026-08-22T17:42:39
rxa_1244,cloudflare,@cf/meta/llama-3.3-70b-instruct-fp8-fast,antisémitisme,stereotype,generation_originale,antisemitisme,0.8,,944,1,,2026-08-22T17:42:43
rxa_0921,cloudflare,@cf/meta/llama-3.3-70b-instruct-fp8-fast,xénophobie,sarcasme,hardcase,xenophobie,0.8,,931,1,,2026-08-22T17:42:48
rxa_0479,cloudflare,@cf/meta/llama-3.3-70b-instruct-fp8-fast,racisme,haine_implicite,generation_originale,racisme,0.8,,901,1,,2026-08-22T17:42:52
rxa_1216,cloudflare,@cf/meta/llama-3.3-70b-instruct-fp8-fast,antisémitisme,haine_implicite,generation_originale,antisemitisme,0.8,,835,1,,2026-08-22T17:42:56
rxa_0765,cloudflare,@cf/meta/llama-3.3-70b-instruct-fp8-fast,xénophobie,stereotype,generation_originale,xenophobie,0.8,,666,1,,2026-08-22T17:43:00
rxa_0965,cloudflare,@cf/meta/llama-3.3-70b-instruct-fp8-fast,antisémitisme,hostilite_religieuse,transfert_racisme_antisemitisme,antisemitisme,0.9,,648,1,,2026-08-22T17:43:04
rxa_0253,cloudflare,@cf/meta/llama-3.3-70b-instruct-fp8-fast,racisme,haine_explicite,tri_manuel,racisme,0.9,,511,1,,2026-08-22T17:43:08
rxa_1170,cloudflare,@cf/meta/llama-3.3-70b-instruct-fp8-fast,antisémitisme,haine_explicite,generation_originale,antisemitisme,1.0,,942,1,,2026-08-22T17:43:12
rxa_0151,cloudflare,@cf/meta/llama-3.3-70b-instruct-fp8-fast,xénophobie,exclusion,tri_manuel,xenophobie,0.8,,897,1,,2026-08-22T17:43:16
rxa_1471,cloudflare,@cf/meta/llama-3.3-70b-instruct-fp8-fast,racisme,dog_whistle,generation_complement,xenophobie,0.9,,1013,1,,2026-08-22T17:43:21
rxa_1217,cloudflare,@cf/meta/llama-3.3-70b-instruct-fp8-fast,antisémitisme,haine_implicite,generation_originale,xenophobie,0.6,,912,1,,2026-08-22T17:43:25
rxa_1004,cloudflare,@cf/meta/llama-3.3-70b-instruct-fp8-fast,antisémitisme,haine_explicite,transfert_racisme_antisemitisme,antisemitisme,0.9,,501,1,,2026-08-22T17:43:29
rxa_0776,cloudflare,@cf/meta/llama-3.3-70b-instruct-fp8-fast,xénophobie,stereotype,generation_originale,xenophobie,0.8,,2640,1,,2026-08-22T17:43:35
rxa_0793,cloudflare,@cf/meta/llama-3.3-70b-instruct-fp8-fast,xénophobie,sarcasme,generation_originale,xenophobie,0.8,,625,1,,2026-08-22T17:43:38
rxa_0513,cloudflare,@cf/meta/llama-3.3-70b-instruct-fp8-fast,racisme,dog_whistle,generation_originale,xenophobie,0.8,,722,1,,2026-08-22T17:43:42
rxa_1057,cloudflare,@cf/meta/llama-3.3-70b-instruct-fp8-fast,antisémitisme,hostilite_religieuse,transfert_racisme_antisemitisme,antisemitisme,0.8,,797,1,,2026-08-22T17:43:47
rxa_0536,cloudflare,@cf/meta/llama-3.3-70b-instruct-fp8-fast,xénophobie,haine_explicite,transfert_racisme_xenophobie,xenophobie,0.9,,605,1,,2026-08-22T17:43:50
rxa_0094,cloudflare,@cf/meta/llama-3.3-70b-instruct-fp8-fast,racisme,haine_implicite,tri_manuel,xenophobie,0.8,,555,1,,2026-08-22T17:43:54
rxa_0539,cloudflare,@cf/meta/llama-3.3-70b-instruct-fp8-fast,xénophobie,haine_explicite,transfert_racisme_xenophobie,xenophobie,0.9,,738,1,,2026-08-22T17:43:58
rxa_1343,cloudflare,@cf/meta/llama-3.3-70b-instruct-fp8-fast,antisémitisme,sarcasme,hardcase,antisemitisme,0.8,,2897,1,,2026-08-22T17:44:05
rxa_0994,cloudflare,@cf/meta/llama-3.3-70b-instruct-fp8-fast,antisémitisme,stereotype,transfert_racisme_antisemitisme,antisemitisme,0.9,,739,1,,2026-08-22T17:44:09
rxa_0883,cloudflare,@cf/meta/llama-3.3-70b-instruct-fp8-fast,xénophobie,haine_implicite,hardcase,xenophobie,0.2,,772,1,,2026-08-22T17:44:13
rxa_0218,cloudflare,@cf/meta/llama-3.3-70b-instruct-fp8-fast,xénophobie,exclusion,tri_manuel,xenophobie,0.9,,856,1,,2026-08-22T17:44:17
rxa_0946,cloudflare,@cf/meta/llama-3.3-70b-instruct-fp8-fast,xénophobie,ambigu,hardcase,xenophobie,0.8,,709,1,,2026-08-22T17:44:21
rxa_0766,cloudflare,@cf/meta/llama-3.3-70b-instruct-fp8-fast,xénophobie,stereotype,generation_originale,xenophobie,0.8,,439,1,,2026-08-22T17:44:25
rxa_1188,cloudflare,@cf/meta/llama-3.3-70b-instruct-fp8-fast,antisémitisme,haine_explicite,generation_originale,antisemitisme,0.9,,719,1,,2026-08-22T17:44:29
rxa_1129,cloudflare,@cf/meta/llama-3.3-70b-instruct-fp8-fast,antisémitisme,haine_explicite,transfert_racisme_antisemitisme,antisemitisme,1.0,,2008,1,,2026-08-22T17:44:34
rxa_0550,cloudflare,@cf/meta/llama-3.3-70b-instruct-fp8-fast,xénophobie,haine_explicite,transfert_racisme_xenophobie,xenophobie,0.9,,859,1,,2026-08-22T17:44:38
rxa_0422,cloudflare,@cf/meta/llama-3.3-70b-instruct-fp8-fast,racisme,haine_explicite,generation_originale,xenophobie,0.9,,1177,1,,2026-08-22T17:44:43
rxa_0078,cloudflare,@cf/meta/llama-3.3-70b-instruct-fp8-fast,racisme,dog_whistle,tri_manuel,xenophobie,0.9,,967,1,,2026-08-22T17:44:47
rxa_0259,cloudflare,@cf/meta/llama-3.3-70b-instruct-fp8-fast,racisme,haine_implicite,tri_manuel,xenophobie,0.8,,645,1,,2026-08-22T17:44:51
rxa_0147,cloudflare,@cf/meta/llama-3.3-70b-instruct-fp8-fast,racisme,stereotype,tri_manuel,xenophobie,0.8,,840,1,,2026-08-22T17:44:55
rxa_0369,cloudflare,@cf/meta/llama-3.3-70b-instruct-fp8-fast,racisme,haine_explicite,tri_manuel,racisme,0.9,,641,1,,2026-08-22T17:44:59
rxa_1229,cloudflare,@cf/meta/llama-3.3-70b-instruct-fp8-fast,antisémitisme,haine_implicite,generation_originale,antisemitisme,0.8,,695,1,,2026-08-22T17:45:03
rxa_1169,cloudflare,@cf/meta/llama-3.3-70b-instruct-fp8-fast,antisémitisme,haine_explicite,generation_originale,antisemitisme,0.9,,889,1,,2026-08-22T17:45:07
rxa_0583,cloudflare,@cf/meta/llama-3.3-70b-instruct-fp8-fast,xénophobie,haine_implicite,transfert_racisme_xenophobie,xenophobie,0.8,,631,1,,2026-08-22T17:45:11
rxa_0495,cloudflare,@cf/meta/llama-3.3-70b-instruct-fp8-fast,racisme,stereotype,generation_originale,racisme,0.8,,567,1,,2026-08-22T17:45:15
rxa_0664,cloudflare,@cf/meta/llama-3.3-70b-instruct-fp8-fast,xénophobie,ambigu,transfert_racisme_xenophobie,xenophobie,0.8,,619,1,,2026-08-22T17:45:19
rxa_1494,cloudflare,@cf/meta/llama-3.3-70b-instruct-fp8-fast,xénophobie,dog_whistle,generation_complement,xenophobie,0.8,,593,1,,2026-08-22T17:45:23
rxa_0920,cloudflare,@cf/meta/llama-3.3-70b-instruct-fp8-fast,xénophobie,sarcasme,hardcase,xenophobie,0.8,,564,1,,2026-08-22T17:45:27
rxa_1447,cloudflare,@cf/meta/llama-3.3-70b-instruct-fp8-fast,racisme,stereotype,generation_complement,racisme,0.9,,567,1,,2026-08-22T17:45:31
rxa_0101,cloudflare,@cf/meta/llama-3.3-70b-instruct-fp8-fast,racisme,haine_explicite,tri_manuel,xenophobie,0.8,,1713,1,,2026-08-23T14:11:36
rxa_1156,cloudflare,@cf/meta/llama-3.3-70b-instruct-fp8-fast,antisémitisme,haine_explicite,generation_originale,antisemitisme,1.0,,719,1,,2026-08-23T14:11:43
rxa_0332,cloudflare,@cf/meta/llama-3.3-70b-instruct-fp8-fast,racisme,haine_implicite,tri_manuel,racisme,0.9,,576,1,,2026-08-23T14:11:51
rxa_1260,cloudflare,@cf/meta/llama-3.3-70b-instruct-fp8-fast,antisémitisme,sarcasme,generation_originale,antisemitisme,0.8,,729,1,,2026-08-23T14:11:58
rxa_1452,cloudflare,@cf/meta/llama-3.3-70b-instruct-fp8-fast,racisme,stereotype,generation_complement,xenophobie,0.8,,620,1,,2026-08-23T14:12:05
rxa_0480,cloudflare,@cf/meta/llama-3.3-70b-instruct-fp8-fast,racisme,haine_implicite,generation_originale,xenophobie,0.8,,622,1,,2026-08-23T14:12:12
rxa_1115,cloudflare,@cf/meta/llama-3.3-70b-instruct-fp8-fast,antisémitisme,haine_explicite,transfert_racisme_antisemitisme,antisemitisme,1.0,,1409,1,,2026-08-23T14:12:20
rxa_0881,cloudflare,@cf/meta/llama-3.3-70b-instruct-fp8-fast,xénophobie,haine_implicite,hardcase,xenophobie,0.8,,621,1,,2026-08-23T14:12:28
rxa_0614,cloudflare,@cf/meta/llama-3.3-70b-instruct-fp8-fast,xénophobie,exclusion,transfert_racisme_xenophobie,xenophobie,0.8,,685,1,,2026-08-23T14:12:35
rxa_0688,cloudflare,@cf/meta/llama-3.3-70b-instruct-fp8-fast,xénophobie,haine_explicite,generation_originale,xenophobie,0.9,,639,1,,2026-08-23T14:12:42
rxa_1419,cloudflare,@cf/meta/llama-3.3-70b-instruct-fp8-fast,racisme,haine_explicite,generation_complement,racisme,0.9,,602,1,,2026-08-23T14:12:49
rxa_0224,cloudflare,@cf/meta/llama-3.3-70b-instruct-fp8-fast,racisme,haine_explicite,tri_manuel,racisme,0.9,,864,1,,2026-08-23T14:12:57
rxa_1280,cloudflare,@cf/meta/llama-3.3-70b-instruct-fp8-fast,antisémitisme,dog_whistle,generation_originale,xenophobie,0.8,,660,1,,2026-08-23T14:13:04
rxa_1122,cloudflare,@cf/meta/llama-3.3-70b-instruct-fp8-fast,antisémitisme,haine_explicite,transfert_racisme_antisemitisme,antisemitisme,1.0,,422,1,,2026-08-23T14:13:11
rxa_0027,cloudflare,@cf/meta/llama-3.3-70b-instruct-fp8-fast,racisme,hostilite_religieuse,tri_manuel,xenophobie,0.8,,1268,1,,2026-08-23T14:13:19
rxa_1379,cloudflare,@cf/meta/llama-3.3-70b-instruct-fp8-fast,antisémitisme,sarcasme,hardcase,xenophobie,0.8,,646,1,,2026-08-23T14:13:26
rxa_0928,cloudflare,@cf/meta/llama-3.3-70b-instruct-fp8-fast,xénophobie,exclusion,hardcase,xenophobie,0.8,,818,1,,2026-08-23T14:13:34
rxa_1388,cloudflare,@cf/meta/llama-3.3-70b-instruct-fp8-fast,antisémitisme,haine_implicite,hardcase,antisemitisme,0.8,,796,1,,2026-08-23T14:13:41
rxa_0599,cloudflare,@cf/meta/llama-3.3-70b-instruct-fp8-fast,xénophobie,exclusion,transfert_racisme_xenophobie,xenophobie,0.8,,890,1,,2026-08-23T14:13:49
rxa_0268,cloudflare,@cf/meta/llama-3.3-70b-instruct-fp8-fast,racisme,haine_explicite,tri_manuel,racisme,0.9,,1072,1,,2026-08-23T14:13:56
rxa_1105,cloudflare,@cf/meta/llama-3.3-70b-instruct-fp8-fast,antisémitisme,haine_explicite,transfert_racisme_antisemitisme,antisemitisme,1.0,,825,1,,2026-08-23T14:14:04
rxa_1400,cloudflare,@cf/meta/llama-3.3-70b-instruct-fp8-fast,antisémitisme,haine_implicite,hardcase,racisme,0.8,,1496,1,,2026-08-23T14:14:12
rxa_1440,cloudflare,@cf/meta/llama-3.3-70b-instruct-fp8-fast,racisme,haine_implicite,generation_complement,xenophobie,0.8,,843,1,,2026-08-23T14:14:19
rxa_0403,cloudflare,@cf/meta/llama-3.3-70b-instruct-fp8-fast,racisme,haine_explicite,tri_manuel,racisme,0.9,,1246,1,,2026-08-23T14:14:27
rxa_0267,cloudflare,@cf/meta/llama-3.3-70b-instruct-fp8-fast,xénophobie,exclusion,tri_manuel,xenophobie,0.9,,1382,1,,2026-08-23T14:14:35
rxa_0234,cloudflare,@cf/meta/llama-3.3-70b-instruct-fp8-fast,racisme,sarcasme,tri_manuel,racisme,0.9,,685,1,,2026-08-23T14:14:42
rxa_1427,cloudflare,@cf/meta/llama-3.3-70b-instruct-fp8-fast,racisme,haine_explicite,generation_complement,racisme,0.9,,801,1,,2026-08-23T14:14:50
rxa_1449,cloudflare,@cf/meta/llama-3.3-70b-instruct-fp8-fast,racisme,stereotype,generation_complement,xenophobie,0.8,,959,1,,2026-08-23T14:14:57
rxa_0202,cloudflare,@cf/meta/llama-3.3-70b-instruct-fp8-fast,racisme,haine_explicite,tri_manuel,racisme,0.9,,546,1,,2026-08-23T14:15:05
rxa_0360,cloudflare,@cf/meta/llama-3.3-70b-instruct-fp8-fast,racisme,haine_explicite,tri_manuel,racisme,0.9,,2168,1,,2026-08-23T14:15:13
rxa_1036,cloudflare,@cf/meta/llama-3.3-70b-instruct-fp8-fast,antisémitisme,haine_implicite,transfert_racisme_antisemitisme,antisemitisme,0.9,,813,1,,2026-08-23T14:15:21
rxa_0783,cloudflare,@cf/meta/llama-3.3-70b-instruct-fp8-fast,xénophobie,sarcasme,generation_originale,xenophobie,0.9,,864,1,,2026-08-23T14:15:28
rxa_0166,cloudflare,@cf/meta/llama-3.3-70b-instruct-fp8-fast,xénophobie,exclusion,tri_manuel,xenophobie,0.9,,868,1,,2026-08-23T14:15:36
rxa_0425,cloudflare,@cf/meta/llama-3.3-70b-instruct-fp8-fast,racisme,haine_explicite,generation_originale,xenophobie,0.9,,639,1,,2026-08-23T14:15:43
rxa_1330,cloudflare,@cf/meta/llama-3.3-70b-instruct-fp8-fast,antisémitisme,sarcasme,hardcase,xenophobie,0.6,,613,1,,2026-08-23T14:15:50
rxa_0833,cloudflare,@cf/meta/llama-3.3-70b-instruct-fp8-fast,xénophobie,dog_whistle,hardcase,xenophobie,0.8,,647,1,,2026-08-23T14:15:57
rxa_1374,cloudflare,@cf/meta/llama-3.3-70b-instruct-fp8-fast,antisémitisme,haine_implicite,hardcase,xenophobie,0.6,,856,1,,2026-08-23T14:16:05
rxa_0498,cloudflare,@cf/meta/llama-3.3-70b-instruct-fp8-fast,racisme,stereotype,generation_originale,xenophobie,0.8,,731,1,,2026-08-23T14:16:12
rxa_1163,cloudflare,@cf/meta/llama-3.3-70b-instruct-fp8-fast,antisémitisme,haine_explicite,generation_originale,antisemitisme,0.9,,1452,1,,2026-08-23T14:16:20
rxa_0627,cloudflare,@cf/meta/llama-3.3-70b-instruct-fp8-fast,xénophobie,sarcasme,transfert_racisme_xenophobie,xenophobie,0.8,,780,1,,2026-08-23T14:16:28
rxa_0096,cloudflare,@cf/meta/llama-3.3-70b-instruct-fp8-fast,racisme,stereotype,tri_manuel,racisme,0.8,,669,1,,2026-08-23T14:16:35
rxa_0079,cloudflare,@cf/meta/llama-3.3-70b-instruct-fp8-fast,xénophobie,exclusion,tri_manuel,xenophobie,0.8,,798,1,,2026-08-23T14:16:42
rxa_1108,cloudflare,@cf/meta/llama-3.3-70b-instruct-fp8-fast,antisémitisme,haine_explicite,transfert_racisme_antisemitisme,antisemitisme,1.0,,610,1,,2026-08-23T14:16:50
rxa_0239,cloudflare,@cf/meta/llama-3.3-70b-instruct-fp8-fast,racisme,haine_explicite,tri_manuel,racisme,1.0,,462,1,,2026-08-23T14:16:57
rxa_0586,cloudflare,@cf/meta/llama-3.3-70b-instruct-fp8-fast,xénophobie,haine_implicite,transfert_racisme_xenophobie,xenophobie,0.8,,632,1,,2026-08-23T14:17:04
rxa_1232,cloudflare,@cf/meta/llama-3.3-70b-instruct-fp8-fast,antisémitisme,stereotype,generation_originale,antisemitisme,0.8,,684,1,,2026-08-23T14:17:11
rxa_0285,cloudflare,@cf/meta/llama-3.3-70b-instruct-fp8-fast,antisémitisme,haine_explicite,tri_manuel,antisemitisme,1.0,,935,1,,2026-08-23T14:17:19
rxa_0426,cloudflare,@cf/meta/llama-3.3-70b-instruct-fp8-fast,racisme,haine_explicite,generation_originale,xenophobie,0.8,,600,1,,2026-08-23T14:17:26
rxa_0598,cloudflare,@cf/meta/llama-3.3-70b-instruct-fp8-fast,xénophobie,exclusion,transfert_racisme_xenophobie,xenophobie,0.8,,675,1,,2026-08-23T14:17:33
rxa_0517,cloudflare,@cf/meta/llama-3.3-70b-instruct-fp8-fast,racisme,dog_whistle,generation_originale,xenophobie,0.8,,786,1,,2026-08-23T14:17:41
rxa_0723,cloudflare,@cf/meta/llama-3.3-70b-instruct-fp8-fast,xénophobie,haine_implicite,generation_originale,xenophobie,0.8,,1089,1,,2026-08-23T14:17:48
rxa_0113,cloudflare,@cf/meta/llama-3.3-70b-instruct-fp8-fast,racisme,haine_implicite,tri_manuel,xenophobie,0.8,,1501,1,,2026-08-23T14:17:56
rxa_1267,cloudflare,@cf/meta/llama-3.3-70b-instruct-fp8-fast,antisémitisme,sarcasme,generation_originale,xenophobie,0.2,,776,1,,2026-08-23T14:18:04
rxa_0618,cloudflare,@cf/meta/llama-3.3-70b-instruct-fp8-fast,xénophobie,sarcasme,transfert_racisme_xenophobie,xenophobie,0.8,,594,1,,2026-08-23T14:18:11
rxa_1109,cloudflare,@cf/meta/llama-3.3-70b-instruct-fp8-fast,antisémitisme,haine_explicite,transfert_racisme_antisemitisme,antisemitisme,1.0,,759,1,,2026-08-23T14:18:18
rxa_0582,cloudflare,@cf/meta/llama-3.3-70b-instruct-fp8-fast,xénophobie,haine_implicite,transfert_racisme_xenophobie,xenophobie,0.8,,648,1,,2026-08-23T14:18:26
rxa_1005,cloudflare,@cf/meta/llama-3.3-70b-instruct-fp8-fast,antisémitisme,haine_explicite,transfert_racisme_antisemitisme,antisemitisme,0.9,,1037,1,,2026-08-23T14:18:33
rxa_0193,cloudflare,@cf/meta/llama-3.3-70b-instruct-fp8-fast,xénophobie,complotisme,tri_manuel,xenophobie,0.9,,584,1,,2026-08-23T14:18:40
rxa_0064,cloudflare,@cf/meta/llama-3.3-70b-instruct-fp8-fast,racisme,hostilite_religieuse,tri_manuel,xenophobie,0.8,,975,1,,2026-08-23T14:18:48
rxa_0070,cloudflare,@cf/meta/llama-3.3-70b-instruct-fp8-fast,racisme,haine_explicite,tri_manuel,racisme,0.8,,562,1,,2026-08-23T14:18:55
rxa_1080,cloudflare,@cf/meta/llama-3.3-70b-instruct-fp8-fast,antisémitisme,stereotype,transfert_racisme_antisemitisme,antisemitisme,1.0,,695,1,,2026-08-23T14:19:02
rxa_1235,cloudflare,@cf/meta/llama-3.3-70b-instruct-fp8-fast,antisémitisme,stereotype,generation_originale,antisemitisme,0.8,,4551,1,,2026-08-23T14:19:14
rxa_0260,cloudflare,@cf/meta/llama-3.3-70b-instruct-fp8-fast,racisme,haine_explicite,tri_manuel,racisme,0.9,,651,1,,2026-08-23T14:19:21
rxa_1248,cloudflare,@cf/meta/llama-3.3-70b-instruct-fp8-fast,antisémitisme,stereotype,generation_originale,antisemitisme,0.8,,698,1,,2026-08-23T14:19:28
rxa_1373,cloudflare,@cf/meta/llama-3.3-70b-instruct-fp8-fast,antisémitisme,dog_whistle,hardcase,antisemitisme,0.8,,1088,1,,2026-08-23T14:19:36
rxa_0009,cloudflare,@cf/meta/llama-3.3-70b-instruct-fp8-fast,racisme,stereotype,tri_manuel,racisme,0.8,,672,1,,2026-08-23T14:19:43
rxa_0344,cloudflare,@cf/meta/llama-3.3-70b-instruct-fp8-fast,racisme,haine_explicite,tri_manuel,racisme,0.9,,587,1,,2026-08-23T14:19:50
rxa_0347,cloudflare,@cf/meta/llama-3.3-70b-instruct-fp8-fast,racisme,haine_explicite,tri_manuel,racisme,0.9,,562,1,,2026-08-23T14:19:58
rxa_0734,cloudflare,@cf/meta/llama-3.3-70b-instruct-fp8-fast,xénophobie,haine_implicite,generation_originale,xenophobie,0.8,,825,1,,2026-08-23T14:20:05
rxa_1316,cloudflare,@cf/meta/llama-3.3-70b-instruct-fp8-fast,antisémitisme,stereotype,hardcase,antisemitisme,0.8,,759,1,,2026-08-23T14:20:12
rxa_0629,cloudflare,@cf/meta/llama-3.3-70b-instruct-fp8-fast,xénophobie,sarcasme,transfert_racisme_xenophobie,xenophobie,0.8,,891,1,,2026-08-23T14:20:20
rxa_1270,cloudflare,@cf/meta/llama-3.3-70b-instruct-fp8-fast,antisémitisme,sarcasme,generation_originale,antisemitisme,0.8,,1261,1,,2026-08-23T14:20:28
rxa_1382,cloudflare,@cf/meta/llama-3.3-70b-instruct-fp8-fast,antisémitisme,haine_implicite,hardcase,xenophobie,0.6,,985,1,,2026-08-23T14:20:35
rxa_0529,cloudflare,@cf/meta/llama-3.3-70b-instruct-fp8-fast,racisme,ambigu,generation_originale,xenophobie,0.6,,492,1,,2026-08-23T14:20:42
rxa_1151,cloudflare,@cf/meta/llama-3.3-70b-instruct-fp8-fast,antisémitisme,haine_explicite,generation_originale,antisemitisme,1.0,,980,1,,2026-08-23T14:20:50
rxa_1140,cloudflare,@cf/meta/llama-3.3-70b-instruct-fp8-fast,antisémitisme,haine_explicite,transfert_racisme_antisemitisme,antisemitisme,0.9,,551,1,,2026-08-23T14:20:57
rxa_1475,cloudflare,@cf/meta/llama-3.3-70b-instruct-fp8-fast,racisme,ambigu,generation_complement,xenophobie,0.8,,696,1,,2026-08-23T14:21:04
rxa_0892,cloudflare,@cf/meta/llama-3.3-70b-instruct-fp8-fast,xénophobie,haine_implicite,hardcase,xenophobie,0.8,,724,1,,2026-08-23T14:21:12
rxa_0796,cloudflare,@cf/meta/llama-3.3-70b-instruct-fp8-fast,xénophobie,dog_whistle,generation_originale,xenophobie,0.9,,661,1,,2026-08-23T14:21:19
rxa_0724,cloudflare,@cf/meta/llama-3.3-70b-instruct-fp8-fast,xénophobie,haine_implicite,generation_originale,xenophobie,0.8,,664,1,,2026-08-23T14:21:26
rxa_0015,cloudflare,@cf/meta/llama-3.3-70b-instruct-fp8-fast,racisme,exclusion,tri_manuel,xenophobie,0.8,,1428,1,,2026-08-23T14:21:34
rxa_1002,cloudflare,@cf/meta/llama-3.3-70b-instruct-fp8-fast,antisémitisme,hostilite_religieuse,transfert_racisme_antisemitisme,antisemitisme,0.8,,501,1,,2026-08-23T14:21:41
rxa_0006,cloudflare,@cf/meta/llama-3.3-70b-instruct-fp8-fast,racisme,hostilite_religieuse,tri_manuel,xenophobie,0.8,,1784,1,,2026-08-23T14:21:50
rxa_0932,cloudflare,@cf/meta/llama-3.3-70b-instruct-fp8-fast,xénophobie,haine_implicite,hardcase,racisme,0.8,,759,1,,2026-08-23T14:21:57
rxa_0385,cloudflare,@cf/meta/llama-3.3-70b-instruct-fp8-fast,racisme,haine_explicite,tri_manuel,racisme,0.9,,1045,1,,2026-08-23T14:22:05
rxa_0199,cloudflare,@cf/meta/llama-3.3-70b-instruct-fp8-fast,xénophobie,exclusion,tri_manuel,xenophobie,0.9,,617,1,,2026-08-23T14:22:12
rxa_0299,cloudflare,@cf/meta/llama-3.3-70b-instruct-fp8-fast,racisme,haine_explicite,tri_manuel,racisme,0.9,,1669,1,,2026-08-23T14:22:20
rxa_1162,cloudflare,@cf/meta/llama-3.3-70b-instruct-fp8-fast,antisémitisme,haine_explicite,generation_originale,antisemitisme,1.0,,668,1,,2026-08-23T14:22:28
rxa_0849,cloudflare,@cf/meta/llama-3.3-70b-instruct-fp8-fast,xénophobie,dog_whistle,hardcase,xenophobie,0.8,,583,1,,2026-08-23T14:22:35
rxa_0418,cloudflare,@cf/meta/llama-3.3-70b-instruct-fp8-fast,racisme,haine_explicite,generation_originale,racisme,0.9,,570,1,,2026-08-23T14:22:42
rxa_0812,cloudflare,@cf/meta/llama-3.3-70b-instruct-fp8-fast,xénophobie,ambigu,generation_originale,xenophobie,0.8,,850,1,,2026-08-23T14:22:49
rxa_0843,cloudflare,@cf/meta/llama-3.3-70b-instruct-fp8-fast,xénophobie,sarcasme,hardcase,xenophobie,0.8,,720,1,,2026-08-23T14:22:57
rxa_1079,cloudflare,@cf/meta/llama-3.3-70b-instruct-fp8-fast,antisémitisme,stereotype,transfert_racisme_antisemitisme,antisemitisme,0.9,,683,1,,2026-08-23T14:23:04
rxa_1230,cloudflare,@cf/meta/llama-3.3-70b-instruct-fp8-fast,antisémitisme,haine_implicite,generation_originale,xenophobie,0.8,,782,1,,2026-08-23T14:23:11
rxa_0632,cloudflare,@cf/meta/llama-3.3-70b-instruct-fp8-fast,xénophobie,sarcasme,transfert_racisme_xenophobie,xenophobie,0.9,,731,1,,2026-08-23T14:23:19
rxa_1429,cloudflare,@cf/meta/llama-3.3-70b-instruct-fp8-fast,racisme,haine_implicite,generation_complement,racisme,0.8,,728,1,,2026-08-23T14:23:26
rxa_0276,cloudflare,@cf/meta/llama-3.3-70b-instruct-fp8-fast,antisémitisme,haine_explicite,tri_manuel,antisemitisme,1.0,,952,1,,2026-08-23T14:23:34
rxa_1116,cloudflare,@cf/meta/llama-3.3-70b-instruct-fp8-fast,antisémitisme,haine_explicite,transfert_racisme_antisemitisme,antisemitisme,0.9,,565,1,,2026-08-23T14:23:41
rxa_1221,cloudflare,@cf/meta/llama-3.3-70b-instruct-fp8-fast,antisémitisme,haine_implicite,generation_originale,xenophobie,0.2,,633,1,,2026-08-23T14:23:48
rxa_1492,cloudflare,@cf/meta/llama-3.3-70b-instruct-fp8-fast,xénophobie,sarcasme,generation_complement,xenophobie,0.9,,1393,1,,2026-08-23T14:23:56
rxa_0390,cloudflare,@cf/meta/llama-3.3-70b-instruct-fp8-fast,racisme,haine_explicite,tri_manuel,racisme,0.9,,556,1,,2026-08-23T14:24:03
rxa_0262,cloudflare,@cf/meta/llama-3.3-70b-instruct-fp8-fast,racisme,stereotype,tri_manuel,racisme,0.8,,443,1,,2026-08-23T14:24:10
rxa_1424,cloudflare,@cf/meta/llama-3.3-70b-instruct-fp8-fast,racisme,haine_explicite,generation_complement,racisme,0.9,,735,1,,2026-08-23T14:24:18
rxa_1333,cloudflare,@cf/meta/llama-3.3-70b-instruct-fp8-fast,antisémitisme,dog_whistle,hardcase,xenophobie,0.6,,691,1,,2026-08-23T14:24:25
rxa_0964,cloudflare,@cf/meta/llama-3.3-70b-instruct-fp8-fast,antisémitisme,hostilite_religieuse,transfert_racisme_antisemitisme,antisemitisme,0.9,,541,1,,2026-08-23T14:24:32
rxa_0031,cloudflare,@cf/meta/llama-3.3-70b-instruct-fp8-fast,racisme,stereotype,tri_manuel,xenophobie,0.8,,7280,1,,2026-08-23T14:24:46
rxa_1293,cloudflare,@cf/meta/llama-3.3-70b-instruct-fp8-fast,antisémitisme,ambigu,generation_originale,antisemitisme,0.6,,544,1,,2026-08-23T14:24:53
rxa_0319,cloudflare,@cf/meta/llama-3.3-70b-instruct-fp8-fast,racisme,haine_explicite,tri_manuel,xenophobie,0.9,,612,1,,2026-08-23T14:25:00
rxa_0736,cloudflare,@cf/meta/llama-3.3-70b-instruct-fp8-fast,xénophobie,haine_implicite,generation_originale,xenophobie,0.8,,720,1,,2026-08-23T14:25:08
rxa_0206,cloudflare,@cf/meta/llama-3.3-70b-instruct-fp8-fast,racisme,haine_explicite,tri_manuel,racisme,0.9,,1692,1,,2026-08-23T14:25:16
rxa_0370,cloudflare,@cf/meta/llama-3.3-70b-instruct-fp8-fast,racisme,haine_explicite,tri_manuel,racisme,0.9,,537,1,,2026-08-23T14:25:23
rxa_0120,cloudflare,@cf/meta/llama-3.3-70b-instruct-fp8-fast,racisme,haine_implicite,tri_manuel,xenophobie,0.8,,508,1,,2026-08-23T14:25:30
rxa_0115,cloudflare,@cf/meta/llama-3.3-70b-instruct-fp8-fast,racisme,exclusion,tri_manuel,xenophobie,0.8,,918,1,,2026-08-23T14:25:38
rxa_0541,cloudflare,@cf/meta/llama-3.3-70b-instruct-fp8-fast,xénophobie,haine_explicite,transfert_racisme_xenophobie,xenophobie,0.9,,651,1,,2026-08-23T14:25:45
rxa_0341,cloudflare,@cf/meta/llama-3.3-70b-instruct-fp8-fast,antisémitisme,haine_explicite,tri_manuel,antisemitisme,0.9,,517,1,,2026-08-23T14:25:52
rxa_1453,cloudflare,@cf/meta/llama-3.3-70b-instruct-fp8-fast,racisme,stereotype,generation_complement,racisme,0.9,,1775,1,,2026-08-23T14:26:01
rxa_0521,cloudflare,@cf/meta/llama-3.3-70b-instruct-fp8-fast,racisme,dog_whistle,generation_originale,xenophobie,0.8,,601,1,,2026-08-23T14:26:08
rxa_1154,cloudflare,@cf/meta/llama-3.3-70b-instruct-fp8-fast,antisémitisme,haine_explicite,generation_originale,antisemitisme,1.0,,1449,1,,2026-08-23T14:26:16
rxa_0441,cloudflare,@cf/meta/llama-3.3-70b-instruct-fp8-fast,racisme,haine_explicite,generation_originale,racisme,0.9,,2043,1,,2026-08-23T14:26:25
rxa_1352,cloudflare,@cf/meta/llama-3.3-70b-instruct-fp8-fast,antisémitisme,stereotype,hardcase,antisemitisme,0.8,,1332,1,,2026-08-23T14:26:32
rxa_1125,cloudflare,@cf/meta/llama-3.3-70b-instruct-fp8-fast,antisémitisme,haine_explicite,transfert_racisme_antisemitisme,antisemitisme,1.0,,747,1,,2026-08-23T14:26:40
rxa_0768,cloudflare,@cf/meta/llama-3.3-70b-instruct-fp8-fast,xénophobie,stereotype,generation_originale,xenophobie,0.8,,1133,1,,2026-08-23T14:26:48
rxa_1459,cloudflare,@cf/meta/llama-3.3-70b-instruct-fp8-fast,racisme,sarcasme,generation_complement,xenophobie,0.8,,641,1,,2026-08-23T14:26:55
rxa_0154,cloudflare,@cf/meta/llama-3.3-70b-instruct-fp8-fast,xénophobie,exclusion,tri_manuel,xenophobie,0.8,,667,1,,2026-08-23T14:27:02
rxa_0971,cloudflare,@cf/meta/llama-3.3-70b-instruct-fp8-fast,antisémitisme,exclusion,transfert_racisme_antisemitisme,antisemitisme,0.8,,584,1,,2026-08-23T14:27:09
rxa_0075,cloudflare,@cf/meta/llama-3.3-70b-instruct-fp8-fast,racisme,haine_implicite,tri_manuel,xenophobie,0.8,,1593,1,,2026-08-23T14:27:17
rxa_0872,cloudflare,@cf/meta/llama-3.3-70b-instruct-fp8-fast,xénophobie,ambigu,hardcase,xenophobie,0.8,,757,1,,2026-08-23T14:27:25
rxa_1331,cloudflare,@cf/meta/llama-3.3-70b-instruct-fp8-fast,antisémitisme,haine_implicite,hardcase,racisme,0.8,,1967,1,,2026-08-23T14:27:33
rxa_0839,cloudflare,@cf/meta/llama-3.3-70b-instruct-fp8-fast,xénophobie,sarcasme,hardcase,xenophobie,0.8,,1762,1,,2026-08-23T14:27:42
rxa_0502,cloudflare,@cf/meta/llama-3.3-70b-instruct-fp8-fast,racisme,sarcasme,generation_originale,xenophobie,0.8,,648,1,,2026-08-23T14:27:49
rxa_1029,cloudflare,@cf/meta/llama-3.3-70b-instruct-fp8-fast,antisémitisme,exclusion,transfert_racisme_antisemitisme,antisemitisme,0.9,,678,1,,2026-08-23T14:27:56
rxa_1011,cloudflare,@cf/meta/llama-3.3-70b-instruct-fp8-fast,antisémitisme,hostilite_religieuse,transfert_racisme_antisemitisme,antisemitisme,1.0,,934,1,,2026-08-23T14:28:04
rxa_1458,cloudflare,@cf/meta/llama-3.3-70b-instruct-fp8-fast,racisme,sarcasme,generation_complement,xenophobie,0.8,,778,1,,2026-08-23T14:28:11
rxa_0895,cloudflare,@cf/meta/llama-3.3-70b-instruct-fp8-fast,xénophobie,haine_implicite,hardcase,xenophobie,0.8,,658,1,,2026-08-23T14:28:19
rxa_0649,cloudflare,@cf/meta/llama-3.3-70b-instruct-fp8-fast,xénophobie,dog_whistle,transfert_racisme_xenophobie,xenophobie,0.8,,641,1,,2026-08-23T14:28:26
rxa_0876,cloudflare,@cf/meta/llama-3.3-70b-instruct-fp8-fast,xénophobie,haine_implicite,hardcase,xenophobie,0.6,,598,1,,2026-08-23T14:28:33
rxa_0634,cloudflare,@cf/meta/llama-3.3-70b-instruct-fp8-fast,xénophobie,sarcasme,transfert_racisme_xenophobie,xenophobie,0.8,,735,1,,2026-08-23T14:28:40
rxa_0743,cloudflare,@cf/meta/llama-3.3-70b-instruct-fp8-fast,xénophobie,haine_implicite,generation_originale,xenophobie,0.8,,622,1,,2026-08-23T14:28:48
rxa_0953,cloudflare,@cf/meta/llama-3.3-70b-instruct-fp8-fast,xénophobie,exclusion,hardcase,xenophobie,0.8,,857,1,,2026-08-23T14:28:55
rxa_1190,cloudflare,@cf/meta/llama-3.3-70b-instruct-fp8-fast,antisémitisme,haine_explicite,generation_originale,antisemitisme,0.9,,1023,1,,2026-08-23T14:29:03
rxa_0823,cloudflare,@cf/meta/llama-3.3-70b-instruct-fp8-fast,xénophobie,ambigu,hardcase,xenophobie,0.8,,650,1,,2026-08-23T14:29:10
rxa_0802,cloudflare,@cf/meta/llama-3.3-70b-instruct-fp8-fast,xénophobie,dog_whistle,generation_originale,xenophobie,0.8,,596,1,,2026-08-23T14:29:17
rxa_1171,cloudflare,@cf/meta/llama-3.3-70b-instruct-fp8-fast,antisémitisme,haine_explicite,generation_originale,antisemitisme,0.9,,456,1,,2026-08-23T14:29:24
rxa_0334,cloudflare,@cf/meta/llama-3.3-70b-instruct-fp8-fast,racisme,haine_explicite,tri_manuel,xenophobie,0.8,,599,1,,2026-08-23T14:29:31
rxa_0201,cloudflare,@cf/meta/llama-3.3-70b-instruct-fp8-fast,antisémitisme,haine_explicite,tri_manuel,antisemitisme,1.0,,1228,1,,2026-08-23T14:29:39
rxa_1207,cloudflare,@cf/meta/llama-3.3-70b-instruct-fp8-fast,antisémitisme,haine_implicite,generation_originale,xenophobie,0.6,,768,1,,2026-08-23T14:29:47
rxa_1196,cloudflare,@cf/meta/llama-3.3-70b-instruct-fp8-fast,antisémitisme,haine_implicite,generation_originale,antisemitisme,0.8,,526,1,,2026-08-23T14:29:54
rxa_0107,cloudflare,@cf/meta/llama-3.3-70b-instruct-fp8-fast,racisme,exclusion,tri_manuel,xenophobie,0.8,,1725,1,,2026-08-23T14:30:02
rxa_0508,cloudflare,@cf/meta/llama-3.3-70b-instruct-fp8-fast,racisme,sarcasme,generation_originale,xenophobie,0.2,,819,1,,2026-08-23T14:30:09
rxa_1309,cloudflare,@cf/meta/llama-3.3-70b-instruct-fp8-fast,antisémitisme,haine_implicite,hardcase,xenophobie,0.2,,585,1,,2026-08-23T14:30:17
rxa_0221,cloudflare,@cf/meta/llama-3.3-70b-instruct-fp8-fast,antisémitisme,ambigu,tri_manuel,antisemitisme,1.0,,1000,1,,2026-08-23T14:30:24
rxa_0169,cloudflare,@cf/meta/llama-3.3-70b-instruct-fp8-fast,racisme,haine_explicite,tri_manuel,racisme,0.9,,534,1,,2026-08-23T14:30:31
rxa_1480,cloudflare,@cf/meta/llama-3.3-70b-instruct-fp8-fast,racisme,ambigu,generation_complement,xenophobie,0.8,,1509,1,,2026-08-23T14:30:39
rxa_0531,cloudflare,@cf/meta/llama-3.3-70b-instruct-fp8-fast,racisme,ambigu,generation_originale,xenophobie,0.6,,691,1,,2026-08-23T14:30:47
rxa_1059,cloudflare,@cf/meta/llama-3.3-70b-instruct-fp8-fast,antisémitisme,hostilite_religieuse,transfert_racisme_antisemitisme,antisemitisme,0.9,,1321,1,,2026-08-23T14:30:55
rxa_0818,cloudflare,@cf/meta/llama-3.3-70b-instruct-fp8-fast,xénophobie,ambigu,generation_originale,xenophobie,0.8,,634,1,,2026-08-23T14:31:02
rxa_0753,cloudflare,@cf/meta/llama-3.3-70b-instruct-fp8-fast,xénophobie,haine_implicite,generation_originale,xenophobie,0.8,,739,1,,2026-08-23T14:31:09
rxa_0996,cloudflare,@cf/meta/llama-3.3-70b-instruct-fp8-fast,antisémitisme,complotisme,transfert_racisme_antisemitisme,antisemitisme,1.0,,928,1,,2026-08-23T14:31:17
rxa_0504,cloudflare,@cf/meta/llama-3.3-70b-instruct-fp8-fast,racisme,sarcasme,generation_originale,xenophobie,0.6,,1991,1,,2026-08-23T14:31:25
rxa_0119,cloudflare,@cf/meta/llama-3.3-70b-instruct-fp8-fast,racisme,stereotype,tri_manuel,xenophobie,0.8,,854,1,,2026-08-23T14:31:33
rxa_0072,cloudflare,@cf/meta/llama-3.3-70b-instruct-fp8-fast,racisme,stereotype,tri_manuel,racisme,0.8,,1088,1,,2026-08-23T14:31:41
rxa_0330,cloudflare,@cf/meta/llama-3.3-70b-instruct-fp8-fast,xénophobie,exclusion,tri_manuel,xenophobie,0.9,,671,1,,2026-08-23T14:31:48
rxa_0980,cloudflare,@cf/meta/llama-3.3-70b-instruct-fp8-fast,antisémitisme,hostilite_religieuse,transfert_racisme_antisemitisme,antisemitisme,0.8,,920,1,,2026-08-23T14:31:55
rxa_0291,cloudflare,@cf/meta/llama-3.3-70b-instruct-fp8-fast,xénophobie,haine_implicite,tri_manuel,xenophobie,0.9,,1203,1,,2026-08-23T14:32:03
rxa_1290,cloudflare,@cf/meta/llama-3.3-70b-instruct-fp8-fast,antisémitisme,ambigu,generation_originale,xenophobie,0.2,,1082,1,,2026-08-23T14:32:11
rxa_0196,cloudflare,@cf/meta/llama-3.3-70b-instruct-fp8-fast,xénophobie,dog_whistle,tri_manuel,xenophobie,0.9,,895,1,,2026-08-23T14:32:18
rxa_0033,cloudflare,@cf/meta/llama-3.3-70b-instruct-fp8-fast,racisme,hostilite_religieuse,tri_manuel,xenophobie,0.8,,629,1,,2026-08-23T14:32:26
rxa_0679,cloudflare,@cf/meta/llama-3.3-70b-instruct-fp8-fast,xénophobie,haine_explicite,generation_originale,xenophobie,0.9,,673,1,,2026-08-23T14:32:33
rxa_0826,cloudflare,@cf/meta/llama-3.3-70b-instruct-fp8-fast,xénophobie,ambigu,hardcase,xenophobie,0.8,,1276,1,,2026-08-23T14:32:41
rxa_0606,cloudflare,@cf/meta/llama-3.3-70b-instruct-fp8-fast,xénophobie,exclusion,transfert_racisme_xenophobie,xenophobie,0.8,,673,1,,2026-08-23T14:32:48
rxa_1361,cloudflare,@cf/meta/llama-3.3-70b-instruct-fp8-fast,antisémitisme,haine_implicite,hardcase,antisemitisme,0.8,,774,1,,2026-08-23T14:32:55
rxa_0865,cloudflare,@cf/meta/llama-3.3-70b-instruct-fp8-fast,xénophobie,exclusion,hardcase,xenophobie,0.8,,851,1,,2026-08-23T14:33:03
rxa_1430,cloudflare,@cf/meta/llama-3.3-70b-instruct-fp8-fast,racisme,haine_implicite,generation_complement,racisme,0.8,,769,1,,2026-08-23T14:33:10
rxa_1478,cloudflare,@cf/meta/llama-3.3-70b-instruct-fp8-fast,racisme,ambigu,generation_complement,xenophobie,0.6,,725,1,,2026-08-23T14:33:18
rxa_0630,cloudflare,@cf/meta/llama-3.3-70b-instruct-fp8-fast,xénophobie,sarcasme,transfert_racisme_xenophobie,xenophobie,0.8,,666,1,,2026-08-23T14:33:25
rxa_1033,cloudflare,@cf/meta/llama-3.3-70b-instruct-fp8-fast,antisémitisme,haine_explicite,transfert_racisme_antisemitisme,antisemitisme,1.0,,3152,1,,2026-08-23T14:33:35
rxa_1206,cloudflare,@cf/meta/llama-3.3-70b-instruct-fp8-fast,antisémitisme,haine_implicite,generation_originale,antisemitisme,0.8,,597,1,,2026-08-23T14:33:42
rxa_0208,cloudflare,@cf/meta/llama-3.3-70b-instruct-fp8-fast,racisme,haine_explicite,tri_manuel,racisme,0.8,,1229,1,,2026-08-23T14:33:50
rxa_0512,cloudflare,@cf/meta/llama-3.3-70b-instruct-fp8-fast,racisme,dog_whistle,generation_originale,xenophobie,0.8,,491,1,,2026-08-23T14:33:57
rxa_0759,cloudflare,@cf/meta/llama-3.3-70b-instruct-fp8-fast,xénophobie,stereotype,generation_originale,xenophobie,0.8,,823,1,,2026-08-23T14:34:04
rxa_0668,cloudflare,@cf/meta/llama-3.3-70b-instruct-fp8-fast,xénophobie,ambigu,transfert_racisme_xenophobie,xenophobie,0.8,,846,1,,2026-08-23T14:34:12
rxa_0540,cloudflare,@cf/meta/llama-3.3-70b-instruct-fp8-fast,xénophobie,haine_explicite,transfert_racisme_xenophobie,xenophobie,0.9,,573,1,,2026-08-23T14:34:19
rxa_1412,cloudflare,@cf/meta/llama-3.3-70b-instruct-fp8-fast,antisémitisme,ambigu,hardcase,racisme,0.2,,606,1,,2026-08-23T14:34:26
rxa_0957,cloudflare,@cf/meta/llama-3.3-70b-instruct-fp8-fast,antisémitisme,stereotype,transfert_racisme_antisemitisme,antisemitisme,1.0,,701,1,,2026-08-23T14:34:33
rxa_0240,cloudflare,@cf/meta/llama-3.3-70b-instruct-fp8-fast,antisémitisme,complotisme,tri_manuel,antisemitisme,0.9,,495,1,,2026-08-23T14:34:40
rxa_0121,cloudflare,@cf/meta/llama-3.3-70b-instruct-fp8-fast,racisme,hostilite_religieuse,tri_manuel,xenophobie,0.8,,1144,1,,2026-08-23T14:34:48
rxa_0837,cloudflare,@cf/meta/llama-3.3-70b-instruct-fp8-fast,xénophobie,sarcasme,hardcase,xenophobie,0.8,,1673,1,,2026-08-23T14:34:56
rxa_0074,cloudflare,@cf/meta/llama-3.3-70b-instruct-fp8-fast,racisme,stereotype,tri_manuel,xenophobie,0.8,,785,1,,2026-08-23T14:35:04
rxa_0592,cloudflare,@cf/meta/llama-3.3-70b-instruct-fp8-fast,xénophobie,haine_implicite,transfert_racisme_xenophobie,xenophobie,0.9,,627,1,,2026-08-23T14:35:11
rxa_1479,cloudflare,@cf/meta/llama-3.3-70b-instruct-fp8-fast,racisme,ambigu,generation_complement,xenophobie,0.6,,794,1,,2026-08-23T14:35:18
rxa_1184,cloudflare,@cf/meta/llama-3.3-70b-instruct-fp8-fast,antisémitisme,haine_explicite,generation_originale,antisemitisme,1.0,,480,1,,2026-08-23T14:35:26
rxa_0569,cloudflare,@cf/meta/llama-3.3-70b-instruct-fp8-fast,xénophobie,haine_implicite,transfert_racisme_xenophobie,xenophobie,0.8,,684,1,,2026-08-23T14:35:33
rxa_0274,cloudflare,@cf/meta/llama-3.3-70b-instruct-fp8-fast,racisme,haine_explicite,tri_manuel,racisme,0.9,,743,1,,2026-08-23T14:35:40
rxa_0353,cloudflare,@cf/meta/llama-3.3-70b-instruct-fp8-fast,racisme,haine_explicite,tri_manuel,racisme,0.9,,702,1,,2026-08-23T14:35:47
rxa_1415,cloudflare,@cf/meta/llama-3.3-70b-instruct-fp8-fast,antisémitisme,stereotype,hardcase,xenophobie,0.8,,726,1,,2026-08-23T14:35:55
rxa_0613,cloudflare,@cf/meta/llama-3.3-70b-instruct-fp8-fast,xénophobie,exclusion,transfert_racisme_xenophobie,xenophobie,0.9,,686,1,,2026-08-23T14:36:02
rxa_0402,cloudflare,@cf/meta/llama-3.3-70b-instruct-fp8-fast,antisémitisme,haine_explicite,tri_manuel,antisemitisme,1.0,,3200,1,,2026-08-23T14:36:12
rxa_0071,cloudflare,@cf/meta/llama-3.3-70b-instruct-fp8-fast,racisme,haine_explicite,tri_manuel,racisme,0.8,,1121,1,,2026-08-23T14:36:20
rxa_0104,cloudflare,@cf/meta/llama-3.3-70b-instruct-fp8-fast,racisme,haine_explicite,tri_manuel,xenophobie,0.8,,758,1,,2026-08-23T14:36:27
rxa_0589,cloudflare,@cf/meta/llama-3.3-70b-instruct-fp8-fast,xénophobie,haine_implicite,transfert_racisme_xenophobie,xenophobie,0.8,,1684,1,,2026-08-23T14:36:35
rxa_1300,cloudflare,@cf/meta/llama-3.3-70b-instruct-fp8-fast,antisémitisme,ambigu,hardcase,xenophobie,0.6,,526,1,,2026-08-23T14:36:42
rxa_1451,cloudflare,@cf/meta/llama-3.3-70b-instruct-fp8-fast,racisme,stereotype,generation_complement,racisme,0.9,,1061,1,,2026-08-23T14:36:50
rxa_0454,cloudflare,@cf/meta/llama-3.3-70b-instruct-fp8-fast,racisme,haine_implicite,generation_originale,xenophobie,0.8,,702,1,,2026-08-23T14:36:57
rxa_0256,cloudflare,@cf/meta/llama-3.3-70b-instruct-fp8-fast,racisme,haine_explicite,tri_manuel,racisme,0.9,,2551,1,,2026-08-23T14:37:07
rxa_0937,cloudflare,@cf/meta/llama-3.3-70b-instruct-fp8-fast,xénophobie,haine_implicite,hardcase,xenophobie,0.8,,2292,1,,2026-08-23T14:37:15
rxa_1302,cloudflare,@cf/meta/llama-3.3-70b-instruct-fp8-fast,antisémitisme,sarcasme,hardcase,antisemitisme,0.8,,766,1,,2026-08-23T14:37:23
rxa_0646,cloudflare,@cf/meta/llama-3.3-70b-instruct-fp8-fast,xénophobie,dog_whistle,transfert_racisme_xenophobie,xenophobie,0.9,,816,1,,2026-08-23T14:37:30
rxa_0506,cloudflare,@cf/meta/llama-3.3-70b-instruct-fp8-fast,racisme,sarcasme,generation_originale,xenophobie,0.2,,584,1,,2026-08-23T14:37:37
rxa_0092,cloudflare,@cf/meta/llama-3.3-70b-instruct-fp8-fast,xénophobie,haine_implicite,tri_manuel,xenophobie,0.9,,1465,1,,2026-08-23T14:37:45
rxa_1227,cloudflare,@cf/meta/llama-3.3-70b-instruct-fp8-fast,antisémitisme,haine_implicite,generation_originale,antisemitisme,0.8,,675,1,,2026-08-23T14:37:53
rxa_0771,cloudflare,@cf/meta/llama-3.3-70b-instruct-fp8-fast,xénophobie,stereotype,generation_originale,xenophobie,0.8,,1086,1,,2026-08-23T14:38:00
rxa_1346,cloudflare,@cf/meta/llama-3.3-70b-instruct-fp8-fast,antisémitisme,haine_implicite,hardcase,xenophobie,0.6,,757,1,,2026-08-23T14:38:08
rxa_0004,cloudflare,@cf/meta/llama-3.3-70b-instruct-fp8-fast,racisme,stereotype,tri_manuel,xenophobie,0.8,,868,1,,2026-08-23T14:38:15
rxa_0164,cloudflare,@cf/meta/llama-3.3-70b-instruct-fp8-fast,xénophobie,exclusion,tri_manuel,xenophobie,0.9,,752,1,,2026-08-23T14:38:23
rxa_0445,cloudflare,@cf/meta/llama-3.3-70b-instruct-fp8-fast,racisme,haine_explicite,generation_originale,xenophobie,0.8,,796,1,,2026-08-23T14:38:30
rxa_0756,cloudflare,@cf/meta/llama-3.3-70b-instruct-fp8-fast,xénophobie,stereotype,generation_originale,xenophobie,0.9,,486,1,,2026-08-23T14:38:37
rxa_0740,cloudflare,@cf/meta/llama-3.3-70b-instruct-fp8-fast,xénophobie,haine_implicite,generation_originale,xenophobie,0.8,,1269,1,,2026-08-23T14:38:45
rxa_0382,cloudflare,@cf/meta/llama-3.3-70b-instruct-fp8-fast,racisme,haine_explicite,tri_manuel,racisme,0.9,,1022,1,,2026-08-23T14:38:53
rxa_0022,cloudflare,@cf/meta/llama-3.3-70b-instruct-fp8-fast,racisme,stereotype,tri_manuel,xenophobie,0.8,,683,1,,2026-08-23T14:39:00
rxa_0571,cloudflare,@cf/meta/llama-3.3-70b-instruct-fp8-fast,xénophobie,haine_implicite,transfert_racisme_xenophobie,xenophobie,0.8,,697,1,,2026-08-23T14:39:07
rxa_1035,cloudflare,@cf/meta/llama-3.3-70b-instruct-fp8-fast,antisémitisme,haine_implicite,transfert_racisme_antisemitisme,antisemitisme,0.9,,2875,1,,2026-08-23T14:39:17
rxa_0939,cloudflare,@cf/meta/llama-3.3-70b-instruct-fp8-fast,xénophobie,haine_implicite,hardcase,xenophobie,0.8,,982,1,,2026-08-23T14:39:24
rxa_1328,cloudflare,@cf/meta/llama-3.3-70b-instruct-fp8-fast,antisémitisme,haine_implicite,hardcase,xenophobie,0.2,,594,1,,2026-08-23T14:39:32
rxa_0906,cloudflare,@cf/meta/llama-3.3-70b-instruct-fp8-fast,xénophobie,dog_whistle,hardcase,xenophobie,0.8,,916,1,,2026-08-23T14:39:39
rxa_1457,cloudflare,@cf/meta/llama-3.3-70b-instruct-fp8-fast,racisme,sarcasme,generation_complement,xenophobie,0.8,,1037,1,,2026-08-23T14:39:47
rxa_0062,cloudflare,@cf/meta/llama-3.3-70b-instruct-fp8-fast,racisme,stereotype,tri_manuel,xenophobie,0.8,,1597,1,,2026-08-23T14:39:55
rxa_0635,cloudflare,@cf/meta/llama-3.3-70b-instruct-fp8-fast,xénophobie,sarcasme,transfert_racisme_xenophobie,xenophobie,0.8,,720,1,,2026-08-23T14:40:02
rxa_0255,cloudflare,@cf/meta/llama-3.3-70b-instruct-fp8-fast,xénophobie,haine_explicite,tri_manuel,xenophobie,1.0,,626,1,,2026-08-23T14:40:09
rxa_0194,cloudflare,@cf/meta/llama-3.3-70b-instruct-fp8-fast,xénophobie,haine_explicite,tri_manuel,racisme,0.9,,1926,1,,2026-08-23T14:40:18
rxa_1178,cloudflare,@cf/meta/llama-3.3-70b-instruct-fp8-fast,antisémitisme,haine_explicite,generation_originale,antisemitisme,0.9,,668,1,,2026-08-23T14:40:25
rxa_0913,cloudflare,@cf/meta/llama-3.3-70b-instruct-fp8-fast,xénophobie,ambigu,hardcase,xenophobie,0.8,,996,1,,2026-08-23T14:40:33
rxa_0409,cloudflare,@cf/meta/llama-3.3-70b-instruct-fp8-fast,xénophobie,dog_whistle,tri_manuel,xenophobie,0.9,,587,1,,2026-08-23T14:40:40
rxa_0044,cloudflare,@cf/meta/llama-3.3-70b-instruct-fp8-fast,racisme,stereotype,tri_manuel,xenophobie,0.8,,893,1,,2026-08-23T14:40:48
rxa_0163,cloudflare,@cf/meta/llama-3.3-70b-instruct-fp8-fast,xénophobie,exclusion,tri_manuel,xenophobie,0.9,,616,1,,2026-08-23T14:40:55
rxa_0623,cloudflare,@cf/meta/llama-3.3-70b-instruct-fp8-fast,xénophobie,sarcasme,transfert_racisme_xenophobie,xenophobie,0.9,,604,1,,2026-08-23T14:41:02
rxa_1376,cloudflare,@cf/meta/llama-3.3-70b-instruct-fp8-fast,antisémitisme,sarcasme,hardcase,antisemitisme,0.8,,1050,1,,2026-08-23T14:41:10
rxa_0731,cloudflare,@cf/meta/llama-3.3-70b-instruct-fp8-fast,xénophobie,haine_implicite,generation_originale,xenophobie,0.9,,590,1,,2026-08-23T14:41:17
rxa_0417,cloudflare,@cf/meta/llama-3.3-70b-instruct-fp8-fast,racisme,haine_explicite,generation_originale,xenophobie,0.9,,922,1,,2026-08-23T14:41:24
rxa_0725,cloudflare,@cf/meta/llama-3.3-70b-instruct-fp8-fast,xénophobie,haine_implicite,generation_originale,xenophobie,0.8,,799,1,,2026-08-23T14:41:32
rxa_0782,cloudflare,@cf/meta/llama-3.3-70b-instruct-fp8-fast,xénophobie,sarcasme,generation_originale,xenophobie,0.9,,729,1,,2026-08-23T14:41:39
rxa_0056,cloudflare,@cf/meta/llama-3.3-70b-instruct-fp8-fast,racisme,exclusion,tri_manuel,xenophobie,0.8,,677,1,,2026-08-23T14:41:46
rxa_1406,cloudflare,@cf/meta/llama-3.3-70b-instruct-fp8-fast,antisémitisme,sarcasme,hardcase,xenophobie,0.0,,1013,1,,2026-08-23T14:41:54
rxa_1073,cloudflare,@cf/meta/llama-3.3-70b-instruct-fp8-fast,antisémitisme,hostilite_religieuse,transfert_racisme_antisemitisme,antisemitisme,0.9,,524,1,,2026-08-23T14:42:01
rxa_0754,cloudflare,@cf/meta/llama-3.3-70b-instruct-fp8-fast,xénophobie,haine_implicite,generation_originale,xenophobie,0.9,,755,1,,2026-08-23T14:42:08
rxa_0817,cloudflare,@cf/meta/llama-3.3-70b-instruct-fp8-fast,xénophobie,ambigu,generation_originale,xenophobie,0.8,,575,1,,2026-08-23T14:42:16
rxa_0857,cloudflare,@cf/meta/llama-3.3-70b-instruct-fp8-fast,xénophobie,exclusion,hardcase,xenophobie,0.8,,1146,1,,2026-08-23T14:42:23
rxa_0959,cloudflare,@cf/meta/llama-3.3-70b-instruct-fp8-fast,antisémitisme,stereotype,transfert_racisme_antisemitisme,antisemitisme,0.9,,528,1,,2026-08-23T14:42:31
rxa_0912,cloudflare,@cf/meta/llama-3.3-70b-instruct-fp8-fast,xénophobie,haine_implicite,hardcase,xenophobie,0.8,,994,1,,2026-08-23T14:42:38
rxa_0800,cloudflare,@cf/meta/llama-3.3-70b-instruct-fp8-fast,xénophobie,dog_whistle,generation_originale,xenophobie,0.8,,2263,1,,2026-08-23T14:42:47
rxa_0288,cloudflare,@cf/meta/llama-3.3-70b-instruct-fp8-fast,antisémitisme,haine_explicite,tri_manuel,antisemitisme,0.9,,3663,1,,2026-08-23T14:42:57
rxa_1278,cloudflare,@cf/meta/llama-3.3-70b-instruct-fp8-fast,antisémitisme,dog_whistle,generation_originale,antisemitisme,0.8,,1240,1,,2026-08-23T14:43:05
rxa_0225,cloudflare,@cf/meta/llama-3.3-70b-instruct-fp8-fast,racisme,haine_explicite,tri_manuel,racisme,0.9,,544,1,,2026-08-23T14:43:12
rxa_1103,cloudflare,@cf/meta/llama-3.3-70b-instruct-fp8-fast,antisémitisme,ambigu,transfert_racisme_antisemitisme,antisemitisme,0.9,,985,1,,2026-08-23T14:43:20
rxa_0942,cloudflare,@cf/meta/llama-3.3-70b-instruct-fp8-fast,xénophobie,dog_whistle,hardcase,xenophobie,0.9,,819,1,,2026-08-23T14:43:27
rxa_1192,cloudflare,@cf/meta/llama-3.3-70b-instruct-fp8-fast,antisémitisme,haine_implicite,generation_originale,racisme,0.8,,1022,1,,2026-08-23T14:43:35
rxa_0090,cloudflare,@cf/meta/llama-3.3-70b-instruct-fp8-fast,xénophobie,dog_whistle,tri_manuel,xenophobie,0.9,,798,1,,2026-08-23T14:43:42
rxa_0989,cloudflare,@cf/meta/llama-3.3-70b-instruct-fp8-fast,antisémitisme,stereotype,transfert_racisme_antisemitisme,antisemitisme,1.0,,563,1,,2026-08-23T14:43:49
rxa_1351,cloudflare,@cf/meta/llama-3.3-70b-instruct-fp8-fast,antisémitisme,sarcasme,hardcase,xenophobie,0.2,,766,1,,2026-08-23T14:43:57
rxa_1068,cloudflare,@cf/meta/llama-3.3-70b-instruct-fp8-fast,antisémitisme,complotisme,transfert_racisme_antisemitisme,antisemitisme,0.9,,711,1,,2026-08-23T14:44:04
rxa_0040,cloudflare,@cf/meta/llama-3.3-70b-instruct-fp8-fast,racisme,stereotype,tri_manuel,racisme,0.8,,620,1,,2026-08-23T14:44:11
rxa_0811,cloudflare,@cf/meta/llama-3.3-70b-instruct-fp8-fast,xénophobie,ambigu,generation_originale,xenophobie,0.8,,1823,1,,2026-08-23T14:44:20
rxa_0386,cloudflare,@cf/meta/llama-3.3-70b-instruct-fp8-fast,antisémitisme,haine_explicite,tri_manuel,antisemitisme,1.0,,1051,1,,2026-08-23T14:44:27
rxa_0870,cloudflare,@cf/meta/llama-3.3-70b-instruct-fp8-fast,xénophobie,exclusion,hardcase,xenophobie,0.8,,675,1,,2026-08-23T14:44:35
rxa_1498,cloudflare,@cf/meta/llama-3.3-70b-instruct-fp8-fast,xénophobie,ambigu,generation_complement,xenophobie,0.8,,672,1,,2026-08-23T14:44:42
rxa_0114,cloudflare,@cf/meta/llama-3.3-70b-instruct-fp8-fast,racisme,exclusion,tri_manuel,xenophobie,0.8,,1496,1,,2026-08-23T14:44:50
rxa_1340,cloudflare,@cf/meta/llama-3.3-70b-instruct-fp8-fast,antisémitisme,haine_implicite,hardcase,xenophobie,0.2,,814,1,,2026-08-23T14:44:58
rxa_0945,cloudflare,@cf/meta/llama-3.3-70b-instruct-fp8-fast,xénophobie,haine_implicite,hardcase,xenophobie,0.8,,612,1,,2026-08-23T14:45:05
rxa_1311,cloudflare,@cf/meta/llama-3.3-70b-instruct-fp8-fast,antisémitisme,stereotype,hardcase,antisemitisme,0.8,,1231,1,,2026-08-23T14:45:13
rxa_1027,cloudflare,@cf/meta/llama-3.3-70b-instruct-fp8-fast,antisémitisme,exclusion,transfert_racisme_antisemitisme,antisemitisme,0.9,,4124,1,,2026-08-23T14:45:23
rxa_1204,cloudflare,@cf/meta/llama-3.3-70b-instruct-fp8-fast,antisémitisme,haine_implicite,generation_originale,antisemitisme,0.8,,637,1,,2026-08-23T14:45:31
rxa_0486,cloudflare,@cf/meta/llama-3.3-70b-instruct-fp8-fast,racisme,stereotype,generation_originale,racisme,0.8,,1631,1,,2026-08-23T14:45:39
rxa_0590,cloudflare,@cf/meta/llama-3.3-70b-instruct-fp8-fast,xénophobie,haine_implicite,transfert_racisme_xenophobie,xenophobie,0.8,,595,1,,2026-08-23T14:45:46
rxa_0824,cloudflare,@cf/meta/llama-3.3-70b-instruct-fp8-fast,xénophobie,haine_implicite,hardcase,xenophobie,0.6,,2580,1,,2026-08-23T14:45:55
rxa_0204,cloudflare,@cf/meta/llama-3.3-70b-instruct-fp8-fast,racisme,haine_explicite,tri_manuel,racisme,0.9,,1287,1,,2026-08-23T14:46:03
rxa_0729,cloudflare,@cf/meta/llama-3.3-70b-instruct-fp8-fast,xénophobie,haine_implicite,generation_originale,xenophobie,0.8,,881,1,,2026-08-23T14:46:11
rxa_1349,cloudflare,@cf/meta/llama-3.3-70b-instruct-fp8-fast,antisémitisme,dog_whistle,hardcase,antisemitisme,0.8,,1065,1,,2026-08-23T14:46:18
rxa_1423,cloudflare,@cf/meta/llama-3.3-70b-instruct-fp8-fast,racisme,haine_explicite,generation_complement,xenophobie,0.8,,743,1,,2026-08-23T14:46:26
rxa_1266,cloudflare,@cf/meta/llama-3.3-70b-instruct-fp8-fast,antisémitisme,sarcasme,generation_originale,racisme,0.8,,608,1,,2026-08-23T14:46:33
rxa_0496,cloudflare,@cf/meta/llama-3.3-70b-instruct-fp8-fast,racisme,stereotype,generation_originale,racisme,0.9,,644,1,,2026-08-23T14:46:40
rxa_0909,cloudflare,@cf/meta/llama-3.3-70b-instruct-fp8-fast,xénophobie,dog_whistle,hardcase,xenophobie,0.6,,960,1,,2026-08-23T14:46:48
rxa_0747,cloudflare,@cf/meta/llama-3.3-70b-instruct-fp8-fast,xénophobie,haine_implicite,generation_originale,xenophobie,0.8,,670,1,,2026-08-23T14:46:55
rxa_0526,cloudflare,@cf/meta/llama-3.3-70b-instruct-fp8-fast,racisme,ambigu,generation_originale,xenophobie,0.8,,701,1,,2026-08-23T14:47:02
rxa_0854,cloudflare,@cf/meta/llama-3.3-70b-instruct-fp8-fast,xénophobie,dog_whistle,hardcase,xenophobie,0.8,,821,1,,2026-08-23T14:47:10
rxa_0774,cloudflare,@cf/meta/llama-3.3-70b-instruct-fp8-fast,xénophobie,stereotype,generation_originale,xenophobie,0.9,,764,1,,2026-08-23T14:47:17
rxa_1145,cloudflare,@cf/meta/llama-3.3-70b-instruct-fp8-fast,antisémitisme,haine_explicite,transfert_racisme_antisemitisme,antisemitisme,1.0,,735,1,,2026-08-23T14:47:24
rxa_0975,cloudflare,@cf/meta/llama-3.3-70b-instruct-fp8-fast,antisémitisme,complotisme,transfert_racisme_antisemitisme,antisemitisme,0.9,,960,1,,2026-08-23T14:47:32
rxa_0176,cloudflare,@cf/meta/llama-3.3-70b-instruct-fp8-fast,xénophobie,haine_explicite,tri_manuel,xenophobie,0.9,,827,1,,2026-08-23T14:47:39
rxa_1225,cloudflare,@cf/meta/llama-3.3-70b-instruct-fp8-fast,antisémitisme,haine_implicite,generation_originale,xenophobie,0.0,,791,1,,2026-08-23T14:47:47
rxa_0685,cloudflare,@cf/meta/llama-3.3-70b-instruct-fp8-fast,xénophobie,haine_explicite,generation_originale,xenophobie,0.9,,1018,1,,2026-08-23T14:47:54
rxa_1205,cloudflare,@cf/meta/llama-3.3-70b-instruct-fp8-fast,antisémitisme,haine_implicite,generation_originale,antisemitisme,0.8,,684,1,,2026-08-23T14:48:02
rxa_0579,cloudflare,@cf/meta/llama-3.3-70b-instruct-fp8-fast,xénophobie,haine_implicite,transfert_racisme_xenophobie,xenophobie,0.8,,870,1,,2026-08-23T14:48:09
rxa_1489,cloudflare,@cf/meta/llama-3.3-70b-instruct-fp8-fast,xénophobie,haine_implicite,generation_complement,xenophobie,0.9,,611,1,,2026-08-23T14:48:16
rxa_0916,cloudflare,@cf/meta/llama-3.3-70b-instruct-fp8-fast,xénophobie,sarcasme,hardcase,xenophobie,0.9,,651,1,,2026-08-23T14:48:24
rxa_1241,cloudflare,@cf/meta/llama-3.3-70b-instruct-fp8-fast,antisémitisme,stereotype,generation_originale,antisemitisme,0.8,,1201,1,,2026-08-23T14:48:31
rxa_0159,cloudflare,@cf/meta/llama-3.3-70b-instruct-fp8-fast,xénophobie,exclusion,tri_manuel,xenophobie,0.9,,753,1,,2026-08-23T14:48:39
rxa_1380,cloudflare,@cf/meta/llama-3.3-70b-instruct-fp8-fast,antisémitisme,haine_implicite,hardcase,antisemitisme,0.8,,621,1,,2026-08-23T14:48:46
rxa_0929,cloudflare,@cf/meta/llama-3.3-70b-instruct-fp8-fast,xénophobie,exclusion,hardcase,xenophobie,0.8,,662,1,,2026-08-23T14:48:53
rxa_0050,cloudflare,@cf/meta/llama-3.3-70b-instruct-fp8-fast,racisme,stereotype,tri_manuel,xenophobie,0.8,,1230,1,,2026-08-23T14:49:01
rxa_1455,cloudflare,@cf/meta/llama-3.3-70b-instruct-fp8-fast,racisme,sarcasme,generation_complement,xenophobie,0.8,,686,1,,2026-08-23T14:49:08
rxa_0373,cloudflare,@cf/meta/llama-3.3-70b-instruct-fp8-fast,racisme,haine_explicite,tri_manuel,racisme,0.9,,608,1,,2026-08-23T14:49:16
rxa_0405,cloudflare,@cf/meta/llama-3.3-70b-instruct-fp8-fast,racisme,haine_explicite,tri_manuel,racisme,0.9,,1389,1,,2026-08-23T14:49:24
rxa_0008,cloudflare,@cf/meta/llama-3.3-70b-instruct-fp8-fast,racisme,hostilite_religieuse,tri_manuel,xenophobie,0.8,,894,1,,2026-08-23T14:49:31
rxa_0702,cloudflare,@cf/meta/llama-3.3-70b-instruct-fp8-fast,xénophobie,haine_explicite,generation_originale,xenophobie,0.9,,937,1,,2026-08-23T14:49:39
rxa_0384,cloudflare,@cf/meta/llama-3.3-70b-instruct-fp8-fast,racisme,haine_explicite,tri_manuel,racisme,0.9,,594,1,,2026-08-23T14:49:46
rxa_1428,cloudflare,@cf/meta/llama-3.3-70b-instruct-fp8-fast,racisme,haine_explicite,generation_complement,xenophobie,0.9,,472,1,,2026-08-23T14:49:53
rxa_0298,cloudflare,@cf/meta/llama-3.3-70b-instruct-fp8-fast,racisme,haine_explicite,tri_manuel,racisme,0.9,,728,1,,2026-08-23T14:50:00
rxa_0877,cloudflare,@cf/meta/llama-3.3-70b-instruct-fp8-fast,xénophobie,haine_implicite,hardcase,xenophobie,0.8,,817,1,,2026-08-23T14:50:08
rxa_0710,cloudflare,@cf/meta/llama-3.3-70b-instruct-fp8-fast,xénophobie,haine_explicite,generation_originale,xenophobie,0.9,,1110,1,,2026-08-23T14:50:15
rxa_0572,cloudflare,@cf/meta/llama-3.3-70b-instruct-fp8-fast,xénophobie,haine_implicite,transfert_racisme_xenophobie,xenophobie,0.8,,924,1,,2026-08-23T14:50:23
rxa_0801,cloudflare,@cf/meta/llama-3.3-70b-instruct-fp8-fast,xénophobie,dog_whistle,generation_originale,xenophobie,0.8,,1412,1,,2026-08-23T14:50:31
rxa_0620,cloudflare,@cf/meta/llama-3.3-70b-instruct-fp8-fast,xénophobie,sarcasme,transfert_racisme_xenophobie,xenophobie,0.8,,688,1,,2026-08-23T14:50:38
rxa_0901,cloudflare,@cf/meta/llama-3.3-70b-instruct-fp8-fast,xénophobie,dog_whistle,hardcase,xenophobie,0.8,,707,1,,2026-08-23T14:50:46
rxa_1017,cloudflare,@cf/meta/llama-3.3-70b-instruct-fp8-fast,antisémitisme,stereotype,transfert_racisme_antisemitisme,antisemitisme,1.0,,1161,1,,2026-08-23T14:50:53
rxa_0228,cloudflare,@cf/meta/llama-3.3-70b-instruct-fp8-fast,antisémitisme,haine_explicite,tri_manuel,antisemitisme,0.9,,529,1,,2026-08-23T14:51:01
rxa_0853,cloudflare,@cf/meta/llama-3.3-70b-instruct-fp8-fast,xénophobie,dog_whistle,hardcase,xenophobie,0.8,,708,1,,2026-08-23T14:51:08
rxa_1246,cloudflare,@cf/meta/llama-3.3-70b-instruct-fp8-fast,antisémitisme,stereotype,generation_originale,xenophobie,0.6,,826,1,,2026-08-23T14:51:15
rxa_0794,cloudflare,@cf/meta/llama-3.3-70b-instruct-fp8-fast,xénophobie,sarcasme,generation_originale,xenophobie,0.8,,721,1,,2026-08-23T14:51:23
rxa_1493,cloudflare,@cf/meta/llama-3.3-70b-instruct-fp8-fast,xénophobie,dog_whistle,generation_complement,xenophobie,0.8,,682,1,,2026-08-23T14:51:30
rxa_0216,cloudflare,@cf/meta/llama-3.3-70b-instruct-fp8-fast,xénophobie,complotisme,tri_manuel,xenophobie,0.8,,844,1,,2026-08-23T14:51:37
rxa_0791,cloudflare,@cf/meta/llama-3.3-70b-instruct-fp8-fast,xénophobie,sarcasme,generation_originale,xenophobie,0.8,,777,1,,2026-08-23T14:51:45
rxa_0605,cloudflare,@cf/meta/llama-3.3-70b-instruct-fp8-fast,xénophobie,exclusion,transfert_racisme_xenophobie,xenophobie,0.8,,666,1,,2026-08-23T14:51:52
rxa_0924,cloudflare,@cf/meta/llama-3.3-70b-instruct-fp8-fast,xénophobie,sarcasme,hardcase,xenophobie,0.8,,511,1,,2026-08-23T14:51:59
rxa_1088,cloudflare,@cf/meta/llama-3.3-70b-instruct-fp8-fast,antisémitisme,haine_explicite,transfert_racisme_antisemitisme,antisemitisme,1.0,,557,1,,2026-08-23T14:52:06
rxa_0976,cloudflare,@cf/meta/llama-3.3-70b-instruct-fp8-fast,antisémitisme,complotisme,transfert_racisme_antisemitisme,antisemitisme,0.9,,833,1,,2026-08-23T14:52:14
rxa_0532,cloudflare,@cf/meta/llama-3.3-70b-instruct-fp8-fast,racisme,ambigu,generation_originale,xenophobie,0.2,,1049,1,,2026-08-23T14:52:21
rxa_0155,cloudflare,@cf/meta/llama-3.3-70b-instruct-fp8-fast,racisme,stereotype,tri_manuel,racisme,0.9,,678,1,,2026-08-23T14:52:29
rxa_1392,cloudflare,@cf/meta/llama-3.3-70b-instruct-fp8-fast,antisémitisme,haine_implicite,hardcase,xenophobie,0.0,,1151,1,,2026-08-23T14:52:36
rxa_0990,cloudflare,@cf/meta/llama-3.3-70b-instruct-fp8-fast,antisémitisme,stereotype,transfert_racisme_antisemitisme,antisemitisme,0.9,,599,1,,2026-08-23T14:52:44
rxa_0271,cloudflare,@cf/meta/llama-3.3-70b-instruct-fp8-fast,antisémitisme,ambigu,tri_manuel,antisemitisme,0.9,,553,1,,2026-08-23T14:52:51
rxa_1329,cloudflare,@cf/meta/llama-3.3-70b-instruct-fp8-fast,antisémitisme,sarcasme,hardcase,antisemitisme,0.8,,1428,1,,2026-08-23T14:52:59
rxa_1358,cloudflare,@cf/meta/llama-3.3-70b-instruct-fp8-fast,antisémitisme,sarcasme,hardcase,racisme,0.8,,542,1,,2026-08-23T14:53:06
rxa_1486,cloudflare,@cf/meta/llama-3.3-70b-instruct-fp8-fast,xénophobie,haine_implicite,generation_complement,xenophobie,0.8,,743,1,,2026-08-23T14:53:13
rxa_0303,cloudflare,@cf/meta/llama-3.3-70b-instruct-fp8-fast,racisme,stereotype,tri_manuel,xenophobie,0.8,,661,1,,2026-08-23T14:53:21
rxa_0925,cloudflare,@cf/meta/llama-3.3-70b-instruct-fp8-fast,xénophobie,ambigu,hardcase,xenophobie,0.8,,772,1,,2026-08-23T14:53:28
rxa_0183,cloudflare,@cf/meta/llama-3.3-70b-instruct-fp8-fast,racisme,stereotype,tri_manuel,racisme,0.8,,703,1,,2026-08-23T14:53:35
rxa_0652,cloudflare,@cf/meta/llama-3.3-70b-instruct-fp8-fast,xénophobie,dog_whistle,transfert_racisme_xenophobie,xenophobie,0.8,,629,1,,2026-08-23T14:53:43
rxa_0464,cloudflare,@cf/meta/llama-3.3-70b-instruct-fp8-fast,racisme,haine_implicite,generation_originale,xenophobie,0.8,,919,1,,2026-08-23T14:53:50
rxa_0478,cloudflare,@cf/meta/llama-3.3-70b-instruct-fp8-fast,racisme,haine_implicite,generation_originale,xenophobie,0.8,,767,1,,2026-08-23T14:53:57
rxa_0424,cloudflare,@cf/meta/llama-3.3-70b-instruct-fp8-fast,racisme,haine_explicite,generation_originale,xenophobie,0.9,,732,1,,2026-08-23T14:54:05
rxa_0393,cloudflare,@cf/meta/llama-3.3-70b-instruct-fp8-fast,racisme,haine_explicite,tri_manuel,racisme,0.9,,697,1,,2026-08-23T14:54:12
rxa_0714,cloudflare,@cf/meta/llama-3.3-70b-instruct-fp8-fast,xénophobie,haine_explicite,generation_originale,xenophobie,0.9,,777,1,,2026-08-23T14:54:19
rxa_0577,cloudflare,@cf/meta/llama-3.3-70b-instruct-fp8-fast,xénophobie,haine_implicite,transfert_racisme_xenophobie,xenophobie,0.8,,1187,1,,2026-08-23T14:54:27
rxa_1269,cloudflare,@cf/meta/llama-3.3-70b-instruct-fp8-fast,antisémitisme,sarcasme,generation_originale,xenophobie,0.0,,885,1,,2026-08-23T14:54:35
rxa_0124,cloudflare,@cf/meta/llama-3.3-70b-instruct-fp8-fast,racisme,stereotype,tri_manuel,xenophobie,0.8,,765,1,,2026-08-23T14:54:42
rxa_0272,cloudflare,@cf/meta/llama-3.3-70b-instruct-fp8-fast,antisémitisme,haine_explicite,tri_manuel,antisemitisme,1.0,,626,1,,2026-08-23T14:54:49
rxa_0059,cloudflare,@cf/meta/llama-3.3-70b-instruct-fp8-fast,racisme,stereotype,tri_manuel,racisme,0.8,,723,1,,2026-08-23T14:54:57
rxa_0934,cloudflare,@cf/meta/llama-3.3-70b-instruct-fp8-fast,xénophobie,haine_implicite,hardcase,racisme,0.8,,530,1,,2026-08-23T14:55:04
rxa_1160,cloudflare,@cf/meta/llama-3.3-70b-instruct-fp8-fast,antisémitisme,haine_explicite,generation_originale,antisemitisme,1.0,,753,1,,2026-08-23T14:55:11
rxa_0992,cloudflare,@cf/meta/llama-3.3-70b-instruct-fp8-fast,antisémitisme,stereotype,transfert_racisme_antisemitisme,antisemitisme,0.8,,696,1,,2026-08-23T14:55:18
rxa_0554,cloudflare,@cf/meta/llama-3.3-70b-instruct-fp8-fast,xénophobie,haine_explicite,transfert_racisme_xenophobie,xenophobie,0.9,,1567,1,,2026-08-23T14:55:27
rxa_0482,cloudflare,@cf/meta/llama-3.3-70b-instruct-fp8-fast,racisme,stereotype,generation_originale,racisme,0.8,,753,1,,2026-08-23T14:55:34
rxa_1006,cloudflare,@cf/meta/llama-3.3-70b-instruct-fp8-fast,antisémitisme,exclusion,transfert_racisme_antisemitisme,antisemitisme,1.0,,580,1,,2026-08-23T14:55:41
rxa_0660,cloudflare,@cf/meta/llama-3.3-70b-instruct-fp8-fast,xénophobie,ambigu,transfert_racisme_xenophobie,xenophobie,0.8,,745,1,,2026-08-23T14:55:49
rxa_0708,cloudflare,@cf/meta/llama-3.3-70b-instruct-fp8-fast,xénophobie,haine_explicite,generation_originale,xenophobie,0.9,,549,1,,2026-08-23T14:55:56
rxa_0209,cloudflare,@cf/meta/llama-3.3-70b-instruct-fp8-fast,racisme,haine_explicite,tri_manuel,racisme,0.9,,1654,1,,2026-08-23T14:56:04
rxa_0576,cloudflare,@cf/meta/llama-3.3-70b-instruct-fp8-fast,xénophobie,haine_implicite,transfert_racisme_xenophobie,xenophobie,0.8,,811,1,,2026-08-23T14:56:11
rxa_1149,cloudflare,@cf/meta/llama-3.3-70b-instruct-fp8-fast,antisémitisme,haine_explicite,generation_originale,antisemitisme,1.0,,834,1,,2026-08-23T14:56:19
rxa_0903,cloudflare,@cf/meta/llama-3.3-70b-instruct-fp8-fast,xénophobie,dog_whistle,hardcase,xenophobie,0.8,,1067,1,,2026-08-23T14:56:26
rxa_1168,cloudflare,@cf/meta/llama-3.3-70b-instruct-fp8-fast,antisémitisme,haine_explicite,generation_originale,antisemitisme,0.9,,665,1,,2026-08-23T14:56:34
rxa_0963,cloudflare,@cf/meta/llama-3.3-70b-instruct-fp8-fast,antisémitisme,hostilite_religieuse,transfert_racisme_antisemitisme,antisemitisme,0.8,,572,1,,2026-08-23T14:56:41
rxa_0832,cloudflare,@cf/meta/llama-3.3-70b-instruct-fp8-fast,xénophobie,dog_whistle,hardcase,xenophobie,0.8,,724,1,,2026-08-23T14:56:48
rxa_0758,cloudflare,@cf/meta/llama-3.3-70b-instruct-fp8-fast,xénophobie,stereotype,generation_originale,xenophobie,0.8,,778,1,,2026-08-23T14:56:56
rxa_0644,cloudflare,@cf/meta/llama-3.3-70b-instruct-fp8-fast,xénophobie,dog_whistle,transfert_racisme_xenophobie,xenophobie,0.9,,668,1,,2026-08-23T14:57:03
rxa_1082,cloudflare,@cf/meta/llama-3.3-70b-instruct-fp8-fast,antisémitisme,stereotype,transfert_racisme_antisemitisme,antisemitisme,0.8,,771,1,,2026-08-23T14:57:10
rxa_0650,cloudflare,@cf/meta/llama-3.3-70b-instruct-fp8-fast,xénophobie,dog_whistle,transfert_racisme_xenophobie,xenophobie,0.8,,747,1,,2026-08-23T14:57:18
rxa_0046,cloudflare,@cf/meta/llama-3.3-70b-instruct-fp8-fast,racisme,exclusion,tri_manuel,xenophobie,0.9,,604,1,,2026-08-23T14:57:25
rxa_0565,cloudflare,@cf/meta/llama-3.3-70b-instruct-fp8-fast,xénophobie,haine_explicite,transfert_racisme_xenophobie,xenophobie,0.9,,689,1,,2026-08-23T14:57:32
rxa_1325,cloudflare,@cf/meta/llama-3.3-70b-instruct-fp8-fast,antisémitisme,haine_implicite,hardcase,antisemitisme,0.8,,557,1,,2026-08-23T14:57:39
rxa_0943,cloudflare,@cf/meta/llama-3.3-70b-instruct-fp8-fast,xénophobie,haine_implicite,hardcase,racisme,0.8,,1179,1,,2026-08-23T14:57:47
rxa_0670,cloudflare,@cf/meta/llama-3.3-70b-instruct-fp8-fast,xénophobie,ambigu,transfert_racisme_xenophobie,xenophobie,0.8,,1128,1,,2026-08-23T14:57:55
rxa_0399,cloudflare,@cf/meta/llama-3.3-70b-instruct-fp8-fast,racisme,haine_explicite,tri_manuel,racisme,0.9,,1115,1,,2026-08-23T14:58:03
rxa_0712,cloudflare,@cf/meta/llama-3.3-70b-instruct-fp8-fast,xénophobie,haine_explicite,generation_originale,xenophobie,0.9,,748,1,,2026-08-23T14:58:10
rxa_1363,cloudflare,@cf/meta/llama-3.3-70b-instruct-fp8-fast,antisémitisme,stereotype,hardcase,antisemitisme,0.8,,874,1,,2026-08-23T14:58:17
rxa_0887,cloudflare,@cf/meta/llama-3.3-70b-instruct-fp8-fast,xénophobie,haine_implicite,hardcase,xenophobie,0.8,,1011,1,,2026-08-23T14:58:25
rxa_1286,cloudflare,@cf/meta/llama-3.3-70b-instruct-fp8-fast,antisémitisme,dog_whistle,generation_originale,xenophobie,0.8,,691,1,,2026-08-23T14:58:32
rxa_0813,cloudflare,@cf/meta/llama-3.3-70b-instruct-fp8-fast,xénophobie,ambigu,generation_originale,xenophobie,0.8,,644,1,,2026-08-23T14:58:39
rxa_0412,cloudflare,@cf/meta/llama-3.3-70b-instruct-fp8-fast,racisme,haine_explicite,generation_originale,xenophobie,0.9,,1254,1,,2026-08-23T14:58:47
rxa_1294,cloudflare,@cf/meta/llama-3.3-70b-instruct-fp8-fast,antisémitisme,ambigu,generation_originale,xenophobie,0.6,,807,1,,2026-08-23T14:58:55
rxa_0188,cloudflare,@cf/meta/llama-3.3-70b-instruct-fp8-fast,antisémitisme,haine_explicite,tri_manuel,racisme,0.8,,771,1,,2026-08-23T14:59:02
rxa_0137,cloudflare,@cf/meta/llama-3.3-70b-instruct-fp8-fast,racisme,sarcasme,tri_manuel,xenophobie,0.8,,600,1,,2026-08-23T14:59:09
rxa_0616,cloudflare,@cf/meta/llama-3.3-70b-instruct-fp8-fast,xénophobie,sarcasme,transfert_racisme_xenophobie,xenophobie,0.9,,719,1,,2026-08-23T14:59:17
rxa_1015,cloudflare,@cf/meta/llama-3.3-70b-instruct-fp8-fast,antisémitisme,stereotype,transfert_racisme_antisemitisme,antisemitisme,1.0,,818,1,,2026-08-23T14:59:24
rxa_1176,cloudflare,@cf/meta/llama-3.3-70b-instruct-fp8-fast,antisémitisme,haine_explicite,generation_originale,antisemitisme,0.9,,792,1,,2026-08-23T14:59:32
rxa_0226,cloudflare,@cf/meta/llama-3.3-70b-instruct-fp8-fast,racisme,haine_explicite,tri_manuel,racisme,0.9,,1458,1,,2026-08-23T14:59:40
rxa_1476,cloudflare,@cf/meta/llama-3.3-70b-instruct-fp8-fast,racisme,ambigu,generation_complement,xenophobie,0.6,,645,1,,2026-08-23T14:59:47
rxa_0265,cloudflare,@cf/meta/llama-3.3-70b-instruct-fp8-fast,racisme,haine_explicite,tri_manuel,racisme,0.9,,597,1,,2026-08-23T14:59:54
rxa_0527,cloudflare,@cf/meta/llama-3.3-70b-instruct-fp8-fast,racisme,ambigu,generation_originale,xenophobie,0.8,,797,1,,2026-08-23T15:00:01
rxa_1134,cloudflare,@cf/meta/llama-3.3-70b-instruct-fp8-fast,antisémitisme,haine_explicite,transfert_racisme_antisemitisme,antisemitisme,1.0,,813,1,,2026-08-23T15:00:09
rxa_0570,cloudflare,@cf/meta/llama-3.3-70b-instruct-fp8-fast,xénophobie,haine_implicite,transfert_racisme_xenophobie,xenophobie,0.8,,1059,1,,2026-08-23T15:00:17
rxa_0624,cloudflare,@cf/meta/llama-3.3-70b-instruct-fp8-fast,xénophobie,sarcasme,transfert_racisme_xenophobie,xenophobie,0.8,,713,1,,2026-08-23T15:00:24
rxa_0211,cloudflare,@cf/meta/llama-3.3-70b-instruct-fp8-fast,racisme,haine_explicite,tri_manuel,racisme,0.9,,894,1,,2026-08-23T15:00:31
rxa_1384,cloudflare,@cf/meta/llama-3.3-70b-instruct-fp8-fast,antisémitisme,ambigu,hardcase,antisemitisme,0.8,,568,1,,2026-08-23T15:00:39
rxa_0003,cloudflare,@cf/meta/llama-3.3-70b-instruct-fp8-fast,racisme,stereotype,tri_manuel,xenophobie,0.8,,670,1,,2026-08-23T15:00:46
rxa_1242,cloudflare,@cf/meta/llama-3.3-70b-instruct-fp8-fast,antisémitisme,stereotype,generation_originale,antisemitisme,0.6,,593,1,,2026-08-23T15:00:53
rxa_1259,cloudflare,@cf/meta/llama-3.3-70b-instruct-fp8-fast,antisémitisme,sarcasme,generation_originale,antisemitisme,0.8,,602,1,,2026-08-23T15:01:00
rxa_0931,cloudflare,@cf/meta/llama-3.3-70b-instruct-fp8-fast,xénophobie,haine_implicite,hardcase,xenophobie,0.8,,757,1,,2026-08-23T15:01:08
rxa_1141,cloudflare,@cf/meta/llama-3.3-70b-instruct-fp8-fast,antisémitisme,haine_explicite,transfert_racisme_antisemitisme,antisemitisme,1.0,,1773,1,,2026-08-23T15:01:16
rxa_0739,cloudflare,@cf/meta/llama-3.3-70b-instruct-fp8-fast,xénophobie,haine_implicite,generation_originale,xenophobie,0.8,,3494,1,,2026-08-23T15:01:26
rxa_0825,cloudflare,@cf/meta/llama-3.3-70b-instruct-fp8-fast,xénophobie,haine_implicite,hardcase,xenophobie,0.6,,938,1,,2026-08-23T15:01:34
rxa_0345,cloudflare,@cf/meta/llama-3.3-70b-instruct-fp8-fast,racisme,haine_explicite,tri_manuel,racisme,0.9,,1265,1,,2026-08-23T15:01:41
rxa_0645,cloudflare,@cf/meta/llama-3.3-70b-instruct-fp8-fast,xénophobie,dog_whistle,transfert_racisme_xenophobie,xenophobie,0.8,,1174,1,,2026-08-23T15:01:49
rxa_0787,cloudflare,@cf/meta/llama-3.3-70b-instruct-fp8-fast,xénophobie,sarcasme,generation_originale,xenophobie,0.9,,615,1,,2026-08-23T15:01:56
rxa_0145,cloudflare,@cf/meta/llama-3.3-70b-instruct-fp8-fast,racisme,stereotype,tri_manuel,xenophobie,0.8,,781,1,,2026-08-23T15:02:04
rxa_1020,cloudflare,@cf/meta/llama-3.3-70b-instruct-fp8-fast,antisémitisme,stereotype,transfert_racisme_antisemitisme,antisemitisme,1.0,,465,1,,2026-08-23T15:02:11
rxa_1085,cloudflare,@cf/meta/llama-3.3-70b-instruct-fp8-fast,antisémitisme,stereotype,transfert_racisme_antisemitisme,antisemitisme,0.9,,596,1,,2026-08-23T15:02:18
rxa_1226,cloudflare,@cf/meta/llama-3.3-70b-instruct-fp8-fast,antisémitisme,haine_implicite,generation_originale,antisemitisme,0.8,,602,1,,2026-08-23T15:02:25
rxa_0488,cloudflare,@cf/meta/llama-3.3-70b-instruct-fp8-fast,racisme,stereotype,generation_originale,xenophobie,0.8,,930,1,,2026-08-23T15:02:33
rxa_0562,cloudflare,@cf/meta/llama-3.3-70b-instruct-fp8-fast,xénophobie,haine_explicite,transfert_racisme_xenophobie,xenophobie,0.9,,1561,1,,2026-08-23T15:02:41
rxa_1131,cloudflare,@cf/meta/llama-3.3-70b-instruct-fp8-fast,antisémitisme,haine_explicite,transfert_racisme_antisemitisme,antisemitisme,0.9,,1198,1,,2026-08-23T15:02:49
rxa_0584,cloudflare,@cf/meta/llama-3.3-70b-instruct-fp8-fast,xénophobie,haine_implicite,transfert_racisme_xenophobie,xenophobie,0.8,,858,1,,2026-08-23T15:02:56
rxa_0108,cloudflare,@cf/meta/llama-3.3-70b-instruct-fp8-fast,racisme,stereotype,tri_manuel,racisme,0.8,,745,1,,2026-08-23T15:03:04
rxa_0404,cloudflare,@cf/meta/llama-3.3-70b-instruct-fp8-fast,xénophobie,exclusion,tri_manuel,xenophobie,0.9,,710,1,,2026-08-23T15:03:11
rxa_1310,cloudflare,@cf/meta/llama-3.3-70b-instruct-fp8-fast,antisémitisme,ambigu,hardcase,xenophobie,0.8,,1191,1,,2026-08-23T15:03:19
rxa_0984,cloudflare,@cf/meta/llama-3.3-70b-instruct-fp8-fast,antisémitisme,stereotype,transfert_racisme_antisemitisme,antisemitisme,0.9,,946,1,,2026-08-23T15:03:26
rxa_0966,cloudflare,@cf/meta/llama-3.3-70b-instruct-fp8-fast,antisémitisme,hostilite_religieuse,transfert_racisme_antisemitisme,antisemitisme,0.9,,602,1,,2026-08-23T15:03:34
rxa_1101,cloudflare,@cf/meta/llama-3.3-70b-instruct-fp8-fast,antisémitisme,haine_explicite,transfert_racisme_antisemitisme,antisemitisme,0.9,,431,1,,2026-08-23T15:03:41
rxa_0690,cloudflare,@cf/meta/llama-3.3-70b-instruct-fp8-fast,xénophobie,haine_explicite,generation_originale,xenophobie,0.9,,878,1,,2026-08-23T15:03:48
rxa_1360,cloudflare,@cf/meta/llama-3.3-70b-instruct-fp8-fast,antisémitisme,haine_implicite,hardcase,xenophobie,0.6,,1037,1,,2026-08-23T15:03:56
rxa_1283,cloudflare,@cf/meta/llama-3.3-70b-instruct-fp8-fast,antisémitisme,dog_whistle,generation_originale,xenophobie,0.8,,1020,1,,2026-08-23T15:04:03
rxa_1364,cloudflare,@cf/meta/llama-3.3-70b-instruct-fp8-fast,antisémitisme,haine_implicite,hardcase,antisemitisme,0.8,,798,1,,2026-08-23T15:04:11
rxa_1397,cloudflare,@cf/meta/llama-3.3-70b-instruct-fp8-fast,antisémitisme,stereotype,hardcase,racisme,0.0,,544,1,,2026-08-23T15:04:18
rxa_0545,cloudflare,@cf/meta/llama-3.3-70b-instruct-fp8-fast,xénophobie,haine_explicite,transfert_racisme_xenophobie,xenophobie,0.9,,845,1,,2026-08-23T15:04:25
rxa_1443,cloudflare,@cf/meta/llama-3.3-70b-instruct-fp8-fast,racisme,stereotype,generation_complement,racisme,0.9,,1273,1,,2026-08-23T15:04:33
rxa_0160,cloudflare,@cf/meta/llama-3.3-70b-instruct-fp8-fast,xénophobie,exclusion,tri_manuel,xenophobie,0.8,,1015,1,,2026-08-23T15:04:41
rxa_0611,cloudflare,@cf/meta/llama-3.3-70b-instruct-fp8-fast,xénophobie,exclusion,transfert_racisme_xenophobie,xenophobie,0.8,,1855,1,,2026-08-23T15:04:49
rxa_1239,cloudflare,@cf/meta/llama-3.3-70b-instruct-fp8-fast,antisémitisme,stereotype,generation_originale,antisemitisme,0.8,,836,1,,2026-08-23T15:04:57
rxa_0807,cloudflare,@cf/meta/llama-3.3-70b-instruct-fp8-fast,xénophobie,dog_whistle,generation_originale,xenophobie,0.8,,658,1,,2026-08-23T15:05:04
rxa_0058,cloudflare,@cf/meta/llama-3.3-70b-instruct-fp8-fast,racisme,stereotype,tri_manuel,racisme,0.8,,743,1,,2026-08-23T15:05:11
rxa_0462,cloudflare,@cf/meta/llama-3.3-70b-instruct-fp8-fast,racisme,haine_implicite,generation_originale,xenophobie,0.8,,836,1,,2026-08-23T15:05:19
rxa_0922,cloudflare,@cf/meta/llama-3.3-70b-instruct-fp8-fast,xénophobie,sarcasme,hardcase,xenophobie,0.8,,729,1,,2026-08-23T15:05:26
rxa_0261,cloudflare,@cf/meta/llama-3.3-70b-instruct-fp8-fast,antisémitisme,haine_explicite,tri_manuel,antisemitisme,1.0,,726,1,,2026-08-23T15:05:33
rxa_0398,cloudflare,@cf/meta/llama-3.3-70b-instruct-fp8-fast,racisme,haine_explicite,tri_manuel,racisme,0.9,,594,1,,2026-08-23T15:05:41
rxa_1308,cloudflare,@cf/meta/llama-3.3-70b-instruct-fp8-fast,antisémitisme,haine_implicite,hardcase,antisemitisme,0.8,,996,1,,2026-08-23T15:05:48
rxa_0190,cloudflare,@cf/meta/llama-3.3-70b-instruct-fp8-fast,antisémitisme,complotisme,tri_manuel,antisemitisme,0.9,,1020,1,,2026-08-23T15:05:56
rxa_0764,cloudflare,@cf/meta/llama-3.3-70b-instruct-fp8-fast,xénophobie,stereotype,generation_originale,xenophobie,0.8,,717,1,,2026-08-23T15:06:03
rxa_0561,cloudflare,@cf/meta/llama-3.3-70b-instruct-fp8-fast,xénophobie,haine_explicite,transfert_racisme_xenophobie,xenophobie,0.9,,1124,1,,2026-08-23T15:06:11
rxa_0575,cloudflare,@cf/meta/llama-3.3-70b-instruct-fp8-fast,xénophobie,haine_implicite,transfert_racisme_xenophobie,xenophobie,0.8,,2003,1,,2026-08-23T15:06:20
rxa_0459,cloudflare,@cf/meta/llama-3.3-70b-instruct-fp8-fast,racisme,haine_implicite,generation_originale,racisme,0.8,,553,1,,2026-08-23T15:06:27
rxa_1019,cloudflare,@cf/meta/llama-3.3-70b-instruct-fp8-fast,antisémitisme,stereotype,transfert_racisme_antisemitisme,antisemitisme,1.0,,570,1,,2026-08-23T15:06:34
rxa_0162,cloudflare,@cf/meta/llama-3.3-70b-instruct-fp8-fast,racisme,exclusion,tri_manuel,racisme,0.9,,760,1,,2026-08-23T15:06:41
rxa_1410,cloudflare,@cf/meta/llama-3.3-70b-instruct-fp8-fast,antisémitisme,haine_implicite,hardcase,xenophobie,0.0,,794,1,,2026-08-23T15:06:49
rxa_0637,cloudflare,@cf/meta/llama-3.3-70b-instruct-fp8-fast,xénophobie,dog_whistle,transfert_racisme_xenophobie,xenophobie,0.8,,774,1,,2026-08-23T15:06:56
rxa_1150,cloudflare,@cf/meta/llama-3.3-70b-instruct-fp8-fast,antisémitisme,haine_explicite,generation_originale,antisemitisme,1.0,,578,1,,2026-08-23T15:07:03
rxa_0503,cloudflare,@cf/meta/llama-3.3-70b-instruct-fp8-fast,racisme,sarcasme,generation_originale,xenophobie,0.8,,933,1,,2026-08-23T15:07:11
rxa_1023,cloudflare,@cf/meta/llama-3.3-70b-instruct-fp8-fast,antisémitisme,haine_implicite,transfert_racisme_antisemitisme,antisemitisme,0.8,,1045,1,,2026-08-23T15:07:18
rxa_0280,cloudflare,@cf/meta/llama-3.3-70b-instruct-fp8-fast,racisme,haine_explicite,tri_manuel,racisme,0.9,,1486,1,,2026-08-23T15:07:26
rxa_1332,cloudflare,@cf/meta/llama-3.3-70b-instruct-fp8-fast,antisémitisme,stereotype,hardcase,antisemitisme,0.8,,601,1,,2026-08-23T15:07:34
rxa_1066,cloudflare,@cf/meta/llama-3.3-70b-instruct-fp8-fast,antisémitisme,complotisme,transfert_racisme_antisemitisme,antisemitisme,1.0,,618,1,,2026-08-23T15:07:41
rxa_0099,cloudflare,@cf/meta/llama-3.3-70b-instruct-fp8-fast,racisme,haine_explicite,tri_manuel,xenophobie,0.8,,1647,1,,2026-08-23T15:07:49
rxa_1481,cloudflare,@cf/meta/llama-3.3-70b-instruct-fp8-fast,racisme,ambigu,generation_complement,xenophobie,0.8,,765,1,,2026-08-23T15:07:57
rxa_1258,cloudflare,@cf/meta/llama-3.3-70b-instruct-fp8-fast,antisémitisme,sarcasme,generation_originale,antisemitisme,0.8,,2196,1,,2026-08-23T15:08:05
rxa_0869,cloudflare,@cf/meta/llama-3.3-70b-instruct-fp8-fast,xénophobie,exclusion,hardcase,xenophobie,0.8,,676,1,,2026-08-23T15:08:13
rxa_0178,cloudflare,@cf/meta/llama-3.3-70b-instruct-fp8-fast,xénophobie,exclusion,tri_manuel,xenophobie,0.8,,633,1,,2026-08-23T15:08:20
rxa_1491,cloudflare,@cf/meta/llama-3.3-70b-instruct-fp8-fast,xénophobie,sarcasme,generation_complement,xenophobie,0.8,,772,1,,2026-08-23T15:08:27
rxa_0366,cloudflare,@cf/meta/llama-3.3-70b-instruct-fp8-fast,racisme,haine_explicite,tri_manuel,racisme,0.9,,631,1,,2026-08-23T15:08:34
rxa_0707,cloudflare,@cf/meta/llama-3.3-70b-instruct-fp8-fast,xénophobie,haine_explicite,generation_originale,xenophobie,0.9,,433,1,,2026-08-23T15:08:41
rxa_0084,cloudflare,@cf/meta/llama-3.3-70b-instruct-fp8-fast,racisme,exclusion,tri_manuel,xenophobie,0.8,,854,1,,2026-08-23T15:08:49
rxa_1339,cloudflare,@cf/meta/llama-3.3-70b-instruct-fp8-fast,antisémitisme,haine_implicite,hardcase,xenophobie,0.0,,721,1,,2026-08-23T15:08:56
rxa_1473,cloudflare,@cf/meta/llama-3.3-70b-instruct-fp8-fast,racisme,dog_whistle,generation_complement,xenophobie,0.9,,2526,1,,2026-08-23T15:09:05
rxa_0559,cloudflare,@cf/meta/llama-3.3-70b-instruct-fp8-fast,xénophobie,haine_explicite,transfert_racisme_xenophobie,xenophobie,0.9,,731,1,,2026-08-23T15:09:13
rxa_1490,cloudflare,@cf/meta/llama-3.3-70b-instruct-fp8-fast,xénophobie,sarcasme,generation_complement,xenophobie,0.8,,1852,1,,2026-08-23T15:09:21
rxa_0889,cloudflare,@cf/meta/llama-3.3-70b-instruct-fp8-fast,xénophobie,haine_implicite,hardcase,xenophobie,0.8,,691,1,,2026-08-23T15:09:29
rxa_0359,cloudflare,@cf/meta/llama-3.3-70b-instruct-fp8-fast,racisme,haine_explicite,tri_manuel,racisme,0.9,,892,1,,2026-08-23T15:09:36
rxa_1113,cloudflare,@cf/meta/llama-3.3-70b-instruct-fp8-fast,antisémitisme,haine_explicite,transfert_racisme_antisemitisme,antisemitisme,1.0,,4946,1,,2026-08-23T15:09:48
rxa_0522,cloudflare,@cf/meta/llama-3.3-70b-instruct-fp8-fast,racisme,ambigu,generation_originale,xenophobie,0.8,,1026,1,,2026-08-23T15:09:55
rxa_0770,cloudflare,@cf/meta/llama-3.3-70b-instruct-fp8-fast,xénophobie,stereotype,generation_originale,xenophobie,0.8,,1274,1,,2026-08-23T15:10:03
rxa_0438,cloudflare,@cf/meta/llama-3.3-70b-instruct-fp8-fast,racisme,haine_explicite,generation_originale,xenophobie,0.9,,678,1,,2026-08-23T15:10:10
rxa_1180,cloudflare,@cf/meta/llama-3.3-70b-instruct-fp8-fast,antisémitisme,haine_explicite,generation_originale,antisemitisme,1.0,,814,1,,2026-08-23T15:10:18
rxa_0200,cloudflare,@cf/meta/llama-3.3-70b-instruct-fp8-fast,antisémitisme,haine_implicite,tri_manuel,antisemitisme,1.0,,554,1,,2026-08-23T15:10:25
rxa_0257,cloudflare,@cf/meta/llama-3.3-70b-instruct-fp8-fast,racisme,haine_explicite,tri_manuel,racisme,0.9,,631,1,,2026-08-23T15:10:32
rxa_1065,cloudflare,@cf/meta/llama-3.3-70b-instruct-fp8-fast,antisémitisme,complotisme,transfert_racisme_antisemitisme,antisemitisme,1.0,,427,1,,2026-08-23T15:10:39
rxa_0805,cloudflare,@cf/meta/llama-3.3-70b-instruct-fp8-fast,xénophobie,dog_whistle,generation_originale,xenophobie,0.9,,667,1,,2026-08-23T15:10:46
rxa_0295,cloudflare,@cf/meta/llama-3.3-70b-instruct-fp8-fast,racisme,haine_explicite,tri_manuel,racisme,0.9,,714,1,,2026-08-23T15:10:54
rxa_0746,cloudflare,@cf/meta/llama-3.3-70b-instruct-fp8-fast,xénophobie,haine_implicite,generation_originale,xenophobie,0.8,,718,1,,2026-08-23T15:11:01
rxa_0423,cloudflare,@cf/meta/llama-3.3-70b-instruct-fp8-fast,racisme,haine_explicite,generation_originale,racisme,0.9,,780,1,,2026-08-23T15:11:09
rxa_0118,cloudflare,@cf/meta/llama-3.3-70b-instruct-fp8-fast,racisme,stereotype,tri_manuel,xenophobie,0.8,,672,1,,2026-08-23T15:11:16
rxa_1462,cloudflare,@cf/meta/llama-3.3-70b-instruct-fp8-fast,racisme,sarcasme,generation_complement,xenophobie,0.8,,1182,1,,2026-08-23T15:11:24
rxa_0215,cloudflare,@cf/meta/llama-3.3-70b-instruct-fp8-fast,racisme,haine_implicite,tri_manuel,racisme,0.9,,703,1,,2026-08-23T15:11:31
rxa_1335,cloudflare,@cf/meta/llama-3.3-70b-instruct-fp8-fast,antisémitisme,haine_implicite,hardcase,antisemitisme,0.2,,1438,1,,2026-08-23T15:11:39
rxa_0054,cloudflare,@cf/meta/llama-3.3-70b-instruct-fp8-fast,xénophobie,exclusion,tri_manuel,xenophobie,0.9,,653,1,,2026-08-23T15:11:46
rxa_1292,cloudflare,@cf/meta/llama-3.3-70b-instruct-fp8-fast,antisémitisme,ambigu,generation_originale,xenophobie,0.2,,1159,1,,2026-08-23T15:11:54
rxa_0446,cloudflare,@cf/meta/llama-3.3-70b-instruct-fp8-fast,racisme,haine_explicite,generation_originale,xenophobie,0.8,,886,1,,2026-08-23T15:12:01
rxa_0781,cloudflare,@cf/meta/llama-3.3-70b-instruct-fp8-fast,xénophobie,sarcasme,generation_originale,xenophobie,0.8,,1069,1,,2026-08-23T15:12:09
rxa_1213,cloudflare,@cf/meta/llama-3.3-70b-instruct-fp8-fast,antisémitisme,haine_implicite,generation_originale,racisme,0.8,,877,1,,2026-08-23T15:12:17
rxa_0375,cloudflare,@cf/meta/llama-3.3-70b-instruct-fp8-fast,racisme,haine_explicite,tri_manuel,racisme,0.9,,1015,1,,2026-08-23T15:12:24
rxa_0325,cloudflare,@cf/meta/llama-3.3-70b-instruct-fp8-fast,antisémitisme,complotisme,tri_manuel,antisemitisme,0.9,,1473,1,,2026-08-24T12:52:31
rxa_0481,cloudflare,@cf/meta/llama-3.3-70b-instruct-fp8-fast,racisme,haine_implicite,generation_originale,xenophobie,0.8,,816,1,,2026-08-24T12:52:39
rxa_1413,cloudflare,@cf/meta/llama-3.3-70b-instruct-fp8-fast,antisémitisme,dog_whistle,hardcase,xenophobie,0.6,,757,1,,2026-08-24T12:52:46
rxa_0960,cloudflare,@cf/meta/llama-3.3-70b-instruct-fp8-fast,antisémitisme,stereotype,transfert_racisme_antisemitisme,antisemitisme,0.9,,821,1,,2026-08-24T12:52:54
rxa_0806,cloudflare,@cf/meta/llama-3.3-70b-instruct-fp8-fast,xénophobie,dog_whistle,generation_originale,xenophobie,0.6,,610,1,,2026-08-24T12:53:01
rxa_0597,cloudflare,@cf/meta/llama-3.3-70b-instruct-fp8-fast,xénophobie,exclusion,transfert_racisme_xenophobie,xenophobie,0.9,,621,1,,2026-08-24T12:53:08
rxa_0780,cloudflare,@cf/meta/llama-3.3-70b-instruct-fp8-fast,xénophobie,stereotype,generation_originale,xenophobie,0.8,,561,1,,2026-08-24T12:53:15
rxa_0987,cloudflare,@cf/meta/llama-3.3-70b-instruct-fp8-fast,antisémitisme,complotisme,transfert_racisme_antisemitisme,antisemitisme,0.9,,422,1,,2026-08-24T12:53:22
rxa_0515,cloudflare,@cf/meta/llama-3.3-70b-instruct-fp8-fast,racisme,dog_whistle,generation_originale,xenophobie,0.8,,696,1,,2026-08-24T12:53:30
rxa_0594,cloudflare,@cf/meta/llama-3.3-70b-instruct-fp8-fast,xénophobie,haine_implicite,transfert_racisme_xenophobie,xenophobie,0.8,,647,1,,2026-08-24T12:53:37
rxa_1202,cloudflare,@cf/meta/llama-3.3-70b-instruct-fp8-fast,antisémitisme,haine_implicite,generation_originale,xenophobie,0.0,,2429,1,,2026-08-24T12:53:46
rxa_1127,cloudflare,@cf/meta/llama-3.3-70b-instruct-fp8-fast,antisémitisme,exclusion,transfert_racisme_antisemitisme,antisemitisme,1.0,,2300,1,,2026-08-24T12:53:55
rxa_0414,cloudflare,@cf/meta/llama-3.3-70b-instruct-fp8-fast,racisme,haine_explicite,generation_originale,racisme,0.9,,414,1,,2026-08-24T12:54:02
rxa_1128,cloudflare,@cf/meta/llama-3.3-70b-instruct-fp8-fast,antisémitisme,haine_explicite,transfert_racisme_antisemitisme,antisemitisme,1.0,,709,1,,2026-08-24T12:54:09
rxa_1403,cloudflare,@cf/meta/llama-3.3-70b-instruct-fp8-fast,antisémitisme,haine_implicite,hardcase,xenophobie,0.0,,803,1,,2026-08-24T12:54:16
rxa_0915,cloudflare,@cf/meta/llama-3.3-70b-instruct-fp8-fast,xénophobie,sarcasme,hardcase,xenophobie,0.8,,838,1,,2026-08-24T12:54:24
rxa_0485,cloudflare,@cf/meta/llama-3.3-70b-instruct-fp8-fast,racisme,stereotype,generation_originale,racisme,0.8,,542,1,,2026-08-24T12:54:31
rxa_1381,cloudflare,@cf/meta/llama-3.3-70b-instruct-fp8-fast,antisémitisme,dog_whistle,hardcase,xenophobie,0.2,,1202,1,,2026-08-24T12:54:39
rxa_0443,cloudflare,@cf/meta/llama-3.3-70b-instruct-fp8-fast,racisme,haine_explicite,generation_originale,xenophobie,0.8,,711,1,,2026-08-24T12:54:46
rxa_0210,cloudflare,@cf/meta/llama-3.3-70b-instruct-fp8-fast,racisme,haine_explicite,tri_manuel,racisme,0.9,,830,1,,2026-08-24T12:54:54
rxa_0938,cloudflare,@cf/meta/llama-3.3-70b-instruct-fp8-fast,xénophobie,haine_implicite,hardcase,xenophobie,0.8,,607,1,,2026-08-24T12:55:01
rxa_1312,cloudflare,@cf/meta/llama-3.3-70b-instruct-fp8-fast,antisémitisme,haine_implicite,hardcase,xenophobie,0.6,,627,1,,2026-08-24T12:55:08
rxa_0383,cloudflare,@cf/meta/llama-3.3-70b-instruct-fp8-fast,racisme,haine_explicite,tri_manuel,racisme,0.9,,933,1,,2026-08-24T12:55:16
rxa_1223,cloudflare,@cf/meta/llama-3.3-70b-instruct-fp8-fast,antisémitisme,haine_implicite,generation_originale,xenophobie,0.8,,904,1,,2026-08-24T12:55:23
rxa_0955,cloudflare,@cf/meta/llama-3.3-70b-instruct-fp8-fast,antisémitisme,stereotype,transfert_racisme_antisemitisme,antisemitisme,1.0,,1186,1,,2026-08-24T12:55:31
rxa_1048,cloudflare,@cf/meta/llama-3.3-70b-instruct-fp8-fast,antisémitisme,stereotype,transfert_racisme_antisemitisme,antisemitisme,1.0,,1333,1,,2026-08-24T12:55:39
rxa_0355,cloudflare,@cf/meta/llama-3.3-70b-instruct-fp8-fast,racisme,haine_explicite,tri_manuel,racisme,0.9,,598,1,,2026-08-24T12:55:46
rxa_1321,cloudflare,@cf/meta/llama-3.3-70b-instruct-fp8-fast,antisémitisme,haine_implicite,hardcase,xenophobie,0.8,,713,1,,2026-08-24T12:55:53
rxa_0836,cloudflare,@cf/meta/llama-3.3-70b-instruct-fp8-fast,xénophobie,sarcasme,hardcase,xenophobie,0.6,,586,1,,2026-08-24T12:56:01
rxa_0568,cloudflare,@cf/meta/llama-3.3-70b-instruct-fp8-fast,xénophobie,haine_explicite,transfert_racisme_xenophobie,xenophobie,0.9,,1722,1,,2026-08-24T12:56:09
rxa_0460,cloudflare,@cf/meta/llama-3.3-70b-instruct-fp8-fast,racisme,haine_implicite,generation_originale,racisme,0.8,,567,1,,2026-08-24T12:56:16
rxa_0709,cloudflare,@cf/meta/llama-3.3-70b-instruct-fp8-fast,xénophobie,haine_explicite,generation_originale,xenophobie,0.9,,983,1,,2026-08-24T12:56:24
rxa_0019,cloudflare,@cf/meta/llama-3.3-70b-instruct-fp8-fast,racisme,stereotype,tri_manuel,xenophobie,0.8,,874,1,,2026-08-24T12:56:31
rxa_1186,cloudflare,@cf/meta/llama-3.3-70b-instruct-fp8-fast,antisémitisme,haine_explicite,generation_originale,antisemitisme,0.9,,660,1,,2026-08-24T12:56:39
rxa_0016,cloudflare,@cf/meta/llama-3.3-70b-instruct-fp8-fast,racisme,exclusion,tri_manuel,xenophobie,0.8,,742,1,,2026-08-24T12:56:46
rxa_1089,cloudflare,@cf/meta/llama-3.3-70b-instruct-fp8-fast,antisémitisme,stereotype,transfert_racisme_antisemitisme,antisemitisme,0.9,,764,1,,2026-08-24T12:56:53
rxa_0308,cloudflare,@cf/meta/llama-3.3-70b-instruct-fp8-fast,racisme,haine_explicite,tri_manuel,racisme,0.9,,718,1,,2026-08-24T12:57:01
rxa_0073,cloudflare,@cf/meta/llama-3.3-70b-instruct-fp8-fast,racisme,stereotype,tri_manuel,racisme,0.8,,558,1,,2026-08-24T12:57:08
rxa_1099,cloudflare,@cf/meta/llama-3.3-70b-instruct-fp8-fast,antisémitisme,haine_explicite,transfert_racisme_antisemitisme,antisemitisme,0.9,,1050,1,,2026-08-24T12:57:15
rxa_0052,cloudflare,@cf/meta/llama-3.3-70b-instruct-fp8-fast,racisme,stereotype,tri_manuel,xenophobie,0.8,,758,1,,2026-08-24T12:57:23
rxa_1009,cloudflare,@cf/meta/llama-3.3-70b-instruct-fp8-fast,antisémitisme,stereotype,transfert_racisme_antisemitisme,antisemitisme,1.0,,726,1,,2026-08-24T12:57:30
rxa_1262,cloudflare,@cf/meta/llama-3.3-70b-instruct-fp8-fast,antisémitisme,sarcasme,generation_originale,xenophobie,0.8,,677,1,,2026-08-24T12:57:37
rxa_0733,cloudflare,@cf/meta/llama-3.3-70b-instruct-fp8-fast,xénophobie,haine_implicite,generation_originale,xenophobie,0.8,,604,1,,2026-08-24T12:57:45
rxa_0886,cloudflare,@cf/meta/llama-3.3-70b-instruct-fp8-fast,xénophobie,haine_implicite,hardcase,xenophobie,0.8,,818,1,,2026-08-24T12:57:52
rxa_1282,cloudflare,@cf/meta/llama-3.3-70b-instruct-fp8-fast,antisémitisme,dog_whistle,generation_originale,xenophobie,0.8,,703,1,,2026-08-24T12:57:59
rxa_0815,cloudflare,@cf/meta/llama-3.3-70b-instruct-fp8-fast,xénophobie,ambigu,generation_originale,xenophobie,0.8,,897,1,,2026-08-24T12:58:07
rxa_0574,cloudflare,@cf/meta/llama-3.3-70b-instruct-fp8-fast,xénophobie,haine_implicite,transfert_racisme_xenophobie,xenophobie,0.8,,765,1,,2026-08-24T12:58:14
rxa_0456,cloudflare,@cf/meta/llama-3.3-70b-instruct-fp8-fast,racisme,haine_implicite,generation_originale,xenophobie,0.8,,597,1,,2026-08-24T12:58:21
rxa_1268,cloudflare,@cf/meta/llama-3.3-70b-instruct-fp8-fast,antisémitisme,sarcasme,generation_originale,antisemitisme,0.8,,947,1,,2026-08-24T12:58:29
rxa_0466,cloudflare,@cf/meta/llama-3.3-70b-instruct-fp8-fast,racisme,haine_implicite,generation_originale,xenophobie,0.8,,1181,1,,2026-08-24T12:58:37
rxa_0658,cloudflare,@cf/meta/llama-3.3-70b-instruct-fp8-fast,xénophobie,ambigu,transfert_racisme_xenophobie,xenophobie,0.8,,2244,1,,2026-08-24T12:58:46
rxa_1173,cloudflare,@cf/meta/llama-3.3-70b-instruct-fp8-fast,antisémitisme,haine_explicite,generation_originale,antisemitisme,0.9,,498,1,,2026-08-24T12:58:53
rxa_1051,cloudflare,@cf/meta/llama-3.3-70b-instruct-fp8-fast,antisémitisme,stereotype,transfert_racisme_antisemitisme,antisemitisme,0.9,,760,1,,2026-08-24T12:59:00
rxa_0249,cloudflare,@cf/meta/llama-3.3-70b-instruct-fp8-fast,racisme,haine_explicite,tri_manuel,racisme,0.9,,791,1,,2026-08-24T12:59:07
rxa_0830,cloudflare,@cf/meta/llama-3.3-70b-instruct-fp8-fast,xénophobie,haine_implicite,hardcase,xenophobie,0.8,,1093,1,,2026-08-24T12:59:15
rxa_0778,cloudflare,@cf/meta/llama-3.3-70b-instruct-fp8-fast,xénophobie,stereotype,generation_originale,xenophobie,0.8,,627,1,,2026-08-24T12:59:22
rxa_0227,cloudflare,@cf/meta/llama-3.3-70b-instruct-fp8-fast,racisme,haine_explicite,tri_manuel,xenophobie,0.8,,667,1,,2026-08-24T12:59:30
rxa_0247,cloudflare,@cf/meta/llama-3.3-70b-instruct-fp8-fast,racisme,haine_explicite,tri_manuel,racisme,0.8,,543,1,,2026-08-24T12:59:37
rxa_1305,cloudflare,@cf/meta/llama-3.3-70b-instruct-fp8-fast,antisémitisme,sarcasme,hardcase,antisemitisme,0.8,,562,1,,2026-08-24T12:59:44
rxa_1254,cloudflare,@cf/meta/llama-3.3-70b-instruct-fp8-fast,antisémitisme,stereotype,generation_originale,antisemitisme,0.8,,665,1,,2026-08-24T12:59:51
rxa_0170,cloudflare,@cf/meta/llama-3.3-70b-instruct-fp8-fast,racisme,haine_explicite,tri_manuel,racisme,0.9,,1224,1,,2026-08-24T12:59:59
rxa_0294,cloudflare,@cf/meta/llama-3.3-70b-instruct-fp8-fast,racisme,haine_explicite,tri_manuel,racisme,0.9,,430,1,,2026-08-24T13:00:06
rxa_1046,cloudflare,@cf/meta/llama-3.3-70b-instruct-fp8-fast,antisémitisme,exclusion,transfert_racisme_antisemitisme,antisemitisme,1.0,,481,1,,2026-08-24T13:00:13
rxa_1234,cloudflare,@cf/meta/llama-3.3-70b-instruct-fp8-fast,antisémitisme,stereotype,generation_originale,racisme,0.8,,4647,1,,2026-08-24T13:00:25
rxa_0750,cloudflare,@cf/meta/llama-3.3-70b-instruct-fp8-fast,xénophobie,haine_implicite,generation_originale,xenophobie,0.8,,869,1,,2026-08-24T13:00:32
rxa_0089,cloudflare,@cf/meta/llama-3.3-70b-instruct-fp8-fast,racisme,haine_implicite,tri_manuel,xenophobie,0.8,,2742,1,,2026-08-24T13:00:41
rxa_0661,cloudflare,@cf/meta/llama-3.3-70b-instruct-fp8-fast,xénophobie,ambigu,transfert_racisme_xenophobie,xenophobie,0.8,,704,1,,2026-08-24T13:00:49
rxa_1172,cloudflare,@cf/meta/llama-3.3-70b-instruct-fp8-fast,antisémitisme,haine_explicite,generation_originale,antisemitisme,0.9,,718,1,,2026-08-24T13:00:56
rxa_1220,cloudflare,@cf/meta/llama-3.3-70b-instruct-fp8-fast,antisémitisme,haine_implicite,generation_originale,xenophobie,0.6,,1071,1,,2026-08-24T13:01:04
rxa_1437,cloudflare,@cf/meta/llama-3.3-70b-instruct-fp8-fast,racisme,haine_implicite,generation_complement,racisme,0.8,,1337,1,,2026-08-24T13:01:12
rxa_1158,cloudflare,@cf/meta/llama-3.3-70b-instruct-fp8-fast,antisémitisme,haine_explicite,generation_originale,antisemitisme,0.9,,1016,1,,2026-08-24T13:01:19
rxa_0524,cloudflare,@cf/meta/llama-3.3-70b-instruct-fp8-fast,racisme,ambigu,generation_originale,xenophobie,0.8,,754,1,,2026-08-24T13:01:27
rxa_0109,cloudflare,@cf/meta/llama-3.3-70b-instruct-fp8-fast,racisme,stereotype,tri_manuel,racisme,0.8,,614,1,,2026-08-24T13:01:34
rxa_1091,cloudflare,@cf/meta/llama-3.3-70b-instruct-fp8-fast,antisémitisme,haine_explicite,transfert_racisme_antisemitisme,antisemitisme,1.0,,548,1,,2026-08-24T13:01:41
rxa_0494,cloudflare,@cf/meta/llama-3.3-70b-instruct-fp8-fast,racisme,stereotype,generation_originale,racisme,0.9,,33708,1,,2026-08-24T13:02:21
rxa_0852,cloudflare,@cf/meta/llama-3.3-70b-instruct-fp8-fast,xénophobie,dog_whistle,hardcase,xenophobie,0.8,,995,1,,2026-08-24T13:02:29
rxa_0834,cloudflare,@cf/meta/llama-3.3-70b-instruct-fp8-fast,xénophobie,haine_implicite,hardcase,xenophobie,0.8,,851,1,,2026-08-24T13:02:36
rxa_0798,cloudflare,@cf/meta/llama-3.3-70b-instruct-fp8-fast,xénophobie,dog_whistle,generation_originale,xenophobie,0.8,,597,1,,2026-08-24T13:02:44
rxa_0519,cloudflare,@cf/meta/llama-3.3-70b-instruct-fp8-fast,racisme,dog_whistle,generation_originale,xenophobie,0.8,,728,1,,2026-08-24T13:02:51
rxa_0600,cloudflare,@cf/meta/llama-3.3-70b-instruct-fp8-fast,xénophobie,exclusion,transfert_racisme_xenophobie,xenophobie,0.9,,596,1,,2026-08-24T13:02:58
rxa_1469,cloudflare,@cf/meta/llama-3.3-70b-instruct-fp8-fast,racisme,dog_whistle,generation_complement,xenophobie,0.9,,681,1,,2026-08-24T13:03:05
rxa_0604,cloudflare,@cf/meta/llama-3.3-70b-instruct-fp8-fast,xénophobie,exclusion,transfert_racisme_xenophobie,xenophobie,0.9,,1211,1,,2026-08-24T13:03:13
rxa_0816,cloudflare,@cf/meta/llama-3.3-70b-instruct-fp8-fast,xénophobie,ambigu,generation_originale,xenophobie,0.8,,795,1,,2026-08-24T13:03:21
rxa_0358,cloudflare,@cf/meta/llama-3.3-70b-instruct-fp8-fast,antisémitisme,haine_explicite,tri_manuel,racisme,0.8,,775,1,,2026-08-24T13:03:28
rxa_1345,cloudflare,@cf/meta/llama-3.3-70b-instruct-fp8-fast,antisémitisme,sarcasme,hardcase,xenophobie,0.2,,727,1,,2026-08-24T13:03:35
rxa_1257,cloudflare,@cf/meta/llama-3.3-70b-instruct-fp8-fast,antisémitisme,sarcasme,generation_originale,xenophobie,0.8,,706,1,,2026-08-24T13:03:43
rxa_1133,cloudflare,@cf/meta/llama-3.3-70b-instruct-fp8-fast,antisémitisme,haine_explicite,transfert_racisme_antisemitisme,antisemitisme,1.0,,792,1,,2026-08-24T13:03:50
rxa_0867,cloudflare,@cf/meta/llama-3.3-70b-instruct-fp8-fast,xénophobie,exclusion,hardcase,xenophobie,0.8,,1488,1,,2026-08-24T13:03:58
rxa_0181,cloudflare,@cf/meta/llama-3.3-70b-instruct-fp8-fast,racisme,haine_explicite,tri_manuel,racisme,0.9,,900,1,,2026-08-24T13:04:06
rxa_0587,cloudflare,@cf/meta/llama-3.3-70b-instruct-fp8-fast,xénophobie,haine_implicite,transfert_racisme_xenophobie,xenophobie,0.8,,3291,1,,2026-08-24T13:04:16
rxa_0122,cloudflare,@cf/meta/llama-3.3-70b-instruct-fp8-fast,racisme,hostilite_religieuse,tri_manuel,xenophobie,0.8,,551,1,,2026-08-24T13:04:23
rxa_0948,cloudflare,@cf/meta/llama-3.3-70b-instruct-fp8-fast,xénophobie,ambigu,hardcase,xenophobie,0.0,,730,1,,2026-08-24T13:04:30
rxa_0391,cloudflare,@cf/meta/llama-3.3-70b-instruct-fp8-fast,antisémitisme,haine_explicite,tri_manuel,antisemitisme,1.0,,597,1,,2026-08-24T13:04:37
rxa_0165,cloudflare,@cf/meta/llama-3.3-70b-instruct-fp8-fast,racisme,haine_explicite,tri_manuel,racisme,0.9,,1440,1,,2026-08-24T13:04:45
rxa_0449,cloudflare,@cf/meta/llama-3.3-70b-instruct-fp8-fast,racisme,haine_explicite,generation_originale,racisme,0.9,,773,1,,2026-08-24T13:04:53
rxa_0838,cloudflare,@cf/meta/llama-3.3-70b-instruct-fp8-fast,xénophobie,sarcasme,hardcase,xenophobie,0.8,,843,1,,2026-08-24T13:05:00
rxa_1233,cloudflare,@cf/meta/llama-3.3-70b-instruct-fp8-fast,antisémitisme,stereotype,generation_originale,antisemitisme,0.8,,616,1,,2026-08-24T13:05:07
rxa_0401,cloudflare,@cf/meta/llama-3.3-70b-instruct-fp8-fast,racisme,haine_explicite,tri_manuel,racisme,0.8,,616,1,,2026-08-24T13:05:15
rxa_0149,cloudflare,@cf/meta/llama-3.3-70b-instruct-fp8-fast,racisme,hostilite_religieuse,tri_manuel,xenophobie,0.8,,654,1,,2026-08-24T13:05:22
rxa_0894,cloudflare,@cf/meta/llama-3.3-70b-instruct-fp8-fast,xénophobie,haine_implicite,hardcase,xenophobie,0.8,,3204,1,,2026-08-24T13:05:32
rxa_1470,cloudflare,@cf/meta/llama-3.3-70b-instruct-fp8-fast,racisme,dog_whistle,generation_complement,xenophobie,0.8,,718,1,,2026-08-24T13:05:39
rxa_1094,cloudflare,@cf/meta/llama-3.3-70b-instruct-fp8-fast,antisémitisme,haine_explicite,transfert_racisme_antisemitisme,antisemitisme,1.0,,1027,1,,2026-08-24T13:05:47
rxa_1279,cloudflare,@cf/meta/llama-3.3-70b-instruct-fp8-fast,antisémitisme,dog_whistle,generation_originale,antisemitisme,0.8,,582,1,,2026-08-24T13:05:54
rxa_0037,cloudflare,@cf/meta/llama-3.3-70b-instruct-fp8-fast,racisme,stereotype,tri_manuel,xenophobie,0.9,,1188,1,,2026-08-24T13:06:02
rxa_0428,cloudflare,@cf/meta/llama-3.3-70b-instruct-fp8-fast,racisme,haine_explicite,generation_originale,racisme,0.9,,574,1,,2026-08-24T13:06:09
rxa_1018,cloudflare,@cf/meta/llama-3.3-70b-instruct-fp8-fast,antisémitisme,stereotype,transfert_racisme_antisemitisme,antisemitisme,1.0,,841,1,,2026-08-24T13:06:16
rxa_0566,cloudflare,@cf/meta/llama-3.3-70b-instruct-fp8-fast,xénophobie,haine_explicite,transfert_racisme_xenophobie,xenophobie,0.9,,724,1,,2026-08-24T13:06:24
rxa_0769,cloudflare,@cf/meta/llama-3.3-70b-instruct-fp8-fast,xénophobie,stereotype,generation_originale,xenophobie,0.8,,704,1,,2026-08-24T13:06:31
rxa_0949,cloudflare,@cf/meta/llama-3.3-70b-instruct-fp8-fast,xénophobie,sarcasme,hardcase,xenophobie,0.8,,2083,1,,2026-08-24T13:06:40
rxa_0013,cloudflare,@cf/meta/llama-3.3-70b-instruct-fp8-fast,racisme,stereotype,tri_manuel,racisme,0.8,,513,1,,2026-08-24T13:06:47
rxa_0727,cloudflare,@cf/meta/llama-3.3-70b-instruct-fp8-fast,xénophobie,haine_implicite,generation_originale,xenophobie,0.9,,553,1,,2026-08-24T13:06:54
rxa_0799,cloudflare,@cf/meta/llama-3.3-70b-instruct-fp8-fast,xénophobie,dog_whistle,generation_originale,xenophobie,0.8,,1184,1,,2026-08-24T13:07:02
rxa_0095,cloudflare,@cf/meta/llama-3.3-70b-instruct-fp8-fast,racisme,haine_implicite,tri_manuel,xenophobie,0.8,,680,1,,2026-08-24T13:07:09
rxa_0846,cloudflare,@cf/meta/llama-3.3-70b-instruct-fp8-fast,xénophobie,dog_whistle,hardcase,xenophobie,0.8,,1288,1,,2026-08-24T13:07:17
rxa_0348,cloudflare,@cf/meta/llama-3.3-70b-instruct-fp8-fast,xénophobie,dog_whistle,tri_manuel,xenophobie,0.9,,612,1,,2026-08-24T13:07:24
rxa_0487,cloudflare,@cf/meta/llama-3.3-70b-instruct-fp8-fast,racisme,stereotype,generation_originale,xenophobie,0.8,,1002,1,,2026-08-24T13:07:32
rxa_1199,cloudflare,@cf/meta/llama-3.3-70b-instruct-fp8-fast,antisémitisme,haine_implicite,generation_originale,racisme,0.8,,615,1,,2026-08-24T13:07:39
rxa_1210,cloudflare,@cf/meta/llama-3.3-70b-instruct-fp8-fast,antisémitisme,haine_implicite,generation_originale,xenophobie,0.2,,2468,1,,2026-08-24T13:07:48
rxa_0500,cloudflare,@cf/meta/llama-3.3-70b-instruct-fp8-fast,racisme,stereotype,generation_originale,xenophobie,0.8,,668,1,,2026-08-24T13:07:55
rxa_1008,cloudflare,@cf/meta/llama-3.3-70b-instruct-fp8-fast,antisémitisme,exclusion,transfert_racisme_antisemitisme,antisemitisme,1.0,,1259,1,,2026-08-24T13:08:03
rxa_1287,cloudflare,@cf/meta/llama-3.3-70b-instruct-fp8-fast,antisémitisme,ambigu,generation_originale,xenophobie,0.2,,1495,1,,2026-08-24T13:08:11
rxa_0411,cloudflare,@cf/meta/llama-3.3-70b-instruct-fp8-fast,xénophobie,dog_whistle,tri_manuel,xenophobie,0.8,,493,1,,2026-08-24T13:08:18
rxa_1281,cloudflare,@cf/meta/llama-3.3-70b-instruct-fp8-fast,antisémitisme,dog_whistle,generation_originale,antisemitisme,0.8,,787,1,,2026-08-24T13:08:26
rxa_1056,cloudflare,@cf/meta/llama-3.3-70b-instruct-fp8-fast,antisémitisme,stereotype,transfert_racisme_antisemitisme,antisemitisme,0.9,,1251,1,,2026-08-24T13:08:34
rxa_0251,cloudflare,@cf/meta/llama-3.3-70b-instruct-fp8-fast,antisémitisme,haine_explicite,tri_manuel,antisemitisme,0.9,,546,1,,2026-08-24T13:08:41
rxa_1007,cloudflare,@cf/meta/llama-3.3-70b-instruct-fp8-fast,antisémitisme,exclusion,transfert_racisme_antisemitisme,antisemitisme,1.0,,803,1,,2026-08-24T13:08:48
rxa_1236,cloudflare,@cf/meta/llama-3.3-70b-instruct-fp8-fast,antisémitisme,stereotype,generation_originale,antisemitisme,0.8,,736,1,,2026-08-24T13:08:56
rxa_1404,cloudflare,@cf/meta/llama-3.3-70b-instruct-fp8-fast,antisémitisme,dog_whistle,hardcase,xenophobie,0.8,,1702,1,,2026-08-24T13:09:04
rxa_1102,cloudflare,@cf/meta/llama-3.3-70b-instruct-fp8-fast,antisémitisme,haine_explicite,transfert_racisme_antisemitisme,antisemitisme,1.0,,931,1,,2026-08-24T13:09:11
rxa_1264,cloudflare,@cf/meta/llama-3.3-70b-instruct-fp8-fast,antisémitisme,sarcasme,generation_originale,xenophobie,0.8,,813,1,,2026-08-24T13:09:19
rxa_0844,cloudflare,@cf/meta/llama-3.3-70b-instruct-fp8-fast,xénophobie,sarcasme,hardcase,xenophobie,0.6,,754,1,,2026-08-24T13:09:26
rxa_0760,cloudflare,@cf/meta/llama-3.3-70b-instruct-fp8-fast,xénophobie,stereotype,generation_originale,xenophobie,0.8,,866,1,,2026-08-24T13:09:34
rxa_0376,cloudflare,@cf/meta/llama-3.3-70b-instruct-fp8-fast,racisme,haine_implicite,tri_manuel,racisme,0.8,,1234,1,,2026-08-24T13:09:42
rxa_1238,cloudflare,@cf/meta/llama-3.3-70b-instruct-fp8-fast,antisémitisme,stereotype,generation_originale,antisemitisme,0.8,,789,1,,2026-08-24T13:09:49
rxa_1087,cloudflare,@cf/meta/llama-3.3-70b-instruct-fp8-fast,antisémitisme,haine_explicite,transfert_racisme_antisemitisme,antisemitisme,1.0,,1206,1,,2026-08-24T13:09:57
rxa_0270,cloudflare,@cf/meta/llama-3.3-70b-instruct-fp8-fast,racisme,haine_explicite,tri_manuel,racisme,0.9,,609,1,,2026-08-24T13:10:04
rxa_1037,cloudflare,@cf/meta/llama-3.3-70b-instruct-fp8-fast,antisémitisme,haine_implicite,transfert_racisme_antisemitisme,antisemitisme,0.9,,527,1,,2026-08-24T13:10:11
rxa_0788,cloudflare,@cf/meta/llama-3.3-70b-instruct-fp8-fast,xénophobie,sarcasme,generation_originale,xenophobie,0.8,,557,1,,2026-08-24T13:10:18
rxa_0161,cloudflare,@cf/meta/llama-3.3-70b-instruct-fp8-fast,racisme,haine_explicite,tri_manuel,racisme,0.9,,3848,1,,2026-08-24T13:10:29
rxa_0392,cloudflare,@cf/meta/llama-3.3-70b-instruct-fp8-fast,antisémitisme,haine_explicite,tri_manuel,antisemitisme,1.0,,1089,1,,2026-08-24T13:10:36
rxa_0207,cloudflare,@cf/meta/llama-3.3-70b-instruct-fp8-fast,racisme,haine_explicite,tri_manuel,racisme,0.9,,595,1,,2026-08-24T13:10:44
rxa_1136,cloudflare,@cf/meta/llama-3.3-70b-instruct-fp8-fast,antisémitisme,haine_explicite,transfert_racisme_antisemitisme,antisemitisme,1.0,,789,1,,2026-08-24T13:10:51
rxa_0507,cloudflare,@cf/meta/llama-3.3-70b-instruct-fp8-fast,racisme,sarcasme,generation_originale,xenophobie,0.8,,646,1,,2026-08-24T13:10:58
rxa_1042,cloudflare,@cf/meta/llama-3.3-70b-instruct-fp8-fast,antisémitisme,haine_explicite,transfert_racisme_antisemitisme,antisemitisme,1.0,,618,1,,2026-08-24T13:11:05
rxa_0665,cloudflare,@cf/meta/llama-3.3-70b-instruct-fp8-fast,xénophobie,ambigu,transfert_racisme_xenophobie,xenophobie,0.8,,733,1,,2026-08-24T13:11:13
rxa_0523,cloudflare,@cf/meta/llama-3.3-70b-instruct-fp8-fast,racisme,ambigu,generation_originale,xenophobie,0.8,,749,1,,2026-08-24T13:11:20
rxa_1181,cloudflare,@cf/meta/llama-3.3-70b-instruct-fp8-fast,antisémitisme,haine_explicite,generation_originale,antisemitisme,1.0,,633,1,,2026-08-24T13:11:27
rxa_0893,cloudflare,@cf/meta/llama-3.3-70b-instruct-fp8-fast,xénophobie,haine_implicite,hardcase,xenophobie,0.8,,709,1,,2026-08-24T13:11:35
rxa_0205,cloudflare,@cf/meta/llama-3.3-70b-instruct-fp8-fast,racisme,haine_explicite,tri_manuel,racisme,0.9,,1222,1,,2026-08-24T13:11:43
rxa_0335,cloudflare,@cf/meta/llama-3.3-70b-instruct-fp8-fast,racisme,haine_explicite,tri_manuel,racisme,0.9,,530,1,,2026-08-24T13:11:50
rxa_0458,cloudflare,@cf/meta/llama-3.3-70b-instruct-fp8-fast,racisme,haine_implicite,generation_originale,xenophobie,0.8,,643,1,,2026-08-24T13:11:57
rxa_1247,cloudflare,@cf/meta/llama-3.3-70b-instruct-fp8-fast,antisémitisme,stereotype,generation_originale,antisemitisme,0.8,,937,1,,2026-08-24T13:12:04
rxa_0076,cloudflare,@cf/meta/llama-3.3-70b-instruct-fp8-fast,racisme,haine_implicite,tri_manuel,xenophobie,0.8,,646,1,,2026-08-24T13:12:12
rxa_0362,cloudflare,@cf/meta/llama-3.3-70b-instruct-fp8-fast,antisémitisme,haine_explicite,tri_manuel,antisemitisme,1.0,,674,1,,2026-08-24T13:12:19
rxa_1439,cloudflare,@cf/meta/llama-3.3-70b-instruct-fp8-fast,racisme,haine_implicite,generation_complement,racisme,0.8,,755,1,,2026-08-24T13:12:26
rxa_1444,cloudflare,@cf/meta/llama-3.3-70b-instruct-fp8-fast,racisme,stereotype,generation_complement,racisme,0.9,,555,1,,2026-08-24T13:12:33
rxa_0977,cloudflare,@cf/meta/llama-3.3-70b-instruct-fp8-fast,antisémitisme,complotisme,transfert_racisme_antisemitisme,antisemitisme,0.8,,574,1,,2026-08-24T13:12:41
rxa_1028,cloudflare,@cf/meta/llama-3.3-70b-instruct-fp8-fast,antisémitisme,exclusion,transfert_racisme_antisemitisme,antisemitisme,0.8,,778,1,,2026-08-24T13:12:48
rxa_1118,cloudflare,@cf/meta/llama-3.3-70b-instruct-fp8-fast,antisémitisme,haine_explicite,transfert_racisme_antisemitisme,antisemitisme,1.0,,758,1,,2026-08-24T13:12:55
rxa_0560,cloudflare,@cf/meta/llama-3.3-70b-instruct-fp8-fast,xénophobie,haine_explicite,transfert_racisme_xenophobie,xenophobie,0.9,,626,1,,2026-08-24T13:13:03
rxa_0499,cloudflare,@cf/meta/llama-3.3-70b-instruct-fp8-fast,racisme,stereotype,generation_originale,xenophobie,0.8,,967,1,,2026-08-24T13:13:10
rxa_0323,cloudflare,@cf/meta/llama-3.3-70b-instruct-fp8-fast,racisme,ambigu,tri_manuel,racisme,0.9,,869,1,,2026-08-24T13:13:18
rxa_0093,cloudflare,@cf/meta/llama-3.3-70b-instruct-fp8-fast,racisme,haine_implicite,tri_manuel,xenophobie,0.8,,595,1,,2026-08-24T13:13:25
rxa_0862,cloudflare,@cf/meta/llama-3.3-70b-instruct-fp8-fast,xénophobie,exclusion,hardcase,xenophobie,0.8,,867,1,,2026-08-24T13:13:32
rxa_1022,cloudflare,@cf/meta/llama-3.3-70b-instruct-fp8-fast,antisémitisme,haine_implicite,transfert_racisme_antisemitisme,antisemitisme,0.9,,1019,1,,2026-08-24T13:13:40
rxa_0840,cloudflare,@cf/meta/llama-3.3-70b-instruct-fp8-fast,xénophobie,sarcasme,hardcase,xenophobie,0.8,,1694,1,,2026-08-24T13:13:48
rxa_0763,cloudflare,@cf/meta/llama-3.3-70b-instruct-fp8-fast,xénophobie,stereotype,generation_originale,xenophobie,0.9,,776,1,,2026-08-24T13:13:56
rxa_0564,cloudflare,@cf/meta/llama-3.3-70b-instruct-fp8-fast,xénophobie,haine_explicite,transfert_racisme_xenophobie,racisme,0.9,,515,1,,2026-08-24T13:14:03
rxa_0032,cloudflare,@cf/meta/llama-3.3-70b-instruct-fp8-fast,racisme,stereotype,tri_manuel,xenophobie,0.8,,825,1,,2026-08-24T13:14:10
rxa_0364,cloudflare,@cf/meta/llama-3.3-70b-instruct-fp8-fast,antisémitisme,ambigu,tri_manuel,antisemitisme,0.8,,869,1,,2026-08-24T13:14:18
rxa_0667,cloudflare,@cf/meta/llama-3.3-70b-instruct-fp8-fast,xénophobie,ambigu,transfert_racisme_xenophobie,xenophobie,0.8,,688,1,,2026-08-24T13:14:25
rxa_0440,cloudflare,@cf/meta/llama-3.3-70b-instruct-fp8-fast,racisme,haine_explicite,generation_originale,racisme,0.9,,1259,1,,2026-08-24T13:14:33
rxa_0633,cloudflare,@cf/meta/llama-3.3-70b-instruct-fp8-fast,xénophobie,sarcasme,transfert_racisme_xenophobie,xenophobie,0.2,,632,1,,2026-08-24T13:14:40
rxa_1251,cloudflare,@cf/meta/llama-3.3-70b-instruct-fp8-fast,antisémitisme,stereotype,generation_originale,antisemitisme,0.8,,773,1,,2026-08-24T13:14:47
rxa_0642,cloudflare,@cf/meta/llama-3.3-70b-instruct-fp8-fast,xénophobie,dog_whistle,transfert_racisme_xenophobie,xenophobie,0.8,,710,1,,2026-08-24T13:14:55
rxa_0416,cloudflare,@cf/meta/llama-3.3-70b-instruct-fp8-fast,racisme,haine_explicite,generation_originale,xenophobie,0.8,,928,1,,2026-08-24T13:15:02
rxa_0452,cloudflare,@cf/meta/llama-3.3-70b-instruct-fp8-fast,racisme,haine_implicite,generation_originale,xenophobie,0.8,,598,1,,2026-08-24T13:15:10
rxa_0081,cloudflare,@cf/meta/llama-3.3-70b-instruct-fp8-fast,racisme,exclusion,tri_manuel,xenophobie,0.8,,941,1,,2026-08-24T13:15:17
rxa_1370,cloudflare,@cf/meta/llama-3.3-70b-instruct-fp8-fast,antisémitisme,haine_implicite,hardcase,antisemitisme,0.8,,589,1,,2026-08-24T13:15:24
rxa_0820,cloudflare,@cf/meta/llama-3.3-70b-instruct-fp8-fast,xénophobie,ambigu,generation_originale,xenophobie,0.6,,1165,1,,2026-08-24T13:15:32
rxa_1466,cloudflare,@cf/meta/llama-3.3-70b-instruct-fp8-fast,racisme,dog_whistle,generation_complement,xenophobie,0.9,,686,1,,2026-08-24T13:15:39
rxa_0311,cloudflare,@cf/meta/llama-3.3-70b-instruct-fp8-fast,racisme,haine_explicite,tri_manuel,racisme,0.9,,571,1,,2026-08-24T13:15:46
rxa_0873,cloudflare,@cf/meta/llama-3.3-70b-instruct-fp8-fast,xénophobie,haine_implicite,hardcase,xenophobie,0.8,,855,1,,2026-08-24T13:15:54
rxa_0450,cloudflare,@cf/meta/llama-3.3-70b-instruct-fp8-fast,racisme,haine_explicite,generation_originale,xenophobie,0.8,,992,1,,2026-08-24T13:16:02
rxa_1076,cloudflare,@cf/meta/llama-3.3-70b-instruct-fp8-fast,antisémitisme,exclusion,transfert_racisme_antisemitisme,antisemitisme,1.0,,1055,1,,2026-08-24T13:16:09
rxa_1366,cloudflare,@cf/meta/llama-3.3-70b-instruct-fp8-fast,antisémitisme,stereotype,hardcase,xenophobie,0.2,,996,1,,2026-08-24T13:16:17
rxa_1291,cloudflare,@cf/meta/llama-3.3-70b-instruct-fp8-fast,antisémitisme,ambigu,generation_originale,antisemitisme,0.6,,807,1,,2026-08-24T13:16:24
rxa_0721,cloudflare,@cf/meta/llama-3.3-70b-instruct-fp8-fast,xénophobie,haine_implicite,generation_originale,xenophobie,0.8,,1213,1,,2026-08-24T13:16:32
rxa_0106,cloudflare,@cf/meta/llama-3.3-70b-instruct-fp8-fast,racisme,exclusion,tri_manuel,xenophobie,0.9,,844,1,,2026-08-24T13:16:39
rxa_1146,cloudflare,@cf/meta/llama-3.3-70b-instruct-fp8-fast,antisémitisme,haine_explicite,transfert_racisme_antisemitisme,antisemitisme,0.9,,623,1,,2026-08-24T13:16:47
rxa_0888,cloudflare,@cf/meta/llama-3.3-70b-instruct-fp8-fast,xénophobie,haine_implicite,hardcase,xenophobie,0.8,,756,1,,2026-08-24T13:16:54
rxa_0533,cloudflare,@cf/meta/llama-3.3-70b-instruct-fp8-fast,racisme,ambigu,generation_originale,xenophobie,0.8,,805,1,,2026-08-24T13:17:01
rxa_0730,cloudflare,@cf/meta/llama-3.3-70b-instruct-fp8-fast,xénophobie,haine_implicite,generation_originale,xenophobie,0.8,,677,1,,2026-08-24T13:17:09
rxa_0105,cloudflare,@cf/meta/llama-3.3-70b-instruct-fp8-fast,racisme,exclusion,tri_manuel,xenophobie,0.9,,701,1,,2026-08-24T13:17:16
rxa_0266,cloudflare,@cf/meta/llama-3.3-70b-instruct-fp8-fast,xénophobie,dog_whistle,tri_manuel,xenophobie,0.9,,913,1,,2026-08-24T13:17:24
rxa_1371,cloudflare,@cf/meta/llama-3.3-70b-instruct-fp8-fast,antisémitisme,haine_implicite,hardcase,xenophobie,0.2,,596,1,,2026-08-24T13:17:31
rxa_1214,cloudflare,@cf/meta/llama-3.3-70b-instruct-fp8-fast,antisémitisme,haine_implicite,generation_originale,antisemitisme,0.8,,691,1,,2026-08-24T13:17:38
rxa_0978,cloudflare,@cf/meta/llama-3.3-70b-instruct-fp8-fast,antisémitisme,hostilite_religieuse,transfert_racisme_antisemitisme,antisemitisme,0.9,,6524,1,,2026-08-24T13:17:51
rxa_1488,cloudflare,@cf/meta/llama-3.3-70b-instruct-fp8-fast,xénophobie,haine_implicite,generation_complement,xenophobie,0.8,,758,1,,2026-08-24T13:17:59
rxa_0039,cloudflare,@cf/meta/llama-3.3-70b-instruct-fp8-fast,racisme,stereotype,tri_manuel,racisme,0.8,,583,1,,2026-08-24T13:18:06
rxa_0339,cloudflare,@cf/meta/llama-3.3-70b-instruct-fp8-fast,racisme,haine_explicite,tri_manuel,racisme,1.0,,663,1,,2026-08-24T13:18:13
rxa_0961,cloudflare,@cf/meta/llama-3.3-70b-instruct-fp8-fast,antisémitisme,hostilite_religieuse,transfert_racisme_antisemitisme,antisemitisme,0.8,,1493,1,,2026-08-24T13:18:21
rxa_1212,cloudflare,@cf/meta/llama-3.3-70b-instruct-fp8-fast,antisémitisme,haine_implicite,generation_originale,antisemitisme,0.8,,599,1,,2026-08-24T13:18:28
rxa_0525,cloudflare,@cf/meta/llama-3.3-70b-instruct-fp8-fast,racisme,ambigu,generation_originale,xenophobie,0.8,,874,1,,2026-08-24T13:18:36
rxa_0189,cloudflare,@cf/meta/llama-3.3-70b-instruct-fp8-fast,xénophobie,dog_whistle,tri_manuel,xenophobie,0.9,,801,1,,2026-08-24T13:18:43
rxa_1111,cloudflare,@cf/meta/llama-3.3-70b-instruct-fp8-fast,antisémitisme,haine_explicite,transfert_racisme_antisemitisme,antisemitisme,1.0,,664,1,,2026-08-24T13:18:51
rxa_0732,cloudflare,@cf/meta/llama-3.3-70b-instruct-fp8-fast,xénophobie,haine_implicite,generation_originale,xenophobie,0.9,,792,1,,2026-08-24T13:18:58
rxa_0005,cloudflare,@cf/meta/llama-3.3-70b-instruct-fp8-fast,racisme,stereotype,tri_manuel,xenophobie,0.8,,909,1,,2026-08-24T13:19:05
rxa_0442,cloudflare,@cf/meta/llama-3.3-70b-instruct-fp8-fast,racisme,haine_explicite,generation_originale,xenophobie,0.8,,1009,1,,2026-08-24T13:19:13
rxa_1353,cloudflare,@cf/meta/llama-3.3-70b-instruct-fp8-fast,antisémitisme,haine_implicite,hardcase,xenophobie,0.2,,876,1,,2026-08-24T13:19:21
rxa_1356,cloudflare,@cf/meta/llama-3.3-70b-instruct-fp8-fast,antisémitisme,ambigu,hardcase,xenophobie,0.8,,1604,1,,2026-08-24T13:19:29
rxa_1383,cloudflare,@cf/meta/llama-3.3-70b-instruct-fp8-fast,antisémitisme,stereotype,hardcase,xenophobie,0.8,,711,1,,2026-08-24T13:19:36
rxa_1324,cloudflare,@cf/meta/llama-3.3-70b-instruct-fp8-fast,antisémitisme,stereotype,hardcase,antisemitisme,0.8,,675,1,,2026-08-24T13:19:43
rxa_1399,cloudflare,@cf/meta/llama-3.3-70b-instruct-fp8-fast,antisémitisme,ambigu,hardcase,xenophobie,0.6,,936,1,,2026-08-24T13:19:51
rxa_0878,cloudflare,@cf/meta/llama-3.3-70b-instruct-fp8-fast,xénophobie,haine_implicite,hardcase,xenophobie,0.2,,621,1,,2026-08-24T13:19:58
rxa_1138,cloudflare,@cf/meta/llama-3.3-70b-instruct-fp8-fast,antisémitisme,haine_explicite,transfert_racisme_antisemitisme,antisemitisme,0.9,,1434,1,,2026-08-24T13:20:06
rxa_1194,cloudflare,@cf/meta/llama-3.3-70b-instruct-fp8-fast,antisémitisme,haine_implicite,generation_originale,antisemitisme,0.8,,709,1,,2026-08-24T13:20:13
rxa_0851,cloudflare,@cf/meta/llama-3.3-70b-instruct-fp8-fast,xénophobie,dog_whistle,hardcase,xenophobie,0.8,,485,1,,2026-08-24T13:20:21
rxa_1147,cloudflare,@cf/meta/llama-3.3-70b-instruct-fp8-fast,antisémitisme,haine_explicite,transfert_racisme_antisemitisme,antisemitisme,0.9,,577,1,,2026-08-24T13:20:28
rxa_0301,cloudflare,@cf/meta/llama-3.3-70b-instruct-fp8-fast,xénophobie,exclusion,tri_manuel,xenophobie,0.8,,886,1,,2026-08-24T13:20:35
rxa_1438,cloudflare,@cf/meta/llama-3.3-70b-instruct-fp8-fast,racisme,haine_implicite,generation_complement,xenophobie,0.8,,1108,1,,2026-08-24T13:20:43
rxa_0718,cloudflare,@cf/meta/llama-3.3-70b-instruct-fp8-fast,xénophobie,haine_implicite,generation_originale,xenophobie,0.8,,663,1,,2026-08-24T13:20:50
rxa_1245,cloudflare,@cf/meta/llama-3.3-70b-instruct-fp8-fast,antisémitisme,stereotype,generation_originale,xenophobie,0.6,,1638,1,,2026-08-24T13:20:58
rxa_0998,cloudflare,@cf/meta/llama-3.3-70b-instruct-fp8-fast,antisémitisme,exclusion,transfert_racisme_antisemitisme,antisemitisme,0.9,,649,1,,2026-08-24T13:21:06
rxa_0654,cloudflare,@cf/meta/llama-3.3-70b-instruct-fp8-fast,xénophobie,dog_whistle,transfert_racisme_xenophobie,xenophobie,0.8,,1124,1,,2026-08-24T13:21:13
rxa_1135,cloudflare,@cf/meta/llama-3.3-70b-instruct-fp8-fast,antisémitisme,exclusion,transfert_racisme_antisemitisme,antisemitisme,1.0,,584,1,,2026-08-24T13:21:21
rxa_0279,cloudflare,@cf/meta/llama-3.3-70b-instruct-fp8-fast,racisme,haine_explicite,tri_manuel,racisme,0.9,,614,1,,2026-08-24T13:21:28
rxa_0277,cloudflare,@cf/meta/llama-3.3-70b-instruct-fp8-fast,racisme,haine_explicite,tri_manuel,racisme,0.9,,1301,1,,2026-08-24T13:21:36
rxa_0919,cloudflare,@cf/meta/llama-3.3-70b-instruct-fp8-fast,xénophobie,sarcasme,hardcase,xenophobie,0.8,,2385,1,,2026-08-24T13:21:45
rxa_0349,cloudflare,@cf/meta/llama-3.3-70b-instruct-fp8-fast,racisme,haine_explicite,tri_manuel,racisme,0.9,,1432,1,,2026-08-24T13:21:53
rxa_1468,cloudflare,@cf/meta/llama-3.3-70b-instruct-fp8-fast,racisme,dog_whistle,generation_complement,racisme,0.9,,650,1,,2026-08-24T13:22:00
rxa_1211,cloudflare,@cf/meta/llama-3.3-70b-instruct-fp8-fast,antisémitisme,haine_implicite,generation_originale,antisemitisme,0.6,,1323,1,,2026-08-24T13:22:08
rxa_0065,cloudflare,@cf/meta/llama-3.3-70b-instruct-fp8-fast,racisme,hostilite_religieuse,tri_manuel,racisme,0.8,,763,1,,2026-08-24T13:22:15
rxa_1484,cloudflare,@cf/meta/llama-3.3-70b-instruct-fp8-fast,xénophobie,haine_explicite,generation_complement,xenophobie,0.9,,962,1,,2026-08-24T13:22:23
rxa_1093,cloudflare,@cf/meta/llama-3.3-70b-instruct-fp8-fast,antisémitisme,haine_explicite,transfert_racisme_antisemitisme,antisemitisme,1.0,,1953,1,,2026-08-24T13:22:31
rxa_0410,cloudflare,@cf/meta/llama-3.3-70b-instruct-fp8-fast,xénophobie,dog_whistle,tri_manuel,xenophobie,0.9,,644,1,,2026-08-24T13:22:39
rxa_0689,cloudflare,@cf/meta/llama-3.3-70b-instruct-fp8-fast,xénophobie,haine_explicite,generation_originale,xenophobie,0.9,,733,1,,2026-08-24T13:22:46
rxa_0177,cloudflare,@cf/meta/llama-3.3-70b-instruct-fp8-fast,xénophobie,exclusion,tri_manuel,xenophobie,0.8,,1172,1,,2026-08-24T13:22:54
rxa_0534,cloudflare,@cf/meta/llama-3.3-70b-instruct-fp8-fast,xénophobie,haine_explicite,transfert_racisme_xenophobie,xenophobie,0.9,,581,1,,2026-08-24T13:23:01
rxa_0117,cloudflare,@cf/meta/llama-3.3-70b-instruct-fp8-fast,racisme,stereotype,tri_manuel,xenophobie,0.8,,1784,1,,2026-08-24T13:23:09
rxa_0372,cloudflare,@cf/meta/llama-3.3-70b-instruct-fp8-fast,racisme,haine_explicite,tri_manuel,racisme,0.9,,664,1,,2026-08-24T13:23:17
rxa_1034,cloudflare,@cf/meta/llama-3.3-70b-instruct-fp8-fast,antisémitisme,haine_explicite,transfert_racisme_antisemitisme,antisemitisme,1.0,,1313,1,,2026-08-24T13:23:25
rxa_0628,cloudflare,@cf/meta/llama-3.3-70b-instruct-fp8-fast,xénophobie,sarcasme,transfert_racisme_xenophobie,xenophobie,0.8,,800,1,,2026-08-24T13:23:32
rxa_0821,cloudflare,@cf/meta/llama-3.3-70b-instruct-fp8-fast,xénophobie,ambigu,hardcase,xenophobie,0.8,,575,1,,2026-08-24T13:23:39
rxa_0669,cloudflare,@cf/meta/llama-3.3-70b-instruct-fp8-fast,xénophobie,ambigu,transfert_racisme_xenophobie,xenophobie,0.8,,846,1,,2026-08-24T13:23:47
rxa_0063,cloudflare,@cf/meta/llama-3.3-70b-instruct-fp8-fast,racisme,hostilite_religieuse,tri_manuel,xenophobie,0.8,,654,1,,2026-08-24T13:23:54
rxa_0735,cloudflare,@cf/meta/llama-3.3-70b-instruct-fp8-fast,xénophobie,haine_implicite,generation_originale,xenophobie,0.8,,623,1,,2026-08-24T13:24:01
rxa_0951,cloudflare,@cf/meta/llama-3.3-70b-instruct-fp8-fast,xénophobie,haine_implicite,hardcase,xenophobie,0.8,,722,1,,2026-08-24T13:24:08
rxa_1025,cloudflare,@cf/meta/llama-3.3-70b-instruct-fp8-fast,antisémitisme,exclusion,transfert_racisme_antisemitisme,antisemitisme,1.0,,6112,1,,2026-08-24T13:24:21
rxa_0042,cloudflare,@cf/meta/llama-3.3-70b-instruct-fp8-fast,racisme,stereotype,tri_manuel,xenophobie,0.8,,736,1,,2026-08-24T13:24:28
rxa_0167,cloudflare,@cf/meta/llama-3.3-70b-instruct-fp8-fast,racisme,haine_explicite,tri_manuel,racisme,0.9,,1098,1,,2026-08-24T13:24:36
rxa_0809,cloudflare,@cf/meta/llama-3.3-70b-instruct-fp8-fast,xénophobie,dog_whistle,generation_originale,xenophobie,0.8,,1239,1,,2026-08-24T13:24:44
rxa_1100,cloudflare,@cf/meta/llama-3.3-70b-instruct-fp8-fast,antisémitisme,stereotype,transfert_racisme_antisemitisme,antisemitisme,1.0,,1197,1,,2026-08-24T13:24:52
rxa_0313,cloudflare,@cf/meta/llama-3.3-70b-instruct-fp8-fast,xénophobie,exclusion,tri_manuel,xenophobie,0.8,,765,1,,2026-08-24T13:24:59
rxa_0296,cloudflare,@cf/meta/llama-3.3-70b-instruct-fp8-fast,racisme,haine_explicite,tri_manuel,racisme,0.9,,834,1,,2026-08-24T13:25:07
rxa_0490,cloudflare,@cf/meta/llama-3.3-70b-instruct-fp8-fast,racisme,stereotype,generation_originale,racisme,0.8,,771,1,,2026-08-24T13:25:14
rxa_0543,cloudflare,@cf/meta/llama-3.3-70b-instruct-fp8-fast,xénophobie,haine_explicite,transfert_racisme_xenophobie,xenophobie,0.9,,624,1,,2026-08-24T13:25:21
rxa_0641,cloudflare,@cf/meta/llama-3.3-70b-instruct-fp8-fast,xénophobie,dog_whistle,transfert_racisme_xenophobie,xenophobie,0.9,,668,1,,2026-08-24T13:25:29
rxa_0290,cloudflare,@cf/meta/llama-3.3-70b-instruct-fp8-fast,racisme,haine_explicite,tri_manuel,racisme,0.9,,2198,1,,2026-08-24T13:25:37
rxa_0617,cloudflare,@cf/meta/llama-3.3-70b-instruct-fp8-fast,xénophobie,sarcasme,transfert_racisme_xenophobie,xenophobie,0.8,,575,1,,2026-08-24T13:25:45
rxa_1314,cloudflare,@cf/meta/llama-3.3-70b-instruct-fp8-fast,antisémitisme,haine_implicite,hardcase,antisemitisme,0.8,,593,1,,2026-08-24T13:25:52
rxa_0779,cloudflare,@cf/meta/llama-3.3-70b-instruct-fp8-fast,xénophobie,stereotype,generation_originale,xenophobie,0.9,,966,1,,2026-08-24T13:25:59
rxa_0910,cloudflare,@cf/meta/llama-3.3-70b-instruct-fp8-fast,xénophobie,dog_whistle,hardcase,xenophobie,0.8,,1337,1,,2026-08-24T13:26:07
rxa_0212,cloudflare,@cf/meta/llama-3.3-70b-instruct-fp8-fast,racisme,haine_explicite,tri_manuel,racisme,0.9,,857,1,,2026-08-24T13:26:15
rxa_0979,cloudflare,@cf/meta/llama-3.3-70b-instruct-fp8-fast,antisémitisme,hostilite_religieuse,transfert_racisme_antisemitisme,antisemitisme,0.9,,4146,1,,2026-08-24T13:26:25
rxa_0555,cloudflare,@cf/meta/llama-3.3-70b-instruct-fp8-fast,xénophobie,haine_explicite,transfert_racisme_xenophobie,xenophobie,0.9,,918,1,,2026-08-24T13:26:33
rxa_1058,cloudflare,@cf/meta/llama-3.3-70b-instruct-fp8-fast,antisémitisme,hostilite_religieuse,transfert_racisme_antisemitisme,antisemitisme,0.8,,709,1,,2026-08-24T13:26:40
rxa_0672,cloudflare,@cf/meta/llama-3.3-70b-instruct-fp8-fast,xénophobie,haine_explicite,generation_originale,xenophobie,0.9,,933,1,,2026-08-24T13:26:48
rxa_0317,cloudflare,@cf/meta/llama-3.3-70b-instruct-fp8-fast,racisme,haine_explicite,tri_manuel,racisme,1.0,,577,1,,2026-08-24T13:26:55
rxa_1081,cloudflare,@cf/meta/llama-3.3-70b-instruct-fp8-fast,antisémitisme,stereotype,transfert_racisme_antisemitisme,antisemitisme,0.9,,664,1,,2026-08-24T13:27:02
rxa_0535,cloudflare,@cf/meta/llama-3.3-70b-instruct-fp8-fast,xénophobie,haine_explicite,transfert_racisme_xenophobie,xenophobie,0.9,,627,1,,2026-08-24T13:27:09
rxa_1296,cloudflare,@cf/meta/llama-3.3-70b-instruct-fp8-fast,antisémitisme,ambigu,generation_originale,antisemitisme,0.6,,1167,1,,2026-08-24T13:27:17
rxa_1039,cloudflare,@cf/meta/llama-3.3-70b-instruct-fp8-fast,antisémitisme,stereotype,transfert_racisme_antisemitisme,antisemitisme,1.0,,720,1,,2026-08-24T13:27:25
rxa_0432,cloudflare,@cf/meta/llama-3.3-70b-instruct-fp8-fast,racisme,haine_explicite,generation_originale,xenophobie,0.8,,804,1,,2026-08-24T13:27:32
rxa_0828,cloudflare,@cf/meta/llama-3.3-70b-instruct-fp8-fast,xénophobie,haine_implicite,hardcase,xenophobie,0.8,,605,1,,2026-08-24T13:27:39
rxa_0621,cloudflare,@cf/meta/llama-3.3-70b-instruct-fp8-fast,xénophobie,sarcasme,transfert_racisme_xenophobie,xenophobie,0.8,,643,1,,2026-08-24T13:27:46
rxa_1161,cloudflare,@cf/meta/llama-3.3-70b-instruct-fp8-fast,antisémitisme,haine_explicite,generation_originale,antisemitisme,1.0,,805,1,,2026-08-24T13:27:54
rxa_0287,cloudflare,@cf/meta/llama-3.3-70b-instruct-fp8-fast,racisme,haine_implicite,tri_manuel,racisme,0.0,,817,1,,2026-08-24T13:28:01
rxa_0451,cloudflare,@cf/meta/llama-3.3-70b-instruct-fp8-fast,racisme,haine_explicite,generation_originale,xenophobie,0.8,,769,1,,2026-08-24T13:28:09
rxa_1013,cloudflare,@cf/meta/llama-3.3-70b-instruct-fp8-fast,antisémitisme,hostilite_religieuse,transfert_racisme_antisemitisme,antisemitisme,0.9,,738,1,,2026-08-24T13:28:16
rxa_0528,cloudflare,@cf/meta/llama-3.3-70b-instruct-fp8-fast,racisme,ambigu,generation_originale,xenophobie,0.6,,646,1,,2026-08-24T13:28:23
rxa_0300,cloudflare,@cf/meta/llama-3.3-70b-instruct-fp8-fast,racisme,haine_explicite,tri_manuel,racisme,0.8,,547,1,,2026-08-24T13:28:30
rxa_0752,cloudflare,@cf/meta/llama-3.3-70b-instruct-fp8-fast,xénophobie,haine_implicite,generation_originale,xenophobie,0.9,,1167,1,,2026-08-24T13:28:38
rxa_0622,cloudflare,@cf/meta/llama-3.3-70b-instruct-fp8-fast,xénophobie,sarcasme,transfert_racisme_xenophobie,xenophobie,0.8,,513,1,,2026-08-24T13:28:45
rxa_0995,cloudflare,@cf/meta/llama-3.3-70b-instruct-fp8-fast,antisémitisme,complotisme,transfert_racisme_antisemitisme,antisemitisme,1.0,,3019,1,,2026-08-24T13:28:55
rxa_1219,cloudflare,@cf/meta/llama-3.3-70b-instruct-fp8-fast,antisémitisme,haine_implicite,generation_originale,xenophobie,0.2,,744,1,,2026-08-24T13:29:02
rxa_0034,cloudflare,@cf/meta/llama-3.3-70b-instruct-fp8-fast,racisme,hostilite_religieuse,tri_manuel,xenophobie,0.8,,773,1,,2026-08-24T13:29:10
rxa_0286,cloudflare,@cf/meta/llama-3.3-70b-instruct-fp8-fast,racisme,haine_explicite,tri_manuel,racisme,0.9,,715,1,,2026-08-24T13:29:17
rxa_0314,cloudflare,@cf/meta/llama-3.3-70b-instruct-fp8-fast,antisémitisme,haine_explicite,tri_manuel,antisemitisme,1.0,,668,1,,2026-08-24T13:29:24
rxa_0333,cloudflare,@cf/meta/llama-3.3-70b-instruct-fp8-fast,xénophobie,haine_implicite,tri_manuel,xenophobie,0.9,,642,1,,2026-08-24T13:29:31
rxa_0182,cloudflare,@cf/meta/llama-3.3-70b-instruct-fp8-fast,racisme,haine_explicite,tri_manuel,racisme,0.9,,699,1,,2026-08-24T13:29:39
rxa_0049,cloudflare,@cf/meta/llama-3.3-70b-instruct-fp8-fast,racisme,stereotype,tri_manuel,xenophobie,0.8,,585,1,,2026-08-24T13:29:46
rxa_0102,cloudflare,@cf/meta/llama-3.3-70b-instruct-fp8-fast,racisme,haine_explicite,tri_manuel,xenophobie,0.8,,694,1,,2026-08-24T13:29:53
rxa_1390,cloudflare,@cf/meta/llama-3.3-70b-instruct-fp8-fast,antisémitisme,dog_whistle,hardcase,xenophobie,0.2,,1957,1,,2026-08-24T13:30:02
rxa_0275,cloudflare,@cf/meta/llama-3.3-70b-instruct-fp8-fast,xénophobie,dog_whistle,tri_manuel,xenophobie,0.8,,870,1,,2026-08-24T13:30:09
rxa_0675,cloudflare,@cf/meta/llama-3.3-70b-instruct-fp8-fast,xénophobie,haine_explicite,generation_originale,xenophobie,1.0,,2129,1,,2026-08-24T13:30:18
rxa_1327,cloudflare,@cf/meta/llama-3.3-70b-instruct-fp8-fast,antisémitisme,stereotype,hardcase,xenophobie,0.2,,1401,1,,2026-08-24T13:30:26
rxa_0749,cloudflare,@cf/meta/llama-3.3-70b-instruct-fp8-fast,xénophobie,haine_implicite,generation_originale,xenophobie,0.8,,750,1,,2026-08-24T13:30:33
rxa_0908,cloudflare,@cf/meta/llama-3.3-70b-instruct-fp8-fast,xénophobie,dog_whistle,hardcase,xenophobie,0.8,,1786,1,,2026-08-24T13:30:42
rxa_0437,cloudflare,@cf/meta/llama-3.3-70b-instruct-fp8-fast,racisme,haine_explicite,generation_originale,racisme,0.9,,781,1,,2026-08-24T13:30:49
rxa_0491,cloudflare,@cf/meta/llama-3.3-70b-instruct-fp8-fast,racisme,stereotype,generation_originale,racisme,0.8,,868,1,,2026-08-24T13:30:57
rxa_0141,cloudflare,@cf/meta/llama-3.3-70b-instruct-fp8-fast,racisme,ambigu,tri_manuel,xenophobie,0.8,,777,1,,2026-08-24T13:31:04
rxa_0706,cloudflare,@cf/meta/llama-3.3-70b-instruct-fp8-fast,xénophobie,haine_explicite,generation_originale,xenophobie,0.9,,874,1,,2026-08-24T13:31:11
rxa_1148,cloudflare,@cf/meta/llama-3.3-70b-instruct-fp8-fast,antisémitisme,haine_implicite,transfert_racisme_antisemitisme,antisemitisme,1.0,,1719,1,,2026-08-24T17:48:27
rxa_1341,cloudflare,@cf/meta/llama-3.3-70b-instruct-fp8-fast,antisémitisme,stereotype,hardcase,xenophobie,0.8,,1714,1,,2026-08-24T17:48:36
rxa_1228,cloudflare,@cf/meta/llama-3.3-70b-instruct-fp8-fast,antisémitisme,haine_implicite,generation_originale,antisemitisme,0.8,,594,1,,2026-08-24T17:48:43
rxa_0558,cloudflare,@cf/meta/llama-3.3-70b-instruct-fp8-fast,xénophobie,haine_explicite,transfert_racisme_xenophobie,xenophobie,0.9,,3921,1,,2026-08-24T17:48:53
rxa_1069,cloudflare,@cf/meta/llama-3.3-70b-instruct-fp8-fast,antisémitisme,complotisme,transfert_racisme_antisemitisme,antisemitisme,0.9,,669,1,,2026-08-24T17:49:01
rxa_0941,cloudflare,@cf/meta/llama-3.3-70b-instruct-fp8-fast,xénophobie,dog_whistle,hardcase,xenophobie,0.6,,750,1,,2026-08-24T17:49:08
rxa_0475,cloudflare,@cf/meta/llama-3.3-70b-instruct-fp8-fast,racisme,haine_implicite,generation_originale,xenophobie,0.8,,806,1,,2026-08-24T17:49:15
rxa_0273,cloudflare,@cf/meta/llama-3.3-70b-instruct-fp8-fast,racisme,sarcasme,tri_manuel,xenophobie,0.8,,937,1,,2026-08-24T17:49:23
rxa_1274,cloudflare,@cf/meta/llama-3.3-70b-instruct-fp8-fast,antisémitisme,dog_whistle,generation_originale,xenophobie,0.8,,693,1,,2026-08-24T17:49:30
rxa_0336,cloudflare,@cf/meta/llama-3.3-70b-instruct-fp8-fast,xénophobie,dog_whistle,tri_manuel,xenophobie,0.8,,647,1,,2026-08-24T17:49:38
rxa_0982,cloudflare,@cf/meta/llama-3.3-70b-instruct-fp8-fast,antisémitisme,hostilite_religieuse,transfert_racisme_antisemitisme,antisemitisme,0.8,,1261,1,,2026-08-24T17:49:45
rxa_0588,cloudflare,@cf/meta/llama-3.3-70b-instruct-fp8-fast,xénophobie,haine_implicite,transfert_racisme_xenophobie,xenophobie,0.8,,576,1,,2026-08-24T17:49:53
rxa_0455,cloudflare,@cf/meta/llama-3.3-70b-instruct-fp8-fast,racisme,haine_implicite,generation_originale,racisme,0.8,,1113,1,,2026-08-24T17:50:00
rxa_0871,cloudflare,@cf/meta/llama-3.3-70b-instruct-fp8-fast,xénophobie,ambigu,hardcase,xenophobie,0.8,,542,1,,2026-08-24T17:50:07
rxa_0567,cloudflare,@cf/meta/llama-3.3-70b-instruct-fp8-fast,xénophobie,haine_explicite,transfert_racisme_xenophobie,xenophobie,0.9,,1273,1,,2026-08-24T17:50:15
rxa_0848,cloudflare,@cf/meta/llama-3.3-70b-instruct-fp8-fast,xénophobie,dog_whistle,hardcase,xenophobie,0.8,,723,1,,2026-08-24T17:50:23
rxa_1061,cloudflare,@cf/meta/llama-3.3-70b-instruct-fp8-fast,antisémitisme,complotisme,transfert_racisme_antisemitisme,antisemitisme,0.8,,552,1,,2026-08-24T17:50:30
rxa_0346,cloudflare,@cf/meta/llama-3.3-70b-instruct-fp8-fast,antisémitisme,haine_explicite,tri_manuel,antisemitisme,1.0,,3070,1,,2026-08-24T17:50:39
rxa_1078,cloudflare,@cf/meta/llama-3.3-70b-instruct-fp8-fast,antisémitisme,stereotype,transfert_racisme_antisemitisme,antisemitisme,0.9,,610,1,,2026-08-24T17:50:47
rxa_0007,cloudflare,@cf/meta/llama-3.3-70b-instruct-fp8-fast,racisme,hostilite_religieuse,tri_manuel,xenophobie,0.8,,739,1,,2026-08-24T17:50:54
rxa_1317,cloudflare,@cf/meta/llama-3.3-70b-instruct-fp8-fast,antisémitisme,ambigu,hardcase,antisemitisme,0.8,,713,1,,2026-08-24T17:51:01
rxa_0126,cloudflare,@cf/meta/llama-3.3-70b-instruct-fp8-fast,xénophobie,dog_whistle,tri_manuel,xenophobie,0.8,,810,1,,2026-08-24T17:51:09
rxa_0904,cloudflare,@cf/meta/llama-3.3-70b-instruct-fp8-fast,xénophobie,dog_whistle,hardcase,xenophobie,0.8,,766,1,,2026-08-24T17:51:16
rxa_0538,cloudflare,@cf/meta/llama-3.3-70b-instruct-fp8-fast,xénophobie,haine_explicite,transfert_racisme_xenophobie,xenophobie,0.9,,1079,1,,2026-08-24T17:51:24
rxa_1441,cloudflare,@cf/meta/llama-3.3-70b-instruct-fp8-fast,racisme,stereotype,generation_complement,xenophobie,0.9,,811,1,,2026-08-24T17:51:31
rxa_0610,cloudflare,@cf/meta/llama-3.3-70b-instruct-fp8-fast,xénophobie,exclusion,transfert_racisme_xenophobie,xenophobie,0.8,,3320,1,,2026-08-24T17:51:41
rxa_0035,cloudflare,@cf/meta/llama-3.3-70b-instruct-fp8-fast,racisme,hostilite_religieuse,tri_manuel,xenophobie,0.6,,2233,1,,2026-08-24T17:51:50
rxa_0686,cloudflare,@cf/meta/llama-3.3-70b-instruct-fp8-fast,xénophobie,haine_explicite,generation_originale,xenophobie,0.9,,548,1,,2026-08-24T17:51:57
rxa_0321,cloudflare,@cf/meta/llama-3.3-70b-instruct-fp8-fast,racisme,haine_explicite,tri_manuel,racisme,0.9,,856,1,,2026-08-24T17:52:05
rxa_0603,cloudflare,@cf/meta/llama-3.3-70b-instruct-fp8-fast,xénophobie,exclusion,transfert_racisme_xenophobie,xenophobie,0.8,,975,1,,2026-08-24T17:52:12
rxa_1357,cloudflare,@cf/meta/llama-3.3-70b-instruct-fp8-fast,antisémitisme,haine_implicite,hardcase,antisemitisme,0.2,,626,1,,2026-08-24T17:52:20
rxa_0312,cloudflare,@cf/meta/llama-3.3-70b-instruct-fp8-fast,racisme,haine_explicite,tri_manuel,racisme,0.8,,5302,1,,2026-08-24T17:52:31
rxa_1323,cloudflare,@cf/meta/llama-3.3-70b-instruct-fp8-fast,antisémitisme,haine_implicite,hardcase,xenophobie,0.2,,782,1,,2026-08-24T17:52:39
rxa_0310,cloudflare,@cf/meta/llama-3.3-70b-instruct-fp8-fast,antisémitisme,haine_explicite,tri_manuel,antisemitisme,1.0,,743,1,,2026-08-24T17:52:46
rxa_0434,cloudflare,@cf/meta/llama-3.3-70b-instruct-fp8-fast,racisme,haine_explicite,generation_originale,racisme,0.9,,964,1,,2026-08-24T17:52:54
rxa_0328,cloudflare,@cf/meta/llama-3.3-70b-instruct-fp8-fast,racisme,stereotype,tri_manuel,xenophobie,0.9,,793,1,,2026-08-24T17:53:01
rxa_0890,cloudflare,@cf/meta/llama-3.3-70b-instruct-fp8-fast,xénophobie,haine_implicite,hardcase,xenophobie,0.8,,601,1,,2026-08-24T17:53:08
rxa_0254,cloudflare,@cf/meta/llama-3.3-70b-instruct-fp8-fast,antisémitisme,exclusion,tri_manuel,antisemitisme,0.9,,1233,1,,2026-08-24T17:53:16
rxa_0217,cloudflare,@cf/meta/llama-3.3-70b-instruct-fp8-fast,racisme,haine_explicite,tri_manuel,racisme,0.9,,866,1,,2026-08-24T17:53:24
rxa_0551,cloudflare,@cf/meta/llama-3.3-70b-instruct-fp8-fast,xénophobie,haine_explicite,transfert_racisme_xenophobie,xenophobie,0.9,,967,1,,2026-08-24T17:53:31
rxa_1344,cloudflare,@cf/meta/llama-3.3-70b-instruct-fp8-fast,antisémitisme,sarcasme,hardcase,antisemitisme,0.8,,3846,1,,2026-08-24T17:53:42
rxa_0326,cloudflare,@cf/meta/llama-3.3-70b-instruct-fp8-fast,racisme,haine_explicite,tri_manuel,racisme,0.9,,1207,1,,2026-08-24T17:53:50
rxa_0789,cloudflare,@cf/meta/llama-3.3-70b-instruct-fp8-fast,xénophobie,sarcasme,generation_originale,xenophobie,0.9,,1329,1,,2026-08-24T17:53:57
rxa_1231,cloudflare,@cf/meta/llama-3.3-70b-instruct-fp8-fast,antisémitisme,haine_implicite,generation_originale,antisemitisme,0.8,,630,1,,2026-08-24T17:54:05
rxa_0726,cloudflare,@cf/meta/llama-3.3-70b-instruct-fp8-fast,xénophobie,haine_implicite,generation_originale,xenophobie,0.8,,1200,1,,2026-08-24T17:54:13
rxa_0374,cloudflare,@cf/meta/llama-3.3-70b-instruct-fp8-fast,racisme,haine_explicite,tri_manuel,racisme,0.9,,1178,1,,2026-08-24T17:54:20
rxa_1359,cloudflare,@cf/meta/llama-3.3-70b-instruct-fp8-fast,antisémitisme,stereotype,hardcase,xenophobie,0.8,,677,1,,2026-08-24T17:54:28
rxa_0447,cloudflare,@cf/meta/llama-3.3-70b-instruct-fp8-fast,racisme,haine_explicite,generation_originale,xenophobie,0.8,,904,1,,2026-08-24T17:54:35
rxa_0139,cloudflare,@cf/meta/llama-3.3-70b-instruct-fp8-fast,racisme,stereotype,tri_manuel,xenophobie,0.8,,627,1,,2026-08-24T17:54:42
rxa_0638,cloudflare,@cf/meta/llama-3.3-70b-instruct-fp8-fast,xénophobie,dog_whistle,transfert_racisme_xenophobie,xenophobie,0.8,,816,1,,2026-08-24T17:54:50
rxa_0397,cloudflare,@cf/meta/llama-3.3-70b-instruct-fp8-fast,racisme,haine_explicite,tri_manuel,racisme,0.9,,817,1,,2026-08-24T17:54:57
rxa_0962,cloudflare,@cf/meta/llama-3.3-70b-instruct-fp8-fast,antisémitisme,hostilite_religieuse,transfert_racisme_antisemitisme,antisemitisme,0.8,,6379,1,,2026-08-24T17:55:10
rxa_0320,cloudflare,@cf/meta/llama-3.3-70b-instruct-fp8-fast,racisme,haine_explicite,tri_manuel,racisme,0.8,,792,1,,2026-08-24T17:55:18
rxa_0246,cloudflare,@cf/meta/llama-3.3-70b-instruct-fp8-fast,racisme,haine_explicite,tri_manuel,racisme,0.9,,782,1,,2026-08-24T17:55:25
rxa_1047,cloudflare,@cf/meta/llama-3.3-70b-instruct-fp8-fast,antisémitisme,exclusion,transfert_racisme_antisemitisme,antisemitisme,1.0,,576,1,,2026-08-24T17:55:32
rxa_0191,cloudflare,@cf/meta/llama-3.3-70b-instruct-fp8-fast,racisme,haine_explicite,tri_manuel,racisme,0.9,,877,1,,2026-08-24T17:55:40
rxa_0264,cloudflare,@cf/meta/llama-3.3-70b-instruct-fp8-fast,xénophobie,dog_whistle,tri_manuel,xenophobie,0.8,,748,1,,2026-08-24T17:55:47
rxa_1367,cloudflare,@cf/meta/llama-3.3-70b-instruct-fp8-fast,antisémitisme,haine_implicite,hardcase,xenophobie,0.0,,773,1,,2026-08-24T17:55:54
rxa_0465,cloudflare,@cf/meta/llama-3.3-70b-instruct-fp8-fast,racisme,haine_implicite,generation_originale,xenophobie,0.6,,889,1,,2026-08-24T17:56:02
rxa_1420,cloudflare,@cf/meta/llama-3.3-70b-instruct-fp8-fast,racisme,haine_explicite,generation_complement,xenophobie,0.8,,908,1,,2026-08-24T17:56:09
rxa_0695,cloudflare,@cf/meta/llama-3.3-70b-instruct-fp8-fast,xénophobie,haine_explicite,generation_originale,xenophobie,0.9,,919,1,,2026-08-24T17:56:17
rxa_0351,gemini,gemini-3.5-flash-lite,racisme,haine_explicite,tri_manuel,racisme,0.95,,1027,1,,2026-08-20T19:24:42
rxa_0427,gemini,gemini-3.5-flash-lite,racisme,haine_explicite,generation_originale,racisme,0.95,,3666,1,,2026-08-20T19:24:48
rxa_1182,gemini,gemini-3.5-flash-lite,antisémitisme,haine_explicite,generation_originale,antisemitisme,1.0,,703,1,,2026-08-20T19:24:50
rxa_0309,gemini,gemini-3.5-flash-lite,xénophobie,dog_whistle,tri_manuel,xenophobie,0.85,,587,1,,2026-08-20T19:24:53
rxa_1166,gemini,gemini-3.5-flash-lite,antisémitisme,haine_explicite,generation_originale,antisemitisme,1.0,,527,1,,2026-08-20T19:24:56
rxa_0269,gemini,gemini-3.5-flash-lite,antisémitisme,haine_explicite,tri_manuel,antisemitisme,1.0,,44580,1,,2026-08-20T19:25:43
rxa_0024,gemini,gemini-3.5-flash-lite,racisme,haine_explicite,tri_manuel,xenophobie,0.6,,612,1,,2026-08-20T19:25:46
rxa_0470,gemini,gemini-3.5-flash-lite,racisme,haine_implicite,generation_originale,xenophobie,0.85,,11873,1,,2026-08-20T19:26:00
rxa_0952,gemini,gemini-3.5-flash-lite,xénophobie,dog_whistle,hardcase,xenophobie,0.6,,45998,1,,2026-08-20T19:26:48
rxa_0930,gemini,gemini-3.5-flash-lite,xénophobie,haine_implicite,hardcase,xenophobie,0.85,,45984,1,,2026-08-20T19:27:36
rxa_0898,gemini,gemini-3.5-flash-lite,xénophobie,haine_implicite,hardcase,xenophobie,0.95,,624,1,,2026-08-20T19:27:39
rxa_1041,gemini,gemini-3.5-flash-lite,antisémitisme,haine_explicite,transfert_racisme_antisemitisme,antisemitisme,1.0,,556,1,,2026-08-20T19:27:42
rxa_0327,gemini,gemini-3.5-flash-lite,racisme,haine_implicite,tri_manuel,racisme,0.85,,556,1,,2026-08-20T19:27:44
rxa_0245,gemini,gemini-3.5-flash-lite,xénophobie,sarcasme,tri_manuel,xenophobie,0.95,,546,1,,2026-08-20T19:27:47
rxa_0242,gemini,gemini-3.5-flash-lite,racisme,haine_explicite,tri_manuel,racisme,0.95,,565,1,,2026-08-20T19:27:50
rxa_0687,gemini,gemini-3.5-flash-lite,xénophobie,haine_explicite,generation_originale,xenophobie,0.98,,523,1,,2026-08-20T19:27:53
rxa_0329,gemini,gemini-3.5-flash-lite,xénophobie,dog_whistle,tri_manuel,xenophobie,0.85,,15991,1,,2026-08-20T19:28:11
rxa_1483,gemini,gemini-3.5-flash-lite,xénophobie,haine_explicite,generation_complement,xenophobie,0.99,,489,1,,2026-08-20T19:28:13
rxa_1405,gemini,gemini-3.5-flash-lite,antisémitisme,haine_implicite,hardcase,antisemitisme,0.65,,37321,1,,2026-08-20T19:28:53
rxa_1201,gemini,gemini-3.5-flash-lite,antisémitisme,haine_implicite,generation_originale,antisemitisme,0.85,,6415,1,,2026-08-20T19:29:02
rxa_0248,gemini,gemini-3.5-flash-lite,racisme,haine_explicite,tri_manuel,racisme,0.99,,41650,1,,2026-08-20T19:29:45
rxa_1414,gemini,gemini-3.5-flash-lite,antisémitisme,haine_implicite,hardcase,antisemitisme,0.85,,556,1,,2026-08-20T19:29:48
rxa_1098,gemini,gemini-3.5-flash-lite,antisémitisme,haine_explicite,transfert_racisme_antisemitisme,antisemitisme,1.0,,15394,1,,2026-08-20T19:30:06
rxa_0748,gemini,gemini-3.5-flash-lite,xénophobie,haine_implicite,generation_originale,xenophobie,0.85,,20475,1,,2026-08-20T19:30:28
rxa_0018,gemini,gemini-3.5-flash-lite,racisme,stereotype,tri_manuel,racisme,0.85,,566,1,,2026-08-20T19:30:31
rxa_0112,gemini,gemini-3.5-flash-lite,racisme,haine_implicite,tri_manuel,xenophobie,0.85,,21545,1,,2026-08-20T19:30:55
rxa_0775,gemini,gemini-3.5-flash-lite,xénophobie,stereotype,generation_originale,xenophobie,0.95,,586,1,,2026-08-20T19:30:58
rxa_1123,gemini,gemini-3.5-flash-lite,antisémitisme,stereotype,transfert_racisme_antisemitisme,antisemitisme,1.0,,554,1,,2026-08-20T19:31:01
rxa_0607,gemini,gemini-3.5-flash-lite,xénophobie,exclusion,transfert_racisme_xenophobie,xenophobie,0.95,,498,1,,2026-08-20T19:31:03
rxa_0467,gemini,gemini-3.5-flash-lite,racisme,haine_implicite,generation_originale,xenophobie,0.85,,611,1,,2026-08-20T19:31:06
rxa_1209,gemini,gemini-3.5-flash-lite,antisémitisme,haine_implicite,generation_originale,antisemitisme,0.95,,536,1,,2026-08-20T19:31:09
rxa_0777,gemini,gemini-3.5-flash-lite,xénophobie,stereotype,generation_originale,xenophobie,0.85,,575,1,,2026-08-20T19:31:12
rxa_0157,gemini,gemini-3.5-flash-lite,xénophobie,exclusion,tri_manuel,xenophobie,0.85,,531,1,,2026-08-20T19:31:14
rxa_1191,gemini,gemini-3.5-flash-lite,antisémitisme,haine_explicite,generation_originale,antisemitisme,1.0,,541,1,,2026-08-20T19:31:17
rxa_0745,gemini,gemini-3.5-flash-lite,xénophobie,haine_implicite,generation_originale,xenophobie,0.85,,469,1,,2026-08-20T19:31:20
rxa_1445,gemini,gemini-3.5-flash-lite,racisme,stereotype,generation_complement,racisme,0.95,,561,1,,2026-08-20T19:31:22
rxa_1117,gemini,gemini-3.5-flash-lite,antisémitisme,haine_implicite,transfert_racisme_antisemitisme,antisemitisme,1.0,,504,1,,2026-08-20T19:31:25
rxa_0377,gemini,gemini-3.5-flash-lite,racisme,haine_explicite,tri_manuel,racisme,0.99,,594,1,,2026-08-20T19:31:28
rxa_0918,gemini,gemini-3.5-flash-lite,xénophobie,sarcasme,hardcase,xenophobie,0.65,,498,1,,2026-08-20T19:31:31
rxa_1252,gemini,gemini-3.5-flash-lite,antisémitisme,stereotype,generation_originale,antisemitisme,0.85,,898,1,,2026-08-20T19:31:34
rxa_0028,gemini,gemini-3.5-flash-lite,racisme,hostilite_religieuse,tri_manuel,xenophobie,0.7,,557,1,,2026-08-20T19:31:37
rxa_0316,gemini,gemini-3.5-flash-lite,xénophobie,exclusion,tri_manuel,xenophobie,0.95,,626,1,,2026-08-20T19:31:39
rxa_0511,gemini,gemini-3.5-flash-lite,racisme,sarcasme,generation_originale,xenophobie,0.85,,602,1,,2026-08-20T19:31:42
rxa_0880,gemini,gemini-3.5-flash-lite,xénophobie,haine_implicite,hardcase,xenophobie,0.85,,523,1,,2026-08-20T19:31:45
rxa_0855,gemini,gemini-3.5-flash-lite,xénophobie,dog_whistle,hardcase,xenophobie,0.85,,615,1,,2026-08-20T19:31:48
rxa_1137,gemini,gemini-3.5-flash-lite,antisémitisme,haine_explicite,transfert_racisme_antisemitisme,antisemitisme,0.99,,612,1,,2026-08-20T19:31:50
rxa_0926,gemini,gemini-3.5-flash-lite,xénophobie,exclusion,hardcase,xenophobie,0.9,,595,1,,2026-08-20T19:31:53
rxa_0413,gemini,gemini-3.5-flash-lite,racisme,haine_explicite,generation_originale,racisme,0.95,,602,1,,2026-08-20T19:31:56
rxa_0698,gemini,gemini-3.5-flash-lite,xénophobie,haine_explicite,generation_originale,xenophobie,0.99,,558,1,,2026-08-20T19:31:59
rxa_0940,gemini,gemini-3.5-flash-lite,xénophobie,dog_whistle,hardcase,racisme,0.85,,598,1,,2026-08-20T19:32:02
rxa_0902,gemini,gemini-3.5-flash-lite,xénophobie,dog_whistle,hardcase,xenophobie,0.85,,576,1,,2026-08-20T19:32:04
rxa_0596,gemini,gemini-3.5-flash-lite,xénophobie,exclusion,transfert_racisme_xenophobie,xenophobie,0.95,,682,1,,2026-08-20T19:32:07
rxa_0184,gemini,gemini-3.5-flash-lite,racisme,haine_implicite,tri_manuel,racisme,0.95,,538,1,,2026-08-20T19:32:10
rxa_1499,gemini,gemini-3.5-flash-lite,xénophobie,ambigu,generation_complement,xenophobie,0.85,,608,1,,2026-08-20T19:32:13
rxa_1240,gemini,gemini-3.5-flash-lite,antisémitisme,stereotype,generation_originale,racisme,0.85,,576,1,,2026-08-20T19:32:16
rxa_0680,gemini,gemini-3.5-flash-lite,xénophobie,haine_explicite,generation_originale,xenophobie,0.99,,524,1,,2026-08-20T19:32:18
rxa_1155,gemini,gemini-3.5-flash-lite,antisémitisme,haine_explicite,generation_originale,antisemitisme,1.0,,526,1,,2026-08-20T19:32:21
rxa_0342,gemini,gemini-3.5-flash-lite,racisme,haine_explicite,tri_manuel,racisme,0.98,,676,1,,2026-08-20T19:32:24
rxa_1301,gemini,gemini-3.5-flash-lite,antisémitisme,haine_implicite,hardcase,antisemitisme,0.8,,565,4,,2026-08-20T19:32:46
rxa_0130,gemini,gemini-3.5-flash-lite,racisme,stereotype,tri_manuel,racisme,0.85,,506,1,,2026-08-20T19:32:49
rxa_1407,gemini,gemini-3.5-flash-lite,antisémitisme,dog_whistle,hardcase,antisemitisme,0.85,,519,1,,2026-08-20T19:32:51
rxa_0067,gemini,gemini-3.5-flash-lite,racisme,stereotype,tri_manuel,antisemitisme,0.9,,517,1,,2026-08-20T19:32:54
rxa_0153,gemini,gemini-3.5-flash-lite,racisme,haine_explicite,tri_manuel,racisme,1.0,,488,1,,2026-08-20T19:32:57
rxa_0518,gemini,gemini-3.5-flash-lite,racisme,dog_whistle,generation_originale,xenophobie,0.85,,525,1,,2026-08-20T19:32:59
rxa_0986,gemini,gemini-3.5-flash-lite,antisémitisme,complotisme,transfert_racisme_antisemitisme,antisemitisme,0.85,,517,1,,2026-08-20T19:33:02
rxa_0448,gemini,gemini-3.5-flash-lite,racisme,haine_explicite,generation_originale,racisme,1.0,,459,1,,2026-08-20T19:33:05
rxa_1362,gemini,gemini-3.5-flash-lite,antisémitisme,dog_whistle,hardcase,antisemitisme,0.8,,512,1,,2026-08-20T19:33:07
rxa_0497,gemini,gemini-3.5-flash-lite,racisme,stereotype,generation_originale,xenophobie,0.6,,525,1,,2026-08-20T19:33:10
rxa_1372,gemini,gemini-3.5-flash-lite,antisémitisme,ambigu,hardcase,antisemitisme,0.8,,513,1,,2026-08-20T19:33:13
rxa_1395,gemini,gemini-3.5-flash-lite,antisémitisme,sarcasme,hardcase,antisemitisme,0.85,,506,1,,2026-08-20T19:33:16
rxa_0085,gemini,gemini-3.5-flash-lite,racisme,exclusion,tri_manuel,xenophobie,0.85,,561,1,,2026-08-20T19:33:18
rxa_0530,gemini,gemini-3.5-flash-lite,racisme,ambigu,generation_originale,xenophobie,0.85,,815,1,,2026-08-20T19:33:21
rxa_0041,gemini,gemini-3.5-flash-lite,racisme,stereotype,tri_manuel,racisme,0.85,,485,1,,2026-08-20T19:33:24
rxa_1377,gemini,gemini-3.5-flash-lite,antisémitisme,haine_implicite,hardcase,antisemitisme,0.85,,647,1,,2026-08-20T19:33:27
rxa_0468,gemini,gemini-3.5-flash-lite,racisme,haine_implicite,generation_originale,xenophobie,0.85,,658,4,,2026-08-20T19:33:49
rxa_0297,gemini,gemini-3.5-flash-lite,antisémitisme,haine_explicite,tri_manuel,antisemitisme,0.99,,640,1,,2026-08-20T19:33:52
rxa_0861,gemini,gemini-3.5-flash-lite,xénophobie,exclusion,hardcase,xenophobie,0.9,,477,1,,2026-08-20T19:33:55
rxa_1334,gemini,gemini-3.5-flash-lite,antisémitisme,haine_implicite,hardcase,antisemitisme,0.85,,497,1,,2026-08-20T19:33:58
rxa_0315,gemini,gemini-3.5-flash-lite,racisme,haine_explicite,tri_manuel,racisme,0.95,,487,1,,2026-08-20T19:34:00
rxa_1474,gemini,gemini-3.5-flash-lite,racisme,ambigu,generation_complement,xenophobie,0.85,,482,1,,2026-08-20T19:34:03
rxa_1369,gemini,gemini-3.5-flash-lite,antisémitisme,ambigu,hardcase,antisemitisme,0.65,,487,1,,2026-08-20T19:34:06
rxa_0439,gemini,gemini-3.5-flash-lite,racisme,haine_explicite,generation_originale,xenophobie,0.85,,537,1,,2026-08-20T19:34:08
rxa_0318,gemini,gemini-3.5-flash-lite,xénophobie,sarcasme,tri_manuel,xenophobie,0.95,,638,1,,2026-08-20T19:34:11
rxa_0897,gemini,gemini-3.5-flash-lite,xénophobie,ambigu,hardcase,xenophobie,0.95,,525,1,,2026-08-20T19:34:14
rxa_0243,gemini,gemini-3.5-flash-lite,racisme,haine_explicite,tri_manuel,racisme,0.85,,494,1,,2026-08-20T19:34:17
rxa_0244,gemini,gemini-3.5-flash-lite,xénophobie,complotisme,tri_manuel,xenophobie,0.85,,501,1,,2026-08-20T19:34:19
rxa_0911,gemini,gemini-3.5-flash-lite,xénophobie,dog_whistle,hardcase,xenophobie,0.85,,515,1,,2026-08-20T19:34:22
rxa_0900,gemini,gemini-3.5-flash-lite,xénophobie,haine_implicite,hardcase,xenophobie,0.95,,538,1,,2026-08-20T19:34:25
rxa_1064,gemini,gemini-3.5-flash-lite,antisémitisme,complotisme,transfert_racisme_antisemitisme,antisemitisme,0.95,,939,1,,2026-08-20T19:34:28
rxa_1336,gemini,gemini-3.5-flash-lite,antisémitisme,stereotype,hardcase,antisemitisme,0.85,,531,1,,2026-08-20T19:34:31
rxa_0973,gemini,gemini-3.5-flash-lite,antisémitisme,stereotype,transfert_racisme_antisemitisme,antisemitisme,0.95,,501,3,,2026-08-20T19:34:43
rxa_1055,gemini,gemini-3.5-flash-lite,antisémitisme,hostilite_religieuse,transfert_racisme_antisemitisme,antisemitisme,1.0,,612,1,,2026-08-20T19:34:46
rxa_1045,gemini,gemini-3.5-flash-lite,antisémitisme,exclusion,transfert_racisme_antisemitisme,antisemitisme,0.95,,541,1,,2026-08-20T19:34:48
rxa_0407,gemini,gemini-3.5-flash-lite,xénophobie,exclusion,tri_manuel,racisme,1.0,,615,1,,2026-08-20T19:34:51
rxa_1463,gemini,gemini-3.5-flash-lite,racisme,sarcasme,generation_complement,xenophobie,0.85,,483,1,,2026-08-20T19:34:54
rxa_1157,gemini,gemini-3.5-flash-lite,antisémitisme,haine_explicite,generation_originale,antisemitisme,1.0,,676,1,,2026-08-20T19:34:57
rxa_0684,gemini,gemini-3.5-flash-lite,xénophobie,haine_explicite,generation_originale,xenophobie,0.98,,522,1,,2026-08-20T19:35:00
rxa_1394,gemini,gemini-3.5-flash-lite,antisémitisme,stereotype,hardcase,antisemitisme,0.8,,541,1,,2026-08-20T19:35:02
rxa_0433,gemini,gemini-3.5-flash-lite,racisme,haine_explicite,generation_originale,racisme,0.95,,555,1,,2026-08-20T19:35:05
rxa_0790,gemini,gemini-3.5-flash-lite,xénophobie,sarcasme,generation_originale,xenophobie,0.9,,1370,1,,2026-08-22T14:28:46
rxa_0858,gemini,gemini-3.5-flash-lite,xénophobie,exclusion,hardcase,xenophobie,0.85,,563,1,,2026-08-22T14:28:49
rxa_0705,gemini,gemini-3.5-flash-lite,xénophobie,haine_explicite,generation_originale,xenophobie,0.95,,638,1,,2026-08-22T14:28:52
rxa_0138,gemini,gemini-3.5-flash-lite,racisme,stereotype,tri_manuel,xenophobie,0.8,,528,1,,2026-08-22T14:28:54
rxa_0469,gemini,gemini-3.5-flash-lite,racisme,haine_implicite,generation_originale,xenophobie,0.85,,509,1,,2026-08-22T14:28:57
rxa_1422,gemini,gemini-3.5-flash-lite,racisme,haine_explicite,generation_complement,racisme,0.95,,493,1,,2026-08-22T14:29:00
rxa_0474,gemini,gemini-3.5-flash-lite,racisme,haine_implicite,generation_originale,xenophobie,0.85,,510,1,,2026-08-22T14:29:03
rxa_0463,gemini,gemini-3.5-flash-lite,racisme,haine_implicite,generation_originale,xenophobie,0.85,,521,1,,2026-08-22T14:29:05
rxa_1167,gemini,gemini-3.5-flash-lite,antisémitisme,haine_explicite,generation_originale,antisemitisme,1.0,,524,1,,2026-08-22T14:29:08
rxa_0548,gemini,gemini-3.5-flash-lite,xénophobie,haine_explicite,transfert_racisme_xenophobie,xenophobie,0.99,,510,1,,2026-08-22T14:29:11
rxa_0144,gemini,gemini-3.5-flash-lite,racisme,stereotype,tri_manuel,xenophobie,0.85,,558,1,,2026-08-22T14:29:13
rxa_0116,gemini,gemini-3.5-flash-lite,racisme,exclusion,tri_manuel,xenophobie,0.85,,540,1,,2026-08-22T14:29:16
rxa_0784,gemini,gemini-3.5-flash-lite,xénophobie,sarcasme,generation_originale,xenophobie,0.95,,537,1,,2026-08-22T14:29:19
rxa_0682,gemini,gemini-3.5-flash-lite,xénophobie,haine_explicite,generation_originale,xenophobie,0.98,,523,1,,2026-08-22T14:29:22
rxa_0020,gemini,gemini-3.5-flash-lite,racisme,stereotype,tri_manuel,xenophobie,0.6,,473,1,,2026-08-22T14:29:24
rxa_0829,gemini,gemini-3.5-flash-lite,xénophobie,ambigu,hardcase,xenophobie,0.65,,504,1,,2026-08-22T14:29:27
rxa_0683,gemini,gemini-3.5-flash-lite,xénophobie,haine_explicite,generation_originale,xenophobie,0.95,,549,4,,2026-08-22T14:29:50
rxa_1114,gemini,gemini-3.5-flash-lite,antisémitisme,stereotype,transfert_racisme_antisemitisme,antisemitisme,0.95,,540,1,,2026-08-22T14:29:53
rxa_0337,gemini,gemini-3.5-flash-lite,racisme,haine_explicite,tri_manuel,racisme,0.99,,559,1,,2026-08-22T14:29:56
rxa_0237,gemini,gemini-3.5-flash-lite,racisme,haine_explicite,tri_manuel,racisme,0.99,,505,1,,2026-08-22T14:29:59
rxa_0859,gemini,gemini-3.5-flash-lite,xénophobie,exclusion,hardcase,xenophobie,0.85,,542,1,,2026-08-22T14:30:01
rxa_1460,gemini,gemini-3.5-flash-lite,racisme,sarcasme,generation_complement,xenophobie,0.85,,515,1,,2026-08-22T14:30:04
rxa_0045,gemini,gemini-3.5-flash-lite,racisme,exclusion,tri_manuel,xenophobie,0.85,,550,1,,2026-08-22T14:30:07
rxa_0692,gemini,gemini-3.5-flash-lite,xénophobie,haine_explicite,generation_originale,xenophobie,0.99,,715,1,,2026-08-22T14:30:10
rxa_0082,gemini,gemini-3.5-flash-lite,racisme,exclusion,tri_manuel,racisme,0.8,,604,1,,2026-08-22T14:30:13
rxa_1299,gemini,gemini-3.5-flash-lite,antisémitisme,haine_implicite,hardcase,antisemitisme,0.95,,525,1,,2026-08-22T14:30:15
rxa_0700,gemini,gemini-3.5-flash-lite,xénophobie,haine_explicite,generation_originale,xenophobie,0.95,,519,1,,2026-08-22T14:30:18
rxa_1106,gemini,gemini-3.5-flash-lite,antisémitisme,haine_explicite,transfert_racisme_antisemitisme,antisemitisme,1.0,,521,1,,2026-08-22T14:30:21
rxa_0751,gemini,gemini-3.5-flash-lite,xénophobie,haine_implicite,generation_originale,xenophobie,0.85,,665,1,,2026-08-22T14:30:24
rxa_0899,gemini,gemini-3.5-flash-lite,xénophobie,haine_implicite,hardcase,xenophobie,0.9,,648,1,,2026-08-22T14:30:27
rxa_0489,gemini,gemini-3.5-flash-lite,racisme,stereotype,generation_originale,racisme,0.95,,474,1,,2026-08-22T14:30:29
rxa_1026,gemini,gemini-3.5-flash-lite,antisémitisme,complotisme,transfert_racisme_antisemitisme,antisemitisme,1.0,,514,1,,2026-08-22T14:30:32
rxa_0051,gemini,gemini-3.5-flash-lite,racisme,haine_explicite,tri_manuel,xenophobie,0.6,,2326,3,,2026-08-22T14:30:47
rxa_0129,gemini,gemini-3.5-flash-lite,racisme,stereotype,tri_manuel,racisme,0.85,,510,1,,2026-08-22T14:30:49
rxa_1350,gemini,gemini-3.5-flash-lite,antisémitisme,haine_implicite,hardcase,antisemitisme,0.85,,585,1,,2026-08-22T14:30:52
rxa_0086,gemini,gemini-3.5-flash-lite,racisme,haine_explicite,tri_manuel,xenophobie,0.7,,681,1,,2026-08-22T14:30:55
rxa_0380,gemini,gemini-3.5-flash-lite,racisme,haine_explicite,tri_manuel,racisme,0.95,,515,1,,2026-08-22T14:30:58
rxa_0187,gemini,gemini-3.5-flash-lite,xénophobie,dog_whistle,tri_manuel,xenophobie,0.95,,543,1,,2026-08-22T14:31:00
rxa_0192,gemini,gemini-3.5-flash-lite,xénophobie,hostilite_religieuse,tri_manuel,xenophobie,0.85,,529,1,,2026-08-22T14:31:03
rxa_0985,gemini,gemini-3.5-flash-lite,antisémitisme,stereotype,transfert_racisme_antisemitisme,antisemitisme,0.95,,585,1,,2026-08-22T14:31:06
rxa_0356,gemini,gemini-3.5-flash-lite,xénophobie,dog_whistle,tri_manuel,xenophobie,0.95,,522,1,,2026-08-22T14:31:09
rxa_0639,gemini,gemini-3.5-flash-lite,xénophobie,dog_whistle,transfert_racisme_xenophobie,xenophobie,0.85,,607,1,,2026-08-22T14:31:11
rxa_0001,gemini,gemini-3.5-flash-lite,racisme,stereotype,tri_manuel,racisme,0.85,,497,1,,2026-08-22T14:31:14
rxa_1143,gemini,gemini-3.5-flash-lite,antisémitisme,haine_explicite,transfert_racisme_antisemitisme,antisemitisme,1.0,,519,1,,2026-08-22T14:31:17
rxa_1003,gemini,gemini-3.5-flash-lite,antisémitisme,haine_explicite,transfert_racisme_antisemitisme,antisemitisme,1.0,,596,1,,2026-08-22T14:31:20
rxa_1092,gemini,gemini-3.5-flash-lite,antisémitisme,haine_explicite,transfert_racisme_antisemitisme,antisemitisme,0.99,,527,1,,2026-08-22T14:31:22
rxa_1450,gemini,gemini-3.5-flash-lite,racisme,stereotype,generation_complement,xenophobie,0.65,,504,1,,2026-08-22T14:31:25
rxa_0175,gemini,gemini-3.5-flash-lite,racisme,haine_explicite,tri_manuel,racisme,1.0,,588,1,,2026-08-22T14:31:28
rxa_1465,gemini,gemini-3.5-flash-lite,racisme,dog_whistle,generation_complement,xenophobie,0.85,,605,4,,2026-08-22T14:31:51
rxa_1401,gemini,gemini-3.5-flash-lite,antisémitisme,ambigu,hardcase,xenophobie,0.65,,506,1,,2026-08-22T14:31:54
rxa_1222,gemini,gemini-3.5-flash-lite,antisémitisme,haine_implicite,generation_originale,antisemitisme,0.75,,577,1,,2026-08-22T14:31:57
rxa_1285,gemini,gemini-3.5-flash-lite,antisémitisme,dog_whistle,generation_originale,antisemitisme,0.85,,546,1,,2026-08-22T14:31:59
rxa_0026,gemini,gemini-3.5-flash-lite,racisme,haine_explicite,tri_manuel,xenophobie,0.6,,611,1,,2026-08-22T14:32:02
rxa_0472,gemini,gemini-3.5-flash-lite,racisme,haine_implicite,generation_originale,xenophobie,0.65,,554,1,,2026-08-22T14:32:05
rxa_0868,gemini,gemini-3.5-flash-lite,xénophobie,exclusion,hardcase,xenophobie,0.95,,582,1,,2026-08-22T14:32:08
rxa_1456,gemini,gemini-3.5-flash-lite,racisme,sarcasme,generation_complement,racisme,0.85,,499,1,,2026-08-22T14:32:10
rxa_1152,gemini,gemini-3.5-flash-lite,antisémitisme,haine_explicite,generation_originale,antisemitisme,1.0,,744,1,,2026-08-22T14:32:13
rxa_0080,gemini,gemini-3.5-flash-lite,racisme,dog_whistle,tri_manuel,xenophobie,0.85,,948,1,,2026-08-22T14:32:16
rxa_0140,gemini,gemini-3.5-flash-lite,racisme,stereotype,tri_manuel,racisme,0.85,,610,1,,2026-08-22T14:32:19
rxa_0134,gemini,gemini-3.5-flash-lite,racisme,haine_implicite,tri_manuel,xenophobie,0.85,,599,1,,2026-08-22T14:32:22
rxa_1391,gemini,gemini-3.5-flash-lite,antisémitisme,dog_whistle,hardcase,antisemitisme,0.85,,517,1,,2026-08-22T14:32:25
rxa_0263,gemini,gemini-3.5-flash-lite,racisme,haine_implicite,tri_manuel,racisme,0.95,,556,1,,2026-08-22T14:32:27
rxa_0435,gemini,gemini-3.5-flash-lite,racisme,haine_explicite,generation_originale,racisme,0.95,,613,1,,2026-08-22T14:32:30
rxa_0222,gemini,gemini-3.5-flash-lite,racisme,haine_explicite,tri_manuel,racisme,0.95,,472,1,,2026-08-22T14:32:33
rxa_1411,gemini,gemini-3.5-flash-lite,antisémitisme,haine_implicite,hardcase,antisemitisme,0.85,,632,3,,2026-08-22T14:32:46
rxa_0591,gemini,gemini-3.5-flash-lite,xénophobie,haine_implicite,transfert_racisme_xenophobie,xenophobie,0.95,,523,1,,2026-08-22T14:32:49
rxa_0988,gemini,gemini-3.5-flash-lite,antisémitisme,complotisme,transfert_racisme_antisemitisme,antisemitisme,0.85,,507,1,,2026-08-22T14:32:52
rxa_0722,gemini,gemini-3.5-flash-lite,xénophobie,haine_implicite,generation_originale,xenophobie,0.85,,517,1,,2026-08-22T14:32:54
rxa_1237,gemini,gemini-3.5-flash-lite,antisémitisme,stereotype,generation_originale,antisemitisme,0.85,,476,1,,2026-08-22T14:32:57
rxa_1095,gemini,gemini-3.5-flash-lite,antisémitisme,haine_explicite,transfert_racisme_antisemitisme,antisemitisme,0.95,,692,1,,2026-08-22T14:33:00
rxa_1000,gemini,gemini-3.5-flash-lite,antisémitisme,hostilite_religieuse,transfert_racisme_antisemitisme,antisemitisme,0.85,,605,1,,2026-08-22T14:33:03
rxa_0662,gemini,gemini-3.5-flash-lite,xénophobie,ambigu,transfert_racisme_xenophobie,xenophobie,0.85,,538,1,,2026-08-22T14:33:06
rxa_1183,gemini,gemini-3.5-flash-lite,antisémitisme,haine_explicite,generation_originale,antisemitisme,1.0,,535,1,,2026-08-22T14:33:08
rxa_1275,gemini,gemini-3.5-flash-lite,antisémitisme,dog_whistle,generation_originale,antisemitisme,0.85,,646,1,,2026-08-22T14:33:11
rxa_1277,gemini,gemini-3.5-flash-lite,antisémitisme,dog_whistle,generation_originale,antisemitisme,0.85,,475,1,,2026-08-22T14:33:14
rxa_0483,gemini,gemini-3.5-flash-lite,racisme,stereotype,generation_originale,racisme,0.6,,1379,1,,2026-08-22T14:35:08
rxa_0125,gemini,gemini-3.5-flash-lite,racisme,haine_implicite,tri_manuel,xenophobie,0.85,,490,1,,2026-08-22T14:35:11
rxa_0673,gemini,gemini-3.5-flash-lite,xénophobie,haine_explicite,generation_originale,xenophobie,0.98,,516,1,,2026-08-22T14:35:14
rxa_0143,gemini,gemini-3.5-flash-lite,racisme,stereotype,tri_manuel,xenophobie,0.6,,545,1,,2026-08-22T14:35:17
rxa_1253,gemini,gemini-3.5-flash-lite,antisémitisme,stereotype,generation_originale,antisemitisme,0.85,,485,1,,2026-08-22T14:35:19
rxa_0180,gemini,gemini-3.5-flash-lite,racisme,haine_explicite,tri_manuel,racisme,1.0,,519,1,,2026-08-22T14:35:22
rxa_0693,gemini,gemini-3.5-flash-lite,xénophobie,haine_explicite,generation_originale,xenophobie,0.95,,502,1,,2026-08-22T14:35:25
rxa_0866,gemini,gemini-3.5-flash-lite,xénophobie,exclusion,hardcase,racisme,0.85,,502,1,,2026-08-22T14:35:27
rxa_0728,gemini,gemini-3.5-flash-lite,xénophobie,haine_implicite,generation_originale,xenophobie,0.85,,514,1,,2026-08-22T14:35:30
rxa_1062,gemini,gemini-3.5-flash-lite,antisémitisme,complotisme,transfert_racisme_antisemitisme,antisemitisme,0.95,,628,1,,2026-08-22T14:35:33
rxa_0993,gemini,gemini-3.5-flash-lite,antisémitisme,stereotype,transfert_racisme_antisemitisme,antisemitisme,0.95,,509,1,,2026-08-22T14:35:36
rxa_0651,gemini,gemini-3.5-flash-lite,xénophobie,dog_whistle,transfert_racisme_xenophobie,xenophobie,0.9,,508,1,,2026-08-22T14:35:38
rxa_0580,gemini,gemini-3.5-flash-lite,xénophobie,haine_implicite,transfert_racisme_xenophobie,xenophobie,0.85,,533,1,,2026-08-22T14:35:41
rxa_0146,gemini,gemini-3.5-flash-lite,racisme,stereotype,tri_manuel,racisme,0.85,,519,1,,2026-08-22T14:35:44
rxa_1107,gemini,gemini-3.5-flash-lite,antisémitisme,haine_explicite,transfert_racisme_antisemitisme,antisemitisme,1.0,,835,1,,2026-08-22T14:35:47
rxa_1084,gemini,gemini-3.5-flash-lite,antisémitisme,haine_explicite,transfert_racisme_antisemitisme,antisemitisme,1.0,,618,1,,2026-08-22T14:35:50
rxa_0365,gemini,gemini-3.5-flash-lite,racisme,haine_explicite,tri_manuel,racisme,0.95,,517,1,,2026-08-22T14:35:52
rxa_0647,gemini,gemini-3.5-flash-lite,xénophobie,dog_whistle,transfert_racisme_xenophobie,xenophobie,0.85,,499,1,,2026-08-22T14:35:55
rxa_0378,gemini,gemini-3.5-flash-lite,antisémitisme,haine_explicite,tri_manuel,antisemitisme,1.0,,491,1,,2026-08-22T14:35:58
rxa_0636,gemini,gemini-3.5-flash-lite,xénophobie,dog_whistle,transfert_racisme_xenophobie,racisme,0.85,,513,1,,2026-08-22T14:36:01
rxa_0742,gemini,gemini-3.5-flash-lite,xénophobie,haine_implicite,generation_originale,xenophobie,0.85,,513,1,,2026-08-22T14:36:03
rxa_1271,gemini,gemini-3.5-flash-lite,antisémitisme,sarcasme,generation_originale,antisemitisme,0.6,,560,1,,2026-08-22T14:36:06
rxa_0581,gemini,gemini-3.5-flash-lite,xénophobie,haine_implicite,transfert_racisme_xenophobie,xenophobie,0.95,,501,1,,2026-08-22T14:36:09
rxa_1467,gemini,gemini-3.5-flash-lite,racisme,dog_whistle,generation_complement,xenophobie,0.85,,484,1,,2026-08-22T14:36:12
rxa_0501,gemini,gemini-3.5-flash-lite,racisme,stereotype,generation_originale,xenophobie,0.85,,485,1,,2026-08-22T14:36:14
rxa_0048,gemini,gemini-3.5-flash-lite,racisme,stereotype,tri_manuel,racisme,0.85,,550,1,,2026-08-22T14:36:17
rxa_1185,gemini,gemini-3.5-flash-lite,antisémitisme,haine_explicite,generation_originale,antisemitisme,1.0,,522,1,,2026-08-22T14:36:20
rxa_0537,gemini,gemini-3.5-flash-lite,xénophobie,haine_explicite,transfert_racisme_xenophobie,xenophobie,0.9,,520,1,,2026-08-22T14:36:22
rxa_1435,gemini,gemini-3.5-flash-lite,racisme,haine_implicite,generation_complement,xenophobie,0.85,,637,1,,2026-08-22T14:36:25
rxa_1482,gemini,gemini-3.5-flash-lite,xénophobie,haine_explicite,generation_complement,xenophobie,0.95,,500,1,,2026-08-22T14:36:28
rxa_0643,gemini,gemini-3.5-flash-lite,xénophobie,dog_whistle,transfert_racisme_xenophobie,xenophobie,0.85,,735,4,,2026-08-22T14:36:51
rxa_1050,gemini,gemini-3.5-flash-lite,antisémitisme,stereotype,transfert_racisme_antisemitisme,antisemitisme,0.95,,575,1,,2026-08-22T14:36:53
rxa_0923,gemini,gemini-3.5-flash-lite,xénophobie,sarcasme,hardcase,xenophobie,0.6,,481,1,,2026-08-22T14:36:56
rxa_0612,gemini,gemini-3.5-flash-lite,xénophobie,exclusion,transfert_racisme_xenophobie,racisme,0.95,,515,1,,2026-08-22T14:36:59
rxa_1165,gemini,gemini-3.5-flash-lite,antisémitisme,haine_explicite,generation_originale,antisemitisme,1.0,,663,1,,2026-08-22T14:37:02
rxa_0283,gemini,gemini-3.5-flash-lite,xénophobie,exclusion,tri_manuel,xenophobie,0.95,,478,1,,2026-08-22T14:37:04
rxa_0761,gemini,gemini-3.5-flash-lite,xénophobie,stereotype,generation_originale,xenophobie,0.85,,505,1,,2026-08-22T14:37:07
rxa_0171,gemini,gemini-3.5-flash-lite,racisme,haine_explicite,tri_manuel,racisme,1.0,,496,1,,2026-08-22T14:37:10
rxa_1179,gemini,gemini-3.5-flash-lite,antisémitisme,haine_explicite,generation_originale,antisemitisme,1.0,,482,1,,2026-08-22T14:37:13
rxa_0602,gemini,gemini-3.5-flash-lite,xénophobie,exclusion,transfert_racisme_xenophobie,xenophobie,0.95,,564,1,,2026-08-22T14:37:15
rxa_0214,gemini,gemini-3.5-flash-lite,antisémitisme,haine_explicite,tri_manuel,antisemitisme,1.0,,472,1,,2026-08-22T14:37:18
rxa_0354,gemini,gemini-3.5-flash-lite,racisme,haine_explicite,tri_manuel,racisme,0.95,,487,1,,2026-08-22T14:37:21
rxa_0060,gemini,gemini-3.5-flash-lite,racisme,stereotype,tri_manuel,racisme,0.85,,563,1,,2026-08-22T14:37:23
rxa_1368,gemini,gemini-3.5-flash-lite,antisémitisme,stereotype,hardcase,racisme,0.85,,600,1,,2026-08-22T14:37:26
rxa_0744,gemini,gemini-3.5-flash-lite,xénophobie,haine_implicite,generation_originale,xenophobie,0.85,,493,1,,2026-08-22T14:37:29
rxa_0343,gemini,gemini-3.5-flash-lite,racisme,haine_explicite,tri_manuel,racisme,1.0,,514,1,,2026-08-22T14:37:32
rxa_0230,gemini,gemini-3.5-flash-lite,xénophobie,dog_whistle,tri_manuel,xenophobie,0.85,,510,4,,2026-08-22T14:37:54
rxa_0083,gemini,gemini-3.5-flash-lite,racisme,exclusion,tri_manuel,xenophobie,0.85,,492,1,,2026-08-22T14:37:56
rxa_0150,gemini,gemini-3.5-flash-lite,racisme,hostilite_religieuse,tri_manuel,xenophobie,0.6,,530,1,,2026-08-22T14:37:59
rxa_0717,gemini,gemini-3.5-flash-lite,xénophobie,haine_implicite,generation_originale,xenophobie,0.85,,512,1,,2026-08-22T14:38:02
rxa_0671,gemini,gemini-3.5-flash-lite,xénophobie,haine_explicite,generation_originale,xenophobie,0.99,,583,1,,2026-08-22T14:38:05
rxa_0884,gemini,gemini-3.5-flash-lite,xénophobie,ambigu,hardcase,xenophobie,0.85,,476,1,,2026-08-22T14:38:07
rxa_1425,gemini,gemini-3.5-flash-lite,racisme,haine_explicite,generation_complement,racisme,0.95,,509,1,,2026-08-22T14:38:10
rxa_0304,gemini,gemini-3.5-flash-lite,racisme,haine_explicite,tri_manuel,racisme,0.95,,502,1,,2026-08-22T14:38:13
rxa_1273,gemini,gemini-3.5-flash-lite,antisémitisme,dog_whistle,generation_originale,antisemitisme,0.95,,479,1,,2026-08-22T14:38:15
rxa_0719,gemini,gemini-3.5-flash-lite,xénophobie,haine_implicite,generation_originale,xenophobie,0.95,,465,1,,2026-08-22T14:38:18
rxa_0282,gemini,gemini-3.5-flash-lite,racisme,haine_explicite,tri_manuel,racisme,0.95,,457,1,,2026-08-22T14:38:21
rxa_1153,gemini,gemini-3.5-flash-lite,antisémitisme,haine_explicite,generation_originale,antisemitisme,1.0,,472,1,,2026-08-22T14:38:23
rxa_1398,gemini,gemini-3.5-flash-lite,antisémitisme,haine_implicite,hardcase,antisemitisme,0.85,,469,1,,2026-08-22T14:38:26
rxa_1175,gemini,gemini-3.5-flash-lite,antisémitisme,haine_explicite,generation_originale,antisemitisme,1.0,,482,1,,2026-08-22T14:38:29
rxa_1354,gemini,gemini-3.5-flash-lite,antisémitisme,haine_implicite,hardcase,antisemitisme,0.85,,521,1,,2026-08-22T14:38:32
rxa_1126,gemini,gemini-3.5-flash-lite,antisémitisme,complotisme,transfert_racisme_antisemitisme,antisemitisme,1.0,,509,1,,2026-08-22T14:38:34
rxa_1119,gemini,gemini-3.5-flash-lite,antisémitisme,haine_implicite,transfert_racisme_antisemitisme,antisemitisme,0.95,,488,3,,2026-08-22T14:38:46
rxa_1307,gemini,gemini-3.5-flash-lite,antisémitisme,stereotype,hardcase,antisemitisme,0.8,,503,1,,2026-08-22T14:38:49
rxa_1224,gemini,gemini-3.5-flash-lite,antisémitisme,haine_implicite,generation_originale,antisemitisme,0.85,,482,1,,2026-08-22T14:38:51
rxa_1304,gemini,gemini-3.5-flash-lite,antisémitisme,haine_implicite,hardcase,antisemitisme,0.85,,494,1,,2026-08-22T14:38:54
rxa_0152,gemini,gemini-3.5-flash-lite,xénophobie,exclusion,tri_manuel,xenophobie,0.85,,488,1,,2026-08-22T14:38:57
rxa_0678,gemini,gemini-3.5-flash-lite,xénophobie,haine_explicite,generation_originale,xenophobie,0.95,,515,1,,2026-08-22T14:39:00
rxa_0030,gemini,gemini-3.5-flash-lite,racisme,stereotype,tri_manuel,xenophobie,0.6,,482,1,,2026-08-22T14:39:02
rxa_1063,gemini,gemini-3.5-flash-lite,antisémitisme,complotisme,transfert_racisme_antisemitisme,antisemitisme,0.95,,470,1,,2026-08-22T14:39:05
rxa_1174,gemini,gemini-3.5-flash-lite,antisémitisme,haine_explicite,generation_originale,antisemitisme,1.0,,485,1,,2026-08-22T14:39:08
rxa_0676,gemini,gemini-3.5-flash-lite,xénophobie,haine_explicite,generation_originale,xenophobie,0.95,,486,1,,2026-08-22T14:39:10
rxa_0352,gemini,gemini-3.5-flash-lite,racisme,haine_explicite,tri_manuel,racisme,0.95,,491,1,,2026-08-22T14:39:13
rxa_0557,gemini,gemini-3.5-flash-lite,xénophobie,haine_explicite,transfert_racisme_xenophobie,xenophobie,0.98,,482,1,,2026-08-22T14:39:16
rxa_0127,gemini,gemini-3.5-flash-lite,xénophobie,dog_whistle,tri_manuel,xenophobie,0.65,,507,1,,2026-08-22T14:39:18
rxa_0400,gemini,gemini-3.5-flash-lite,racisme,haine_explicite,tri_manuel,racisme,1.0,,507,1,,2026-08-22T14:39:21
rxa_0021,gemini,gemini-3.5-flash-lite,racisme,stereotype,tri_manuel,xenophobie,0.85,,623,1,,2026-08-22T14:39:24
rxa_0958,gemini,gemini-3.5-flash-lite,antisémitisme,stereotype,transfert_racisme_antisemitisme,antisemitisme,0.95,,528,1,,2026-08-22T14:39:27
rxa_0436,gemini,gemini-3.5-flash-lite,racisme,haine_explicite,generation_originale,racisme,0.85,,511,4,,2026-08-22T14:39:50
rxa_0657,gemini,gemini-3.5-flash-lite,xénophobie,ambigu,transfert_racisme_xenophobie,xenophobie,0.95,,540,1,,2026-08-22T14:39:52
rxa_0972,gemini,gemini-3.5-flash-lite,antisémitisme,stereotype,transfert_racisme_antisemitisme,antisemitisme,0.95,,479,1,,2026-08-22T14:39:55
rxa_0711,gemini,gemini-3.5-flash-lite,xénophobie,haine_explicite,generation_originale,xenophobie,0.95,,508,1,,2026-08-22T14:39:58
rxa_0111,gemini,gemini-3.5-flash-lite,racisme,stereotype,tri_manuel,xenophobie,0.85,,480,1,,2026-08-22T14:40:00
rxa_0471,gemini,gemini-3.5-flash-lite,racisme,haine_implicite,generation_originale,xenophobie,0.85,,538,1,,2026-08-22T14:40:03
rxa_0552,gemini,gemini-3.5-flash-lite,xénophobie,haine_explicite,transfert_racisme_xenophobie,xenophobie,0.95,,548,1,,2026-08-22T14:40:06
rxa_0036,gemini,gemini-3.5-flash-lite,racisme,stereotype,tri_manuel,xenophobie,0.85,,536,1,,2026-08-22T14:40:09
rxa_0012,gemini,gemini-3.5-flash-lite,racisme,hostilite_religieuse,tri_manuel,xenophobie,0.6,,505,1,,2026-08-22T14:40:11
rxa_0803,gemini,gemini-3.5-flash-lite,xénophobie,dog_whistle,generation_originale,xenophobie,0.85,,585,1,,2026-08-22T14:40:14
rxa_1433,gemini,gemini-3.5-flash-lite,racisme,haine_implicite,generation_complement,xenophobie,0.85,,513,1,,2026-08-22T14:40:17
rxa_1249,gemini,gemini-3.5-flash-lite,antisémitisme,stereotype,generation_originale,antisemitisme,0.85,,468,1,,2026-08-22T14:40:20
rxa_1487,gemini,gemini-3.5-flash-lite,xénophobie,haine_implicite,generation_complement,xenophobie,0.95,,505,1,,2026-08-22T14:40:22
rxa_0835,gemini,gemini-3.5-flash-lite,xénophobie,haine_implicite,hardcase,xenophobie,0.85,,526,1,,2026-08-22T14:40:25
rxa_0626,gemini,gemini-3.5-flash-lite,xénophobie,sarcasme,transfert_racisme_xenophobie,xenophobie,0.85,,491,1,,2026-08-22T14:40:28
rxa_0338,gemini,gemini-3.5-flash-lite,xénophobie,exclusion,tri_manuel,xenophobie,0.95,,497,1,,2026-08-22T14:40:30
rxa_0381,gemini,gemini-3.5-flash-lite,racisme,haine_explicite,tri_manuel,racisme,1.0,,1938,1,,2026-08-22T17:03:05
rxa_1355,gemini,gemini-3.5-flash-lite,antisémitisme,sarcasme,hardcase,antisemitisme,0.65,,563,1,,2026-08-22T17:03:10
rxa_0879,gemini,gemini-3.5-flash-lite,xénophobie,haine_implicite,hardcase,xenophobie,0.85,,609,1,,2026-08-22T17:03:15
rxa_1303,gemini,gemini-3.5-flash-lite,antisémitisme,stereotype,hardcase,antisemitisme,0.95,,610,1,,2026-08-22T17:03:20
rxa_0874,gemini,gemini-3.5-flash-lite,xénophobie,haine_implicite,hardcase,xenophobie,0.85,,617,1,,2026-08-22T17:03:25
rxa_0956,gemini,gemini-3.5-flash-lite,antisémitisme,stereotype,transfert_racisme_antisemitisme,antisemitisme,1.0,,548,1,,2026-08-22T17:03:30
rxa_0697,gemini,gemini-3.5-flash-lite,xénophobie,haine_explicite,generation_originale,xenophobie,0.95,,520,1,,2026-08-22T17:03:35
rxa_1446,gemini,gemini-3.5-flash-lite,racisme,stereotype,generation_complement,racisme,0.95,,516,1,,2026-08-22T17:03:40
rxa_0023,gemini,gemini-3.5-flash-lite,racisme,stereotype,tri_manuel,racisme,0.85,,609,1,,2026-08-22T17:03:45
rxa_0640,gemini,gemini-3.5-flash-lite,xénophobie,dog_whistle,transfert_racisme_xenophobie,xenophobie,0.85,,589,1,,2026-08-22T17:03:50
rxa_0069,gemini,gemini-3.5-flash-lite,racisme,haine_explicite,tri_manuel,racisme,0.95,,626,1,,2026-08-22T17:03:55
rxa_0997,gemini,gemini-3.5-flash-lite,antisémitisme,complotisme,transfert_racisme_antisemitisme,antisemitisme,1.0,,632,1,,2026-08-22T17:04:00
rxa_1189,gemini,gemini-3.5-flash-lite,antisémitisme,haine_explicite,generation_originale,antisemitisme,1.0,,601,1,,2026-08-22T17:04:05
rxa_1177,gemini,gemini-3.5-flash-lite,antisémitisme,haine_explicite,generation_originale,antisemitisme,1.0,,573,1,,2026-08-22T17:04:10
rxa_0804,gemini,gemini-3.5-flash-lite,xénophobie,dog_whistle,generation_originale,xenophobie,0.95,,482,1,,2026-08-22T17:04:15
rxa_1139,gemini,gemini-3.5-flash-lite,antisémitisme,haine_explicite,transfert_racisme_antisemitisme,antisemitisme,1.0,,506,1,,2026-08-22T17:04:20
rxa_1265,gemini,gemini-3.5-flash-lite,antisémitisme,sarcasme,generation_originale,antisemitisme,0.85,,554,1,,2026-08-22T17:04:25
rxa_0701,gemini,gemini-3.5-flash-lite,xénophobie,haine_explicite,generation_originale,xenophobie,0.95,,550,1,,2026-08-22T17:04:30
rxa_0516,gemini,gemini-3.5-flash-lite,racisme,dog_whistle,generation_originale,xenophobie,0.85,,444,1,,2026-08-22T17:04:35
rxa_0367,gemini,gemini-3.5-flash-lite,racisme,haine_explicite,tri_manuel,racisme,1.0,,506,1,,2026-08-22T17:04:40
rxa_1454,gemini,gemini-3.5-flash-lite,racisme,stereotype,generation_complement,racisme,0.85,,637,1,,2026-08-22T17:04:45
rxa_1319,gemini,gemini-3.5-flash-lite,antisémitisme,stereotype,hardcase,antisemitisme,0.85,,536,1,,2026-08-22T17:04:50
rxa_0235,gemini,gemini-3.5-flash-lite,antisémitisme,haine_explicite,tri_manuel,antisemitisme,0.85,,552,1,,2026-08-22T17:04:55
rxa_0514,gemini,gemini-3.5-flash-lite,racisme,dog_whistle,generation_originale,xenophobie,0.95,,682,1,,2026-08-22T17:05:00
rxa_0933,gemini,gemini-3.5-flash-lite,xénophobie,haine_implicite,hardcase,racisme,0.85,,556,1,,2026-08-22T17:05:05
rxa_0505,gemini,gemini-3.5-flash-lite,racisme,sarcasme,generation_originale,xenophobie,0.85,,618,1,,2026-08-22T17:05:10
rxa_1021,gemini,gemini-3.5-flash-lite,antisémitisme,haine_implicite,transfert_racisme_antisemitisme,antisemitisme,0.95,,554,1,,2026-08-22T17:05:15
rxa_1144,gemini,gemini-3.5-flash-lite,antisémitisme,haine_implicite,transfert_racisme_antisemitisme,antisemitisme,1.0,,610,1,,2026-08-22T17:05:20
rxa_0185,gemini,gemini-3.5-flash-lite,racisme,haine_explicite,tri_manuel,racisme,1.0,,531,1,,2026-08-22T17:05:25
rxa_1030,gemini,gemini-3.5-flash-lite,antisémitisme,exclusion,transfert_racisme_antisemitisme,antisemitisme,0.95,,562,1,,2026-08-22T17:05:30
rxa_0573,gemini,gemini-3.5-flash-lite,xénophobie,haine_implicite,transfert_racisme_xenophobie,xenophobie,0.95,,818,1,,2026-08-22T17:05:35
rxa_0473,gemini,gemini-3.5-flash-lite,racisme,haine_implicite,generation_originale,racisme,0.85,,544,1,,2026-08-22T17:05:40
rxa_0845,gemini,gemini-3.5-flash-lite,xénophobie,sarcasme,hardcase,xenophobie,0.85,,557,1,,2026-08-22T17:05:45
rxa_0827,gemini,gemini-3.5-flash-lite,xénophobie,exclusion,hardcase,xenophobie,0.85,,548,1,,2026-08-22T17:05:50
rxa_0968,gemini,gemini-3.5-flash-lite,antisémitisme,hostilite_religieuse,transfert_racisme_antisemitisme,antisemitisme,0.9,,552,1,,2026-08-22T17:05:55
rxa_1200,gemini,gemini-3.5-flash-lite,antisémitisme,haine_implicite,generation_originale,antisemitisme,0.8,,550,1,,2026-08-22T17:06:00
rxa_1121,gemini,gemini-3.5-flash-lite,antisémitisme,haine_explicite,transfert_racisme_antisemitisme,antisemitisme,1.0,,602,1,,2026-08-22T17:06:05
rxa_0492,gemini,gemini-3.5-flash-lite,racisme,stereotype,generation_originale,racisme,0.95,,640,1,,2026-08-22T17:06:10
rxa_0822,gemini,gemini-3.5-flash-lite,xénophobie,exclusion,hardcase,racisme,0.85,,585,1,,2026-08-22T17:06:15
rxa_0954,gemini,gemini-3.5-flash-lite,xénophobie,haine_implicite,hardcase,xenophobie,0.55,,544,1,,2026-08-22T17:06:20
rxa_0415,gemini,gemini-3.5-flash-lite,racisme,haine_explicite,generation_originale,xenophobie,0.65,,616,1,,2026-08-22T17:06:25
rxa_0043,gemini,gemini-3.5-flash-lite,racisme,haine_implicite,tri_manuel,xenophobie,0.6,,531,1,,2026-08-22T17:06:30
rxa_0131,gemini,gemini-3.5-flash-lite,racisme,stereotype,tri_manuel,xenophobie,0.5,,548,1,,2026-08-22T17:06:35
rxa_1159,gemini,gemini-3.5-flash-lite,antisémitisme,haine_explicite,generation_originale,antisemitisme,1.0,,605,1,,2026-08-22T17:06:40
rxa_1348,gemini,gemini-3.5-flash-lite,antisémitisme,haine_implicite,hardcase,xenophobie,0.55,,550,1,,2026-08-22T17:06:45
rxa_1408,gemini,gemini-3.5-flash-lite,antisémitisme,sarcasme,hardcase,antisemitisme,0.85,,524,1,,2026-08-22T17:06:50
rxa_0715,gemini,gemini-3.5-flash-lite,xénophobie,haine_explicite,generation_originale,xenophobie,0.95,,493,1,,2026-08-22T17:06:55
rxa_0394,gemini,gemini-3.5-flash-lite,antisémitisme,haine_explicite,tri_manuel,antisemitisme,1.0,,511,1,,2026-08-22T17:07:00
rxa_1387,gemini,gemini-3.5-flash-lite,antisémitisme,ambigu,hardcase,racisme,0.5,,677,1,,2026-08-22T17:07:05
rxa_0014,gemini,gemini-3.5-flash-lite,racisme,hostilite_religieuse,tri_manuel,xenophobie,0.6,,550,1,,2026-08-22T17:07:10
rxa_1337,gemini,gemini-3.5-flash-lite,antisémitisme,haine_implicite,hardcase,antisemitisme,0.85,,543,1,,2026-08-22T17:07:15
rxa_1261,gemini,gemini-3.5-flash-lite,antisémitisme,sarcasme,generation_originale,antisemitisme,0.72,,603,1,,2026-08-22T17:07:20
rxa_1218,gemini,gemini-3.5-flash-lite,antisémitisme,haine_implicite,generation_originale,antisemitisme,0.65,,551,1,,2026-08-22T17:07:25
rxa_0098,gemini,gemini-3.5-flash-lite,racisme,stereotype,tri_manuel,racisme,0.85,,513,1,,2026-08-22T17:07:29
rxa_1338,gemini,gemini-3.5-flash-lite,antisémitisme,ambigu,hardcase,antisemitisme,0.51,,523,1,,2026-08-22T17:07:34
rxa_1193,gemini,gemini-3.5-flash-lite,antisémitisme,haine_implicite,generation_originale,antisemitisme,0.85,,483,1,,2026-08-22T17:07:39
rxa_0429,gemini,gemini-3.5-flash-lite,racisme,haine_explicite,generation_originale,xenophobie,0.8,,490,1,,2026-08-22T17:07:44
rxa_1297,gemini,gemini-3.5-flash-lite,antisémitisme,stereotype,hardcase,antisemitisme,0.95,,549,1,,2026-08-22T17:07:49
rxa_1347,gemini,gemini-3.5-flash-lite,antisémitisme,ambigu,hardcase,antisemitisme,0.6,,482,1,,2026-08-22T17:07:54
rxa_0231,gemini,gemini-3.5-flash-lite,racisme,haine_explicite,tri_manuel,racisme,0.95,,577,1,,2026-08-22T17:07:59
rxa_0814,gemini,gemini-3.5-flash-lite,xénophobie,ambigu,generation_originale,xenophobie,0.85,,568,1,,2026-08-22T17:08:04
rxa_0585,gemini,gemini-3.5-flash-lite,xénophobie,haine_implicite,transfert_racisme_xenophobie,xenophobie,0.95,,531,1,,2026-08-22T17:08:09
rxa_0917,gemini,gemini-3.5-flash-lite,xénophobie,sarcasme,hardcase,xenophobie,0.85,,603,1,,2026-08-22T17:08:14
rxa_0047,gemini,gemini-3.5-flash-lite,racisme,exclusion,tri_manuel,xenophobie,0.85,,642,1,,2026-08-22T17:08:19
rxa_0142,gemini,gemini-3.5-flash-lite,racisme,haine_explicite,tri_manuel,xenophobie,0.75,,566,1,,2026-08-22T17:08:24
rxa_0174,gemini,gemini-3.5-flash-lite,racisme,haine_explicite,tri_manuel,racisme,1.0,,546,1,,2026-08-22T17:08:29
rxa_0278,gemini,gemini-3.5-flash-lite,racisme,haine_implicite,tri_manuel,racisme,0.85,,614,1,,2026-08-22T17:08:34
rxa_0563,gemini,gemini-3.5-flash-lite,xénophobie,haine_explicite,transfert_racisme_xenophobie,xenophobie,0.95,,660,1,,2026-08-22T17:08:39
rxa_1072,gemini,gemini-3.5-flash-lite,antisémitisme,stereotype,transfert_racisme_antisemitisme,antisemitisme,0.98,,554,1,,2026-08-22T17:08:44
rxa_1426,gemini,gemini-3.5-flash-lite,racisme,haine_explicite,generation_complement,racisme,0.99,,542,1,,2026-08-22T17:08:49
rxa_1164,gemini,gemini-3.5-flash-lite,antisémitisme,haine_explicite,generation_originale,antisemitisme,1.0,,541,1,,2026-08-22T17:08:54
rxa_0797,gemini,gemini-3.5-flash-lite,xénophobie,dog_whistle,generation_originale,xenophobie,0.85,,475,1,,2026-08-22T17:08:59
rxa_1284,gemini,gemini-3.5-flash-lite,antisémitisme,dog_whistle,generation_originale,antisemitisme,0.85,,486,1,,2026-08-22T17:09:04
rxa_0091,gemini,gemini-3.5-flash-lite,xénophobie,haine_implicite,tri_manuel,xenophobie,0.95,,473,1,,2026-08-22T17:09:09
rxa_0549,gemini,gemini-3.5-flash-lite,xénophobie,haine_explicite,transfert_racisme_xenophobie,xenophobie,0.95,,577,1,,2026-08-22T17:09:14
rxa_0186,gemini,gemini-3.5-flash-lite,racisme,stereotype,tri_manuel,racisme,0.95,,492,1,,2026-08-22T17:09:19
rxa_0808,gemini,gemini-3.5-flash-lite,xénophobie,dog_whistle,generation_originale,xenophobie,0.85,,520,1,,2026-08-22T17:09:23
rxa_1052,gemini,gemini-3.5-flash-lite,antisémitisme,stereotype,transfert_racisme_antisemitisme,antisemitisme,0.95,,529,1,,2026-08-22T17:09:28
rxa_0361,gemini,gemini-3.5-flash-lite,racisme,haine_explicite,tri_manuel,racisme,0.98,,548,1,,2026-08-22T17:09:33
rxa_1255,gemini,gemini-3.5-flash-lite,antisémitisme,stereotype,generation_originale,antisemitisme,0.85,,472,1,,2026-08-22T17:09:38
rxa_1272,gemini,gemini-3.5-flash-lite,antisémitisme,dog_whistle,generation_originale,antisemitisme,0.85,,498,1,,2026-08-22T17:09:43
rxa_0656,gemini,gemini-3.5-flash-lite,xénophobie,ambigu,transfert_racisme_xenophobie,xenophobie,0.85,,513,1,,2026-08-22T17:09:48
rxa_1320,gemini,gemini-3.5-flash-lite,antisémitisme,haine_implicite,hardcase,antisemitisme,0.8,,548,1,,2026-08-22T17:09:53
rxa_0053,gemini,gemini-3.5-flash-lite,racisme,stereotype,tri_manuel,xenophobie,0.65,,546,1,,2026-08-22T17:09:58
rxa_0340,gemini,gemini-3.5-flash-lite,racisme,sarcasme,tri_manuel,racisme,0.99,,605,1,,2026-08-22T17:10:03
rxa_0716,gemini,gemini-3.5-flash-lite,xénophobie,haine_implicite,generation_originale,xenophobie,0.85,,604,1,,2026-08-22T17:10:08
rxa_0696,gemini,gemini-3.5-flash-lite,xénophobie,haine_explicite,generation_originale,xenophobie,0.95,,599,1,,2026-08-22T17:10:13
rxa_1378,gemini,gemini-3.5-flash-lite,antisémitisme,ambigu,hardcase,xenophobie,0.55,,509,1,,2026-08-22T17:10:18
rxa_1485,gemini,gemini-3.5-flash-lite,xénophobie,haine_explicite,generation_complement,xenophobie,0.95,,525,1,,2026-08-22T17:10:23
rxa_0293,gemini,gemini-3.5-flash-lite,racisme,haine_implicite,tri_manuel,racisme,0.95,,548,1,,2026-08-22T17:10:28
rxa_0713,gemini,gemini-3.5-flash-lite,xénophobie,haine_explicite,generation_originale,xenophobie,0.95,,491,1,,2026-08-22T17:10:33
rxa_0694,gemini,gemini-3.5-flash-lite,xénophobie,haine_explicite,generation_originale,xenophobie,0.99,,540,1,,2026-08-22T17:10:38
rxa_0306,gemini,gemini-3.5-flash-lite,racisme,haine_explicite,tri_manuel,racisme,0.95,,640,1,,2026-08-22T17:10:43
rxa_0578,gemini,gemini-3.5-flash-lite,xénophobie,haine_implicite,transfert_racisme_xenophobie,xenophobie,0.85,,608,1,,2026-08-22T17:10:48
rxa_1472,gemini,gemini-3.5-flash-lite,racisme,dog_whistle,generation_complement,xenophobie,0.85,,489,1,,2026-08-22T17:10:53
rxa_0970,gemini,gemini-3.5-flash-lite,antisémitisme,exclusion,transfert_racisme_antisemitisme,antisemitisme,0.95,,630,1,,2026-08-22T17:10:58
rxa_0947,gemini,gemini-3.5-flash-lite,xénophobie,ambigu,hardcase,xenophobie,0.85,,510,1,,2026-08-22T17:11:03
rxa_0648,gemini,gemini-3.5-flash-lite,xénophobie,dog_whistle,transfert_racisme_xenophobie,xenophobie,0.95,,563,1,,2026-08-22T17:11:08
rxa_1318,gemini,gemini-3.5-flash-lite,antisémitisme,haine_implicite,hardcase,antisemitisme,0.75,,573,1,,2026-08-22T17:11:13
rxa_1416,gemini,gemini-3.5-flash-lite,antisémitisme,ambigu,hardcase,antisemitisme,0.85,,506,1,,2026-08-22T17:11:17
rxa_1187,gemini,gemini-3.5-flash-lite,antisémitisme,haine_explicite,generation_originale,antisemitisme,1.0,,710,1,,2026-08-22T17:11:23
rxa_0699,gemini,gemini-3.5-flash-lite,xénophobie,haine_explicite,generation_originale,xenophobie,0.95,,546,1,,2026-08-22T17:11:28
rxa_0284,gemini,gemini-3.5-flash-lite,racisme,haine_implicite,tri_manuel,racisme,0.85,,554,1,,2026-08-22T17:11:33
rxa_1075,gemini,gemini-3.5-flash-lite,antisémitisme,exclusion,transfert_racisme_antisemitisme,antisemitisme,0.95,,626,1,,2026-08-22T17:11:38
rxa_0100,gemini,gemini-3.5-flash-lite,racisme,haine_explicite,tri_manuel,racisme,0.85,,557,1,,2026-08-22T17:11:43
rxa_1044,gemini,gemini-3.5-flash-lite,antisémitisme,stereotype,transfert_racisme_antisemitisme,antisemitisme,1.0,,498,1,,2026-08-22T17:11:47
rxa_0882,gemini,gemini-3.5-flash-lite,xénophobie,haine_implicite,hardcase,xenophobie,0.65,,498,1,,2026-08-22T17:11:52
rxa_0148,gemini,gemini-3.5-flash-lite,racisme,hostilite_religieuse,tri_manuel,racisme,0.85,,520,1,,2026-08-22T17:11:57
rxa_0057,gemini,gemini-3.5-flash-lite,racisme,stereotype,tri_manuel,racisme,0.85,,494,1,,2026-08-22T17:12:02
rxa_1389,gemini,gemini-3.5-flash-lite,antisémitisme,stereotype,hardcase,antisemitisme,0.85,,625,1,,2026-08-22T17:12:07
rxa_1142,gemini,gemini-3.5-flash-lite,antisémitisme,haine_explicite,transfert_racisme_antisemitisme,antisemitisme,1.0,,545,1,,2026-08-22T17:12:12
rxa_0066,gemini,gemini-3.5-flash-lite,racisme,stereotype,tri_manuel,antisemitisme,0.8,,561,1,,2026-08-22T17:12:17
rxa_0220,gemini,gemini-3.5-flash-lite,racisme,haine_explicite,tri_manuel,racisme,0.99,,501,1,,2026-08-22T17:12:22
rxa_1315,gemini,gemini-3.5-flash-lite,antisémitisme,haine_implicite,hardcase,antisemitisme,0.85,,633,1,,2026-08-22T17:12:27
rxa_0168,gemini,gemini-3.5-flash-lite,racisme,haine_explicite,tri_manuel,racisme,0.99,,497,1,,2026-08-22T17:12:32
rxa_1031,gemini,gemini-3.5-flash-lite,antisémitisme,exclusion,transfert_racisme_antisemitisme,antisemitisme,0.95,,518,1,,2026-08-22T17:12:37
rxa_1096,gemini,gemini-3.5-flash-lite,antisémitisme,haine_explicite,transfert_racisme_antisemitisme,antisemitisme,1.0,,553,1,,2026-08-22T17:12:42
rxa_1386,gemini,gemini-3.5-flash-lite,antisémitisme,haine_implicite,hardcase,antisemitisme,0.85,,567,1,,2026-08-22T17:12:47
rxa_0135,gemini,gemini-3.5-flash-lite,racisme,stereotype,tri_manuel,racisme,0.85,,481,1,,2026-08-22T17:12:52
rxa_1409,gemini,gemini-3.5-flash-lite,antisémitisme,stereotype,hardcase,antisemitisme,0.85,,598,1,,2026-08-22T17:12:57
rxa_1431,gemini,gemini-3.5-flash-lite,racisme,haine_implicite,generation_complement,racisme,0.85,,553,1,,2026-08-22T17:13:02
rxa_0785,gemini,gemini-3.5-flash-lite,xénophobie,sarcasme,generation_originale,xenophobie,0.95,,550,1,,2026-08-22T17:13:07
rxa_0077,gemini,gemini-3.5-flash-lite,racisme,haine_implicite,tri_manuel,xenophobie,0.6,,544,1,,2026-08-22T17:13:12
rxa_0757,gemini,gemini-3.5-flash-lite,xénophobie,stereotype,generation_originale,xenophobie,0.95,,560,1,,2026-08-22T17:13:17
rxa_1464,gemini,gemini-3.5-flash-lite,racisme,sarcasme,generation_complement,racisme,0.85,,546,1,,2026-08-22T17:13:22
rxa_1043,gemini,gemini-3.5-flash-lite,antisémitisme,stereotype,transfert_racisme_antisemitisme,antisemitisme,1.0,,502,1,,2026-08-22T17:13:27
rxa_0674,gemini,gemini-3.5-flash-lite,xénophobie,haine_explicite,generation_originale,xenophobie,0.99,,554,1,,2026-08-22T17:13:31
rxa_0395,gemini,gemini-3.5-flash-lite,racisme,haine_explicite,tri_manuel,racisme,0.95,,557,1,,2026-08-22T17:13:36
rxa_0223,gemini,gemini-3.5-flash-lite,antisémitisme,haine_explicite,tri_manuel,antisemitisme,1.0,,482,1,,2026-08-22T17:13:41
rxa_0936,gemini,gemini-3.5-flash-lite,xénophobie,haine_implicite,hardcase,xenophobie,0.3,,570,1,,2026-08-22T17:13:46
rxa_1477,gemini,gemini-3.5-flash-lite,racisme,ambigu,generation_complement,xenophobie,0.85,,561,1,,2026-08-22T17:13:51
rxa_0219,gemini,gemini-3.5-flash-lite,racisme,haine_explicite,tri_manuel,racisme,0.95,,505,1,,2026-08-22T17:13:56
rxa_0197,gemini,gemini-3.5-flash-lite,racisme,haine_explicite,tri_manuel,racisme,0.99,,493,1,,2026-08-22T17:14:01
rxa_1342,gemini,gemini-3.5-flash-lite,antisémitisme,dog_whistle,hardcase,antisemitisme,0.8,,550,1,,2026-08-22T17:14:06
rxa_1086,gemini,gemini-3.5-flash-lite,antisémitisme,haine_explicite,transfert_racisme_antisemitisme,antisemitisme,1.0,,541,1,,2026-08-22T17:14:11
rxa_0595,gemini,gemini-3.5-flash-lite,xénophobie,haine_implicite,transfert_racisme_xenophobie,xenophobie,0.95,,494,1,,2026-08-22T17:14:16
rxa_1421,gemini,gemini-3.5-flash-lite,racisme,haine_explicite,generation_complement,racisme,0.95,,589,1,,2026-08-22T17:14:21
rxa_1070,gemini,gemini-3.5-flash-lite,antisémitisme,complotisme,transfert_racisme_antisemitisme,antisemitisme,0.85,,690,1,,2026-08-22T17:14:26
rxa_0213,gemini,gemini-3.5-flash-lite,xénophobie,dog_whistle,tri_manuel,xenophobie,0.95,,550,1,,2026-08-22T17:14:31
rxa_0905,gemini,gemini-3.5-flash-lite,xénophobie,dog_whistle,hardcase,xenophobie,0.6,,495,1,,2026-08-22T17:14:36
rxa_1104,gemini,gemini-3.5-flash-lite,antisémitisme,haine_explicite,transfert_racisme_antisemitisme,antisemitisme,1.0,,546,1,,2026-08-22T17:14:41
rxa_0593,gemini,gemini-3.5-flash-lite,xénophobie,haine_implicite,transfert_racisme_xenophobie,xenophobie,0.95,,562,1,,2026-08-22T17:14:46
rxa_0762,gemini,gemini-3.5-flash-lite,xénophobie,stereotype,generation_originale,xenophobie,0.95,,598,1,,2026-08-22T17:14:51
rxa_0406,gemini,gemini-3.5-flash-lite,antisémitisme,haine_explicite,tri_manuel,antisemitisme,1.0,,472,1,,2026-08-22T17:14:56
rxa_1393,gemini,gemini-3.5-flash-lite,antisémitisme,haine_implicite,hardcase,xenophobie,0.55,,655,1,,2026-08-22T17:15:01
rxa_0666,gemini,gemini-3.5-flash-lite,xénophobie,ambigu,transfert_racisme_xenophobie,xenophobie,0.85,,634,1,,2026-08-22T17:15:06
rxa_1060,gemini,gemini-3.5-flash-lite,antisémitisme,complotisme,transfert_racisme_antisemitisme,antisemitisme,1.0,,616,1,,2026-08-22T17:15:11
rxa_0619,gemini,gemini-3.5-flash-lite,xénophobie,sarcasme,transfert_racisme_xenophobie,xenophobie,0.85,,565,1,,2026-08-22T17:15:16
rxa_0123,gemini,gemini-3.5-flash-lite,racisme,stereotype,tri_manuel,xenophobie,0.85,,517,1,,2026-08-22T17:15:21
rxa_0357,gemini,gemini-3.5-flash-lite,racisme,haine_explicite,tri_manuel,racisme,0.99,,524,1,,2026-08-22T17:15:26
rxa_0110,gemini,gemini-3.5-flash-lite,racisme,stereotype,tri_manuel,racisme,0.85,,501,1,,2026-08-22T17:15:31
rxa_0379,gemini,gemini-3.5-flash-lite,racisme,haine_explicite,tri_manuel,racisme,0.95,,569,1,,2026-08-22T17:15:36
rxa_0292,gemini,gemini-3.5-flash-lite,racisme,haine_implicite,tri_manuel,racisme,0.95,,521,1,,2026-08-22T17:15:41
rxa_0842,gemini,gemini-3.5-flash-lite,xénophobie,sarcasme,hardcase,xenophobie,0.85,,600,1,,2026-08-22T17:15:46
rxa_0885,gemini,gemini-3.5-flash-lite,xénophobie,haine_implicite,hardcase,xenophobie,0.95,,494,1,,2026-08-22T17:15:51
rxa_0510,gemini,gemini-3.5-flash-lite,racisme,sarcasme,generation_originale,xenophobie,0.85,,548,1,,2026-08-22T17:15:55
rxa_0250,gemini,gemini-3.5-flash-lite,racisme,haine_implicite,tri_manuel,xenophobie,0.95,,607,1,,2026-08-22T17:16:01
rxa_0484,gemini,gemini-3.5-flash-lite,racisme,stereotype,generation_originale,racisme,0.95,,530,1,,2026-08-22T17:16:05
rxa_0935,gemini,gemini-3.5-flash-lite,xénophobie,haine_implicite,hardcase,antisemitisme,0.82,,520,1,,2026-08-22T17:16:10
rxa_0546,gemini,gemini-3.5-flash-lite,xénophobie,haine_explicite,transfert_racisme_xenophobie,xenophobie,0.95,,647,1,,2026-08-22T17:16:15
rxa_1215,gemini,gemini-3.5-flash-lite,antisémitisme,haine_implicite,generation_originale,antisemitisme,0.8,,627,1,,2026-08-22T17:16:20
rxa_0625,gemini,gemini-3.5-flash-lite,xénophobie,sarcasme,transfert_racisme_xenophobie,xenophobie,0.85,,634,1,,2026-08-22T17:16:26
rxa_0324,gemini,gemini-3.5-flash-lite,xénophobie,dog_whistle,tri_manuel,xenophobie,0.8,,648,1,,2026-08-22T17:16:31
rxa_1010,gemini,gemini-3.5-flash-lite,antisémitisme,stereotype,transfert_racisme_antisemitisme,antisemitisme,1.0,,554,1,,2026-08-22T17:16:36
rxa_1083,gemini,gemini-3.5-flash-lite,antisémitisme,stereotype,transfert_racisme_antisemitisme,antisemitisme,0.85,,666,1,,2026-08-22T17:16:41
rxa_0233,gemini,gemini-3.5-flash-lite,racisme,haine_explicite,tri_manuel,racisme,1.0,,510,1,,2026-08-22T17:16:46
rxa_0010,gemini,gemini-3.5-flash-lite,racisme,stereotype,tri_manuel,racisme,0.85,,575,1,,2026-08-22T17:16:51
rxa_0238,gemini,gemini-3.5-flash-lite,racisme,haine_explicite,tri_manuel,racisme,1.0,,586,1,,2026-08-22T17:16:56
rxa_0289,gemini,gemini-3.5-flash-lite,xénophobie,haine_implicite,tri_manuel,xenophobie,0.95,,655,1,,2026-08-22T17:17:01
rxa_1197,gemini,gemini-3.5-flash-lite,antisémitisme,haine_implicite,generation_originale,antisemitisme,0.85,,550,1,,2026-08-22T17:17:06
rxa_0831,gemini,gemini-3.5-flash-lite,xénophobie,haine_implicite,hardcase,xenophobie,0.95,,666,1,,2026-08-22T17:17:11
rxa_0444,gemini,gemini-3.5-flash-lite,racisme,haine_explicite,generation_originale,racisme,0.95,,633,1,,2026-08-22T17:17:16
rxa_0547,gemini,gemini-3.5-flash-lite,xénophobie,haine_explicite,transfert_racisme_xenophobie,xenophobie,0.95,,641,1,,2026-08-22T17:17:21
rxa_0258,gemini,gemini-3.5-flash-lite,racisme,haine_explicite,tri_manuel,racisme,0.95,,644,1,,2026-08-22T17:17:26
rxa_1365,gemini,gemini-3.5-flash-lite,antisémitisme,dog_whistle,hardcase,antisemitisme,0.85,,568,1,,2026-08-22T17:17:31
rxa_1243,gemini,gemini-3.5-flash-lite,antisémitisme,stereotype,generation_originale,antisemitisme,0.8,,634,1,,2026-08-22T17:17:36
rxa_0179,gemini,gemini-3.5-flash-lite,xénophobie,dog_whistle,tri_manuel,xenophobie,0.85,,520,1,,2026-08-22T17:17:41
rxa_0195,gemini,gemini-3.5-flash-lite,racisme,haine_explicite,tri_manuel,racisme,0.95,,644,1,,2026-08-22T17:17:46
rxa_1040,gemini,gemini-3.5-flash-lite,antisémitisme,haine_explicite,transfert_racisme_antisemitisme,antisemitisme,1.0,,574,1,,2026-08-22T17:17:51
rxa_0914,gemini,gemini-3.5-flash-lite,xénophobie,sarcasme,hardcase,xenophobie,0.85,,532,1,,2026-08-22T17:17:56
rxa_0241,gemini,gemini-3.5-flash-lite,racisme,haine_explicite,tri_manuel,racisme,0.99,,559,1,,2026-08-22T17:18:01
rxa_1495,gemini,gemini-3.5-flash-lite,xénophobie,dog_whistle,generation_complement,xenophobie,0.85,,574,1,,2026-08-22T17:18:06
rxa_0847,gemini,gemini-3.5-flash-lite,xénophobie,dog_whistle,hardcase,xenophobie,0.95,,530,1,,2026-08-22T17:18:11
rxa_0810,gemini,gemini-3.5-flash-lite,xénophobie,dog_whistle,generation_originale,xenophobie,0.85,,518,1,,2026-08-22T17:18:16
rxa_0302,gemini,gemini-3.5-flash-lite,racisme,haine_explicite,tri_manuel,racisme,0.95,,661,1,,2026-08-22T17:18:21
rxa_1326,gemini,gemini-3.5-flash-lite,antisémitisme,ambigu,hardcase,racisme,0.65,,515,1,,2026-08-22T17:18:26
rxa_0430,gemini,gemini-3.5-flash-lite,racisme,haine_explicite,generation_originale,racisme,0.95,,564,1,,2026-08-22T17:18:31
rxa_1097,gemini,gemini-3.5-flash-lite,antisémitisme,haine_explicite,transfert_racisme_antisemitisme,antisemitisme,1.0,,576,1,,2026-08-22T17:18:36
rxa_0408,gemini,gemini-3.5-flash-lite,racisme,haine_explicite,tri_manuel,racisme,1.0,,576,1,,2026-08-22T17:18:41
rxa_1203,gemini,gemini-3.5-flash-lite,antisémitisme,haine_implicite,generation_originale,antisemitisme,0.85,,501,1,,2026-08-22T17:18:45
rxa_0172,gemini,gemini-3.5-flash-lite,racisme,stereotype,tri_manuel,racisme,0.95,,595,1,,2026-08-22T17:18:50
rxa_0773,gemini,gemini-3.5-flash-lite,xénophobie,stereotype,generation_originale,xenophobie,0.95,,604,1,,2026-08-22T17:18:55
rxa_0350,gemini,gemini-3.5-flash-lite,antisémitisme,haine_explicite,tri_manuel,antisemitisme,0.95,,674,1,,2026-08-22T17:19:01
rxa_0860,gemini,gemini-3.5-flash-lite,xénophobie,exclusion,hardcase,xenophobie,0.85,,524,1,,2026-08-22T17:19:06
rxa_0088,gemini,gemini-3.5-flash-lite,racisme,haine_implicite,tri_manuel,racisme,0.85,,554,1,,2026-08-22T17:19:10
rxa_0431,gemini,gemini-3.5-flash-lite,racisme,haine_explicite,generation_originale,racisme,0.95,,513,1,,2026-08-22T17:19:15
rxa_0509,gemini,gemini-3.5-flash-lite,racisme,sarcasme,generation_originale,xenophobie,0.85,,641,1,,2026-08-22T17:19:20
rxa_0133,gemini,gemini-3.5-flash-lite,racisme,stereotype,tri_manuel,xenophobie,0.85,,503,1,,2026-08-22T17:19:25
rxa_0553,gemini,gemini-3.5-flash-lite,xénophobie,haine_explicite,transfert_racisme_xenophobie,xenophobie,0.98,,583,1,,2026-08-22T17:19:30
rxa_0841,gemini,gemini-3.5-flash-lite,xénophobie,sarcasme,hardcase,xenophobie,0.9,,512,1,,2026-08-22T17:19:35
rxa_0322,gemini,gemini-3.5-flash-lite,antisémitisme,haine_explicite,tri_manuel,antisemitisme,1.0,,582,1,,2026-08-22T17:19:40
rxa_0038,gemini,gemini-3.5-flash-lite,racisme,haine_implicite,tri_manuel,xenophobie,0.5,,502,1,,2026-08-22T17:19:45
rxa_1024,gemini,gemini-3.5-flash-lite,antisémitisme,complotisme,transfert_racisme_antisemitisme,antisemitisme,1.0,,524,1,,2026-08-22T17:19:50
rxa_1432,gemini,gemini-3.5-flash-lite,racisme,haine_implicite,generation_complement,racisme,0.95,,662,1,,2026-08-22T17:19:55
rxa_0055,gemini,gemini-3.5-flash-lite,racisme,exclusion,tri_manuel,xenophobie,0.85,,588,1,,2026-08-22T17:20:00
rxa_0875,gemini,gemini-3.5-flash-lite,xénophobie,haine_implicite,hardcase,racisme,0.6,,628,1,,2026-08-22T17:20:05
rxa_1074,gemini,gemini-3.5-flash-lite,antisémitisme,exclusion,transfert_racisme_antisemitisme,antisemitisme,0.98,,600,1,,2026-08-22T17:20:10
rxa_0819,gemini,gemini-3.5-flash-lite,xénophobie,ambigu,generation_originale,xenophobie,0.85,,518,1,,2026-08-22T17:20:15
rxa_0025,gemini,gemini-3.5-flash-lite,racisme,haine_explicite,tri_manuel,xenophobie,0.85,,575,1,,2026-08-22T17:20:20
rxa_0000,gemini,gemini-3.5-flash-lite,racisme,stereotype,tri_manuel,racisme,0.95,,583,1,,2026-08-22T17:20:25
rxa_1049,gemini,gemini-3.5-flash-lite,antisémitisme,stereotype,transfert_racisme_antisemitisme,antisemitisme,0.95,,582,1,,2026-08-22T17:20:30
rxa_1054,gemini,gemini-3.5-flash-lite,antisémitisme,hostilite_religieuse,transfert_racisme_antisemitisme,antisemitisme,0.95,,588,1,,2026-08-22T17:20:35
rxa_1120,gemini,gemini-3.5-flash-lite,antisémitisme,haine_explicite,transfert_racisme_antisemitisme,antisemitisme,1.0,,568,1,,2026-08-22T17:20:40
rxa_1067,gemini,gemini-3.5-flash-lite,antisémitisme,complotisme,transfert_racisme_antisemitisme,antisemitisme,1.0,,623,1,,2026-08-22T17:20:45
rxa_0677,gemini,gemini-3.5-flash-lite,xénophobie,haine_explicite,generation_originale,xenophobie,0.95,,633,1,,2026-08-22T17:20:50
rxa_0542,gemini,gemini-3.5-flash-lite,xénophobie,haine_explicite,transfert_racisme_xenophobie,xenophobie,0.95,,536,1,,2026-08-22T17:20:55
rxa_0991,gemini,gemini-3.5-flash-lite,antisémitisme,stereotype,transfert_racisme_antisemitisme,antisemitisme,1.0,,547,1,,2026-08-22T17:21:00
rxa_1263,gemini,gemini-3.5-flash-lite,antisémitisme,sarcasme,generation_originale,antisemitisme,0.95,,550,1,,2026-08-22T17:21:05
rxa_0891,gemini,gemini-3.5-flash-lite,xénophobie,haine_implicite,hardcase,xenophobie,0.85,,516,1,,2026-08-22T17:21:10
rxa_0681,gemini,gemini-3.5-flash-lite,xénophobie,haine_explicite,generation_originale,xenophobie,0.99,,532,1,,2026-08-22T17:21:15
rxa_1032,gemini,gemini-3.5-flash-lite,antisémitisme,haine_implicite,transfert_racisme_antisemitisme,antisemitisme,0.95,,628,1,,2026-08-22T17:21:20
rxa_0720,gemini,gemini-3.5-flash-lite,xénophobie,haine_implicite,generation_originale,xenophobie,0.85,,547,1,,2026-08-22T17:21:25
rxa_1276,gemini,gemini-3.5-flash-lite,antisémitisme,dog_whistle,generation_originale,antisemitisme,0.85,,558,1,,2026-08-22T17:21:30
rxa_0420,gemini,gemini-3.5-flash-lite,racisme,haine_explicite,generation_originale,racisme,1.0,,507,1,,2026-08-22T17:21:35
rxa_1250,gemini,gemini-3.5-flash-lite,antisémitisme,stereotype,generation_originale,antisemitisme,0.8,,586,1,,2026-08-22T17:21:40
rxa_0615,gemini,gemini-3.5-flash-lite,xénophobie,exclusion,transfert_racisme_xenophobie,xenophobie,0.95,,567,1,,2026-08-22T17:21:45
rxa_0983,gemini,gemini-3.5-flash-lite,antisémitisme,stereotype,transfert_racisme_antisemitisme,antisemitisme,0.85,,585,1,,2026-08-22T17:21:50
rxa_0173,gemini,gemini-3.5-flash-lite,racisme,haine_explicite,tri_manuel,racisme,0.95,,592,1,,2026-08-22T17:21:55
rxa_1306,gemini,gemini-3.5-flash-lite,antisémitisme,dog_whistle,hardcase,antisemitisme,0.95,,567,1,,2026-08-22T17:22:00
rxa_0232,gemini,gemini-3.5-flash-lite,xénophobie,dog_whistle,tri_manuel,xenophobie,0.95,,518,1,,2026-08-22T17:22:05
rxa_1375,gemini,gemini-3.5-flash-lite,antisémitisme,stereotype,hardcase,antisemitisme,0.85,,516,1,,2026-08-22T17:22:10
rxa_0969,gemini,gemini-3.5-flash-lite,antisémitisme,exclusion,transfert_racisme_antisemitisme,antisemitisme,0.95,,577,1,,2026-08-22T17:22:15
rxa_0493,gemini,gemini-3.5-flash-lite,racisme,stereotype,generation_originale,racisme,0.85,,533,1,,2026-08-22T17:22:19
rxa_0772,gemini,gemini-3.5-flash-lite,xénophobie,stereotype,generation_originale,xenophobie,0.95,,514,1,,2026-08-22T17:22:24
rxa_1461,gemini,gemini-3.5-flash-lite,racisme,sarcasme,generation_complement,xenophobie,0.6,,635,1,,2026-08-22T17:22:29
rxa_1208,gemini,gemini-3.5-flash-lite,antisémitisme,haine_implicite,generation_originale,antisemitisme,0.8,,518,1,,2026-08-22T17:22:34
rxa_0755,gemini,gemini-3.5-flash-lite,xénophobie,haine_implicite,generation_originale,xenophobie,0.85,,539,1,,2026-08-22T17:22:39
rxa_1256,gemini,gemini-3.5-flash-lite,antisémitisme,stereotype,generation_originale,antisemitisme,0.85,,489,1,,2026-08-22T17:22:44
rxa_0944,gemini,gemini-3.5-flash-lite,xénophobie,haine_implicite,hardcase,racisme,0.85,,675,1,,2026-08-22T17:22:49
rxa_0421,gemini,gemini-3.5-flash-lite,racisme,haine_explicite,generation_originale,racisme,0.95,,516,1,,2026-08-22T17:22:54
rxa_0103,gemini,gemini-3.5-flash-lite,racisme,haine_explicite,tri_manuel,racisme,0.85,,557,1,,2026-08-22T17:22:59
rxa_1090,gemini,gemini-3.5-flash-lite,antisémitisme,haine_explicite,transfert_racisme_antisemitisme,antisemitisme,0.99,,566,1,,2026-08-22T17:23:04
rxa_0864,gemini,gemini-3.5-flash-lite,xénophobie,exclusion,hardcase,racisme,0.85,,571,1,,2026-08-22T17:23:09
rxa_1012,gemini,gemini-3.5-flash-lite,antisémitisme,hostilite_religieuse,transfert_racisme_antisemitisme,antisemitisme,0.95,,589,1,,2026-08-22T17:23:14
rxa_1436,gemini,gemini-3.5-flash-lite,racisme,haine_implicite,generation_complement,racisme,0.85,,569,1,,2026-08-22T17:23:19
rxa_1295,gemini,gemini-3.5-flash-lite,antisémitisme,ambigu,generation_originale,antisemitisme,0.85,,516,1,,2026-08-22T17:23:24
rxa_0453,gemini,gemini-3.5-flash-lite,racisme,haine_implicite,generation_originale,xenophobie,0.55,,554,1,,2026-08-22T17:23:29
rxa_1497,gemini,gemini-3.5-flash-lite,xénophobie,stereotype,generation_complement,xenophobie,0.85,,523,1,,2026-08-22T17:23:34
rxa_0198,gemini,gemini-3.5-flash-lite,racisme,haine_implicite,tri_manuel,racisme,0.85,,522,1,,2026-08-22T17:23:39
rxa_0556,gemini,gemini-3.5-flash-lite,xénophobie,haine_explicite,transfert_racisme_xenophobie,xenophobie,0.99,,557,1,,2026-08-22T17:23:44
rxa_0967,gemini,gemini-3.5-flash-lite,antisémitisme,hostilite_religieuse,transfert_racisme_antisemitisme,antisemitisme,0.95,,601,1,,2026-08-22T17:23:49
rxa_1053,gemini,gemini-3.5-flash-lite,antisémitisme,stereotype,transfert_racisme_antisemitisme,antisemitisme,0.95,,530,1,,2026-08-22T17:23:54
rxa_0981,gemini,gemini-3.5-flash-lite,antisémitisme,hostilite_religieuse,transfert_racisme_antisemitisme,antisemitisme,0.95,,567,1,,2026-08-22T17:23:59
rxa_0703,gemini,gemini-3.5-flash-lite,xénophobie,haine_explicite,generation_originale,xenophobie,0.95,,568,1,,2026-08-22T17:24:04
rxa_0907,gemini,gemini-3.5-flash-lite,xénophobie,dog_whistle,hardcase,xenophobie,0.85,,505,1,,2026-08-22T17:24:09
rxa_0520,gemini,gemini-3.5-flash-lite,racisme,dog_whistle,generation_originale,xenophobie,0.85,,530,1,,2026-08-22T17:24:14
rxa_0544,gemini,gemini-3.5-flash-lite,xénophobie,haine_explicite,transfert_racisme_xenophobie,racisme,0.95,,548,1,,2026-08-22T17:24:19
rxa_1112,gemini,gemini-3.5-flash-lite,antisémitisme,haine_explicite,transfert_racisme_antisemitisme,antisemitisme,1.0,,554,1,,2026-08-22T17:24:23
rxa_0011,gemini,gemini-3.5-flash-lite,racisme,stereotype,tri_manuel,antisemitisme,0.6,,580,1,,2026-08-22T17:24:29
rxa_0738,gemini,gemini-3.5-flash-lite,xénophobie,haine_implicite,generation_originale,xenophobie,0.85,,546,1,,2026-08-22T17:24:33
rxa_0792,gemini,gemini-3.5-flash-lite,xénophobie,sarcasme,generation_originale,xenophobie,0.95,,527,1,,2026-08-22T17:24:38
rxa_0655,gemini,gemini-3.5-flash-lite,xénophobie,dog_whistle,transfert_racisme_xenophobie,xenophobie,0.85,,591,1,,2026-08-22T17:24:43
rxa_0097,gemini,gemini-3.5-flash-lite,racisme,stereotype,tri_manuel,racisme,0.85,,482,1,,2026-08-22T17:24:48
rxa_0387,gemini,gemini-3.5-flash-lite,racisme,haine_explicite,tri_manuel,racisme,1.0,,551,1,,2026-08-22T17:24:53
rxa_0158,gemini,gemini-3.5-flash-lite,racisme,haine_explicite,tri_manuel,racisme,0.95,,559,1,,2026-08-22T17:24:58
rxa_0896,gemini,gemini-3.5-flash-lite,xénophobie,haine_implicite,hardcase,xenophobie,0.95,,511,1,,2026-08-22T17:25:03
rxa_0974,gemini,gemini-3.5-flash-lite,antisémitisme,stereotype,transfert_racisme_antisemitisme,antisemitisme,0.95,,598,1,,2026-08-22T17:25:08
rxa_0609,gemini,gemini-3.5-flash-lite,xénophobie,exclusion,transfert_racisme_xenophobie,xenophobie,0.9,,612,1,,2026-08-22T17:25:13
rxa_0068,gemini,gemini-3.5-flash-lite,racisme,stereotype,tri_manuel,racisme,0.85,,674,1,,2026-08-22T17:25:18
rxa_0741,gemini,gemini-3.5-flash-lite,xénophobie,haine_implicite,generation_originale,xenophobie,0.85,,588,1,,2026-08-22T17:25:23
rxa_0236,gemini,gemini-3.5-flash-lite,racisme,haine_explicite,tri_manuel,racisme,0.95,,643,1,,2026-08-22T17:25:28
rxa_1434,gemini,gemini-3.5-flash-lite,racisme,haine_implicite,generation_complement,racisme,0.85,,515,1,,2026-08-22T17:25:33
rxa_0363,gemini,gemini-3.5-flash-lite,racisme,sarcasme,tri_manuel,racisme,0.99,,722,1,,2026-08-22T17:25:38
rxa_0850,gemini,gemini-3.5-flash-lite,xénophobie,dog_whistle,hardcase,xenophobie,0.9,,551,1,,2026-08-22T17:25:43
rxa_0389,gemini,gemini-3.5-flash-lite,racisme,haine_explicite,tri_manuel,racisme,0.99,,556,1,,2026-08-22T17:25:48
rxa_0863,gemini,gemini-3.5-flash-lite,xénophobie,exclusion,hardcase,xenophobie,0.85,,524,1,,2026-08-22T17:25:53
rxa_1448,gemini,gemini-3.5-flash-lite,racisme,stereotype,generation_complement,racisme,0.99,,634,1,,2026-08-22T17:25:58
rxa_0061,gemini,gemini-3.5-flash-lite,racisme,stereotype,tri_manuel,xenophobie,0.6,,572,1,,2026-08-22T17:26:03
rxa_0136,gemini,gemini-3.5-flash-lite,racisme,stereotype,tri_manuel,racisme,0.8,,563,1,,2026-08-22T17:26:08
rxa_0476,gemini,gemini-3.5-flash-lite,racisme,haine_implicite,generation_originale,xenophobie,0.4,,613,1,,2026-08-22T17:26:13
rxa_0631,gemini,gemini-3.5-flash-lite,xénophobie,sarcasme,transfert_racisme_xenophobie,xenophobie,0.95,,645,1,,2026-08-22T17:26:18
rxa_1417,gemini,gemini-3.5-flash-lite,racisme,haine_explicite,generation_complement,racisme,1.0,,616,1,,2026-08-22T17:26:23
rxa_0704,gemini,gemini-3.5-flash-lite,xénophobie,haine_explicite,generation_originale,xenophobie,0.98,,604,1,,2026-08-22T17:26:28
rxa_0252,gemini,gemini-3.5-flash-lite,racisme,haine_explicite,tri_manuel,racisme,0.99,,587,1,,2026-08-22T17:26:33
rxa_0927,gemini,gemini-3.5-flash-lite,xénophobie,ambigu,hardcase,xenophobie,0.95,,507,1,,2026-08-22T17:26:38
rxa_0128,gemini,gemini-3.5-flash-lite,xénophobie,dog_whistle,tri_manuel,xenophobie,0.6,,631,1,,2026-08-22T17:26:43
rxa_1298,gemini,gemini-3.5-flash-lite,antisémitisme,haine_implicite,hardcase,antisemitisme,0.85,,592,1,,2026-08-22T17:26:48
rxa_0203,gemini,gemini-3.5-flash-lite,racisme,haine_explicite,tri_manuel,racisme,0.95,,700,1,,2026-08-22T17:26:53
rxa_0999,gemini,gemini-3.5-flash-lite,antisémitisme,exclusion,transfert_racisme_antisemitisme,antisemitisme,0.95,,644,1,,2026-08-22T17:26:59
rxa_0029,gemini,gemini-3.5-flash-lite,racisme,hostilite_religieuse,tri_manuel,xenophobie,0.5,,579,1,,2026-08-22T17:27:04
rxa_0786,gemini,gemini-3.5-flash-lite,xénophobie,sarcasme,generation_originale,xenophobie,0.85,,599,1,,2026-08-22T17:27:09
rxa_0737,gemini,gemini-3.5-flash-lite,xénophobie,haine_implicite,generation_originale,xenophobie,0.85,,538,1,,2026-08-22T17:27:13
rxa_1442,gemini,gemini-3.5-flash-lite,racisme,stereotype,generation_complement,racisme,0.95,,553,1,,2026-08-22T17:27:18
rxa_1289,gemini,gemini-3.5-flash-lite,antisémitisme,ambigu,generation_originale,antisemitisme,0.85,,566,1,,2026-08-22T17:27:23
rxa_0371,gemini,gemini-3.5-flash-lite,racisme,haine_explicite,tri_manuel,racisme,0.95,,757,1,,2026-08-22T17:27:29
rxa_0002,gemini,gemini-3.5-flash-lite,racisme,stereotype,tri_manuel,xenophobie,0.6,,524,1,,2026-08-22T17:27:34
rxa_0601,gemini,gemini-3.5-flash-lite,xénophobie,exclusion,transfert_racisme_xenophobie,xenophobie,0.85,,592,1,,2026-08-22T17:27:39
rxa_0017,gemini,gemini-3.5-flash-lite,racisme,haine_implicite,tri_manuel,xenophobie,0.65,,513,1,,2026-08-22T17:27:43
rxa_0305,gemini,gemini-3.5-flash-lite,antisémitisme,haine_explicite,tri_manuel,antisemitisme,1.0,,590,1,,2026-08-22T17:27:48
rxa_1071,gemini,gemini-3.5-flash-lite,antisémitisme,stereotype,transfert_racisme_antisemitisme,antisemitisme,1.0,,492,1,,2026-08-22T17:27:53
rxa_1014,gemini,gemini-3.5-flash-lite,antisémitisme,hostilite_religieuse,transfert_racisme_antisemitisme,antisemitisme,1.0,,646,1,,2026-08-22T17:27:58
rxa_1038,gemini,gemini-3.5-flash-lite,antisémitisme,stereotype,transfert_racisme_antisemitisme,antisemitisme,1.0,,644,1,,2026-08-22T17:28:04
rxa_0156,gemini,gemini-3.5-flash-lite,racisme,sarcasme,tri_manuel,racisme,0.95,,577,1,,2026-08-22T17:28:08
rxa_1077,gemini,gemini-3.5-flash-lite,antisémitisme,stereotype,transfert_racisme_antisemitisme,antisemitisme,0.95,,666,1,,2026-08-22T17:28:14
rxa_1198,gemini,gemini-3.5-flash-lite,antisémitisme,haine_implicite,generation_originale,antisemitisme,0.85,,596,1,,2026-08-22T17:28:19
rxa_1396,gemini,gemini-3.5-flash-lite,antisémitisme,sarcasme,hardcase,antisemitisme,0.85,,514,1,,2026-08-22T17:28:23
rxa_1322,gemini,gemini-3.5-flash-lite,antisémitisme,dog_whistle,hardcase,antisemitisme,0.85,,540,1,,2026-08-22T17:28:28
rxa_0659,gemini,gemini-3.5-flash-lite,xénophobie,ambigu,transfert_racisme_xenophobie,xenophobie,0.85,,585,1,,2026-08-22T17:28:33
rxa_1195,gemini,gemini-3.5-flash-lite,antisémitisme,haine_implicite,generation_originale,antisemitisme,0.85,,655,1,,2026-08-22T17:28:39
rxa_1496,gemini,gemini-3.5-flash-lite,xénophobie,stereotype,generation_complement,xenophobie,0.95,,581,1,,2026-08-22T17:28:44
rxa_0419,gemini,gemini-3.5-flash-lite,racisme,haine_explicite,generation_originale,xenophobie,0.85,,559,1,,2026-08-22T17:28:48
rxa_0307,gemini,gemini-3.5-flash-lite,racisme,haine_explicite,tri_manuel,racisme,0.98,,517,1,,2026-08-22T17:28:53
rxa_1288,gemini,gemini-3.5-flash-lite,antisémitisme,ambigu,generation_originale,antisemitisme,0.8,,514,1,,2026-08-22T17:28:58
rxa_0457,gemini,gemini-3.5-flash-lite,racisme,haine_implicite,generation_originale,xenophobie,0.85,,551,1,,2026-08-22T17:29:03
rxa_1016,gemini,gemini-3.5-flash-lite,antisémitisme,stereotype,transfert_racisme_antisemitisme,antisemitisme,0.95,,618,1,,2026-08-22T17:29:08
rxa_1418,gemini,gemini-3.5-flash-lite,racisme,haine_explicite,generation_complement,racisme,0.99,,583,1,,2026-08-22T17:29:13
rxa_0856,gemini,gemini-3.5-flash-lite,xénophobie,exclusion,hardcase,xenophobie,0.85,,513,1,,2026-08-22T17:29:18
rxa_1124,gemini,gemini-3.5-flash-lite,antisémitisme,haine_explicite,transfert_racisme_antisemitisme,antisemitisme,1.0,,525,1,,2026-08-22T17:29:23
rxa_1110,gemini,gemini-3.5-flash-lite,antisémitisme,haine_explicite,transfert_racisme_antisemitisme,antisemitisme,0.99,,603,1,,2026-08-22T17:29:28
rxa_0608,gemini,gemini-3.5-flash-lite,xénophobie,exclusion,transfert_racisme_xenophobie,xenophobie,0.95,,498,1,,2026-08-22T17:29:33
rxa_0950,gemini,gemini-3.5-flash-lite,xénophobie,sarcasme,hardcase,xenophobie,0.85,,457,1,,2026-08-22T17:29:38
rxa_0477,gemini,gemini-3.5-flash-lite,racisme,haine_implicite,generation_originale,xenophobie,0.85,,547,1,,2026-08-22T17:29:43
rxa_0229,gemini,gemini-3.5-flash-lite,racisme,haine_explicite,tri_manuel,racisme,0.99,,543,1,,2026-08-22T17:29:48
rxa_1130,gemini,gemini-3.5-flash-lite,antisémitisme,stereotype,transfert_racisme_antisemitisme,antisemitisme,1.0,,519,1,,2026-08-22T17:29:53
rxa_0795,gemini,gemini-3.5-flash-lite,xénophobie,sarcasme,generation_originale,xenophobie,0.85,,469,1,,2026-08-22T17:29:58
rxa_0767,gemini,gemini-3.5-flash-lite,xénophobie,stereotype,generation_originale,xenophobie,0.95,,532,1,,2026-08-22T17:30:03
rxa_1385,gemini,gemini-3.5-flash-lite,antisémitisme,sarcasme,hardcase,antisemitisme,0.8,,532,1,,2026-08-22T17:30:08
rxa_0461,gemini,gemini-3.5-flash-lite,racisme,haine_implicite,generation_originale,xenophobie,0.75,,512,1,,2026-08-22T17:30:13
rxa_1001,gemini,gemini-3.5-flash-lite,antisémitisme,hostilite_religieuse,transfert_racisme_antisemitisme,antisemitisme,0.9,,585,1,,2026-08-22T17:30:18
rxa_0331,gemini,gemini-3.5-flash-lite,racisme,haine_explicite,tri_manuel,racisme,0.95,,530,1,,2026-08-22T17:30:22
rxa_0653,gemini,gemini-3.5-flash-lite,xénophobie,dog_whistle,transfert_racisme_xenophobie,xenophobie,0.95,,573,1,,2026-08-22T17:30:27
rxa_0087,gemini,gemini-3.5-flash-lite,racisme,haine_implicite,tri_manuel,xenophobie,0.6,,641,1,,2026-08-22T17:30:32
rxa_1313,gemini,gemini-3.5-flash-lite,antisémitisme,sarcasme,hardcase,antisemitisme,0.75,,600,1,,2026-08-22T17:30:37
rxa_0663,gemini,gemini-3.5-flash-lite,xénophobie,ambigu,transfert_racisme_xenophobie,xenophobie,0.95,,539,1,,2026-08-22T17:30:42
rxa_1402,gemini,gemini-3.5-flash-lite,antisémitisme,stereotype,hardcase,antisemitisme,0.75,,1550,1,,2026-08-22T17:30:48
rxa_1132,gemini,gemini-3.5-flash-lite,antisémitisme,haine_explicite,transfert_racisme_antisemitisme,antisemitisme,1.0,,513,1,,2026-08-22T17:30:53
rxa_0281,gemini,gemini-3.5-flash-lite,racisme,haine_explicite,tri_manuel,racisme,0.95,,496,1,,2026-08-22T17:30:58
rxa_0396,gemini,gemini-3.5-flash-lite,racisme,haine_explicite,tri_manuel,racisme,0.95,,582,1,,2026-08-22T17:31:03
rxa_0132,gemini,gemini-3.5-flash-lite,racisme,sarcasme,tri_manuel,xenophobie,0.85,,580,1,,2026-08-22T17:31:08
rxa_0388,gemini,gemini-3.5-flash-lite,racisme,haine_explicite,tri_manuel,racisme,0.95,,646,1,,2026-08-22T17:31:13
rxa_0368,gemini,gemini-3.5-flash-lite,racisme,haine_explicite,tri_manuel,racisme,0.98,,540,1,,2026-08-22T17:31:18
rxa_0691,gemini,gemini-3.5-flash-lite,xénophobie,haine_explicite,generation_originale,xenophobie,0.98,,1379,1,,2026-08-22T17:34:30
rxa_1244,gemini,gemini-3.5-flash-lite,antisémitisme,stereotype,generation_originale,antisemitisme,0.85,,617,1,,2026-08-22T17:34:35
rxa_0921,gemini,gemini-3.5-flash-lite,xénophobie,sarcasme,hardcase,xenophobie,0.85,,587,1,,2026-08-22T17:34:40
rxa_0479,gemini,gemini-3.5-flash-lite,racisme,haine_implicite,generation_originale,racisme,0.65,,613,1,,2026-08-22T17:34:45
rxa_1216,gemini,gemini-3.5-flash-lite,antisémitisme,haine_implicite,generation_originale,antisemitisme,0.85,,596,1,,2026-08-22T17:34:50
rxa_0765,gemini,gemini-3.5-flash-lite,xénophobie,stereotype,generation_originale,xenophobie,0.95,,571,1,,2026-08-22T17:34:55
rxa_0965,gemini,gemini-3.5-flash-lite,antisémitisme,hostilite_religieuse,transfert_racisme_antisemitisme,antisemitisme,1.0,,545,1,,2026-08-22T17:35:00
rxa_0253,gemini,gemini-3.5-flash-lite,racisme,haine_explicite,tri_manuel,racisme,1.0,,519,1,,2026-08-22T17:35:05
rxa_1170,gemini,gemini-3.5-flash-lite,antisémitisme,haine_explicite,generation_originale,antisemitisme,1.0,,638,1,,2026-08-22T17:35:10
rxa_0151,gemini,gemini-3.5-flash-lite,xénophobie,exclusion,tri_manuel,xenophobie,0.85,,647,1,,2026-08-22T17:35:15
rxa_1471,gemini,gemini-3.5-flash-lite,racisme,dog_whistle,generation_complement,racisme,0.85,,519,1,,2026-08-22T17:35:20
rxa_1217,gemini,gemini-3.5-flash-lite,antisémitisme,haine_implicite,generation_originale,antisemitisme,0.8,,620,1,,2026-08-22T17:35:25
rxa_1004,gemini,gemini-3.5-flash-lite,antisémitisme,haine_explicite,transfert_racisme_antisemitisme,antisemitisme,0.99,,598,1,,2026-08-22T17:35:30
rxa_0776,gemini,gemini-3.5-flash-lite,xénophobie,stereotype,generation_originale,xenophobie,0.85,,591,1,,2026-08-22T17:35:35
rxa_0793,gemini,gemini-3.5-flash-lite,xénophobie,sarcasme,generation_originale,xenophobie,0.95,,535,1,,2026-08-22T17:35:40
rxa_0513,gemini,gemini-3.5-flash-lite,racisme,dog_whistle,generation_originale,xenophobie,0.95,,560,1,,2026-08-22T17:35:45
rxa_1057,gemini,gemini-3.5-flash-lite,antisémitisme,hostilite_religieuse,transfert_racisme_antisemitisme,antisemitisme,0.95,,555,1,,2026-08-22T17:35:50
rxa_0536,gemini,gemini-3.5-flash-lite,xénophobie,haine_explicite,transfert_racisme_xenophobie,xenophobie,0.95,,560,1,,2026-08-22T17:35:55
rxa_0094,gemini,gemini-3.5-flash-lite,racisme,haine_implicite,tri_manuel,xenophobie,0.55,,535,1,,2026-08-22T17:36:00
rxa_0539,gemini,gemini-3.5-flash-lite,xénophobie,haine_explicite,transfert_racisme_xenophobie,xenophobie,0.98,,587,1,,2026-08-22T17:36:05
rxa_1343,gemini,gemini-3.5-flash-lite,antisémitisme,sarcasme,hardcase,antisemitisme,0.85,,513,1,,2026-08-22T17:36:10
rxa_0994,gemini,gemini-3.5-flash-lite,antisémitisme,stereotype,transfert_racisme_antisemitisme,antisemitisme,0.9,,544,1,,2026-08-22T17:36:15
rxa_0883,gemini,gemini-3.5-flash-lite,xénophobie,haine_implicite,hardcase,xenophobie,0.4,,570,1,,2026-08-22T17:36:20
rxa_0218,gemini,gemini-3.5-flash-lite,xénophobie,exclusion,tri_manuel,xenophobie,0.95,,567,1,,2026-08-22T17:36:25
rxa_0946,gemini,gemini-3.5-flash-lite,xénophobie,ambigu,hardcase,racisme,0.6,,489,1,,2026-08-22T17:36:30
rxa_0766,gemini,gemini-3.5-flash-lite,xénophobie,stereotype,generation_originale,xenophobie,0.95,,577,1,,2026-08-22T17:36:35
rxa_1188,gemini,gemini-3.5-flash-lite,antisémitisme,haine_explicite,generation_originale,antisemitisme,0.95,,744,1,,2026-08-22T17:36:40
rxa_1129,gemini,gemini-3.5-flash-lite,antisémitisme,haine_explicite,transfert_racisme_antisemitisme,antisemitisme,1.0,,548,1,,2026-08-22T17:36:45
rxa_0550,gemini,gemini-3.5-flash-lite,xénophobie,haine_explicite,transfert_racisme_xenophobie,xenophobie,0.99,,553,1,,2026-08-22T17:36:50
rxa_0422,gemini,gemini-3.5-flash-lite,racisme,haine_explicite,generation_originale,xenophobie,0.85,,551,1,,2026-08-22T17:36:55
rxa_0078,gemini,gemini-3.5-flash-lite,racisme,dog_whistle,tri_manuel,xenophobie,0.85,,510,1,,2026-08-22T17:37:00
rxa_0259,gemini,gemini-3.5-flash-lite,racisme,haine_implicite,tri_manuel,racisme,0.95,,523,1,,2026-08-22T17:37:05
rxa_0147,gemini,gemini-3.5-flash-lite,racisme,stereotype,tri_manuel,xenophobie,0.8,,519,1,,2026-08-22T17:37:09
rxa_0369,gemini,gemini-3.5-flash-lite,racisme,haine_explicite,tri_manuel,racisme,0.95,,514,1,,2026-08-22T17:37:14
rxa_1229,gemini,gemini-3.5-flash-lite,antisémitisme,haine_implicite,generation_originale,antisemitisme,0.85,,509,1,,2026-08-22T17:37:19
rxa_1169,gemini,gemini-3.5-flash-lite,antisémitisme,haine_explicite,generation_originale,antisemitisme,1.0,,519,1,,2026-08-22T17:37:24
rxa_0583,gemini,gemini-3.5-flash-lite,xénophobie,haine_implicite,transfert_racisme_xenophobie,xenophobie,0.85,,511,1,,2026-08-22T17:37:29
rxa_0495,gemini,gemini-3.5-flash-lite,racisme,stereotype,generation_originale,racisme,0.95,,547,1,,2026-08-22T17:37:34
rxa_0664,gemini,gemini-3.5-flash-lite,xénophobie,ambigu,transfert_racisme_xenophobie,xenophobie,0.85,,594,1,,2026-08-22T17:37:39
rxa_1494,gemini,gemini-3.5-flash-lite,xénophobie,dog_whistle,generation_complement,xenophobie,0.85,,547,1,,2026-08-22T17:37:44
rxa_0920,gemini,gemini-3.5-flash-lite,xénophobie,sarcasme,hardcase,xenophobie,0.85,,581,1,,2026-08-22T17:37:49
rxa_1447,gemini,gemini-3.5-flash-lite,racisme,stereotype,generation_complement,racisme,1.0,,761,1,,2026-08-22T17:37:54
rxa_1148,gemini,gemini-3.5-flash-lite,antisémitisme,haine_implicite,transfert_racisme_antisemitisme,antisemitisme,1.0,,560,1,,2026-08-22T17:37:59
rxa_1341,gemini,gemini-3.5-flash-lite,antisémitisme,stereotype,hardcase,antisemitisme,0.85,,570,1,,2026-08-22T17:38:04
rxa_1228,gemini,gemini-3.5-flash-lite,antisémitisme,haine_implicite,generation_originale,antisemitisme,0.85,,503,1,,2026-08-22T17:38:09
rxa_0558,gemini,gemini-3.5-flash-lite,xénophobie,haine_explicite,transfert_racisme_xenophobie,xenophobie,0.99,,554,1,,2026-08-22T17:38:14
rxa_1069,gemini,gemini-3.5-flash-lite,antisémitisme,complotisme,transfert_racisme_antisemitisme,antisemitisme,1.0,,501,1,,2026-08-22T17:38:19
rxa_0941,gemini,gemini-3.5-flash-lite,xénophobie,dog_whistle,hardcase,xenophobie,0.65,,665,1,,2026-08-22T17:38:24
rxa_0475,gemini,gemini-3.5-flash-lite,racisme,haine_implicite,generation_originale,xenophobie,0.85,,607,1,,2026-08-22T17:38:29
rxa_0273,gemini,gemini-3.5-flash-lite,racisme,sarcasme,tri_manuel,racisme,0.95,,501,1,,2026-08-22T17:38:34
rxa_1274,gemini,gemini-3.5-flash-lite,antisémitisme,dog_whistle,generation_originale,antisemitisme,0.9,,635,1,,2026-08-22T17:38:39
rxa_0336,gemini,gemini-3.5-flash-lite,xénophobie,dog_whistle,tri_manuel,xenophobie,0.85,,1368,1,,2026-08-22T17:39:01
rxa_0982,gemini,gemini-3.5-flash-lite,antisémitisme,hostilite_religieuse,transfert_racisme_antisemitisme,antisemitisme,0.85,,549,1,,2026-08-22T17:39:06
rxa_0588,gemini,gemini-3.5-flash-lite,xénophobie,haine_implicite,transfert_racisme_xenophobie,xenophobie,0.95,,592,1,,2026-08-22T17:39:11
rxa_0455,gemini,gemini-3.5-flash-lite,racisme,haine_implicite,generation_originale,racisme,0.85,,511,1,,2026-08-22T17:39:16
rxa_0871,gemini,gemini-3.5-flash-lite,xénophobie,ambigu,hardcase,xenophobie,0.85,,650,1,,2026-08-22T17:39:21
rxa_0567,gemini,gemini-3.5-flash-lite,xénophobie,haine_explicite,transfert_racisme_xenophobie,xenophobie,0.95,,589,1,,2026-08-22T17:39:26
rxa_0848,gemini,gemini-3.5-flash-lite,xénophobie,dog_whistle,hardcase,xenophobie,0.85,,581,1,,2026-08-22T17:39:31
rxa_1061,gemini,gemini-3.5-flash-lite,antisémitisme,complotisme,transfert_racisme_antisemitisme,antisemitisme,0.95,,506,1,,2026-08-22T17:39:36
rxa_0346,gemini,gemini-3.5-flash-lite,antisémitisme,haine_explicite,tri_manuel,antisemitisme,1.0,,479,1,,2026-08-22T17:39:41
rxa_1078,gemini,gemini-3.5-flash-lite,antisémitisme,stereotype,transfert_racisme_antisemitisme,antisemitisme,0.95,,548,1,,2026-08-22T17:39:45
rxa_0007,gemini,gemini-3.5-flash-lite,racisme,hostilite_religieuse,tri_manuel,xenophobie,0.6,,514,1,,2026-08-22T17:39:50
rxa_1317,gemini,gemini-3.5-flash-lite,antisémitisme,ambigu,hardcase,antisemitisme,0.85,,524,1,,2026-08-22T17:39:55
rxa_0126,gemini,gemini-3.5-flash-lite,xénophobie,dog_whistle,tri_manuel,xenophobie,0.85,,550,1,,2026-08-22T17:40:00
rxa_0904,gemini,gemini-3.5-flash-lite,xénophobie,dog_whistle,hardcase,xenophobie,0.85,,528,1,,2026-08-22T17:40:05
rxa_0538,gemini,gemini-3.5-flash-lite,xénophobie,haine_explicite,transfert_racisme_xenophobie,xenophobie,0.99,,532,1,,2026-08-22T17:40:10
rxa_1441,gemini,gemini-3.5-flash-lite,racisme,stereotype,generation_complement,racisme,0.95,,558,1,,2026-08-22T17:40:15
rxa_0610,gemini,gemini-3.5-flash-lite,xénophobie,exclusion,transfert_racisme_xenophobie,xenophobie,0.95,,498,1,,2026-08-22T17:40:20
rxa_0035,gemini,gemini-3.5-flash-lite,racisme,hostilite_religieuse,tri_manuel,xenophobie,0.6,,537,1,,2026-08-22T17:40:25
rxa_0686,gemini,gemini-3.5-flash-lite,xénophobie,haine_explicite,generation_originale,xenophobie,0.95,,488,1,,2026-08-22T17:40:30
rxa_0321,gemini,gemini-3.5-flash-lite,racisme,haine_explicite,tri_manuel,racisme,0.85,,614,1,,2026-08-22T17:40:35
rxa_0603,gemini,gemini-3.5-flash-lite,xénophobie,exclusion,transfert_racisme_xenophobie,xenophobie,0.85,,647,1,,2026-08-22T17:40:40
rxa_1357,gemini,gemini-3.5-flash-lite,antisémitisme,haine_implicite,hardcase,antisemitisme,0.85,,493,1,,2026-08-22T17:40:45
rxa_0312,gemini,gemini-3.5-flash-lite,racisme,haine_explicite,tri_manuel,xenophobie,0.85,,506,1,,2026-08-22T17:40:50
rxa_1323,gemini,gemini-3.5-flash-lite,antisémitisme,haine_implicite,hardcase,antisemitisme,0.72,,556,1,,2026-08-22T17:40:55
rxa_0310,gemini,gemini-3.5-flash-lite,antisémitisme,haine_explicite,tri_manuel,antisemitisme,0.99,,587,1,,2026-08-22T17:41:00
rxa_0434,gemini,gemini-3.5-flash-lite,racisme,haine_explicite,generation_originale,racisme,0.95,,530,1,,2026-08-22T17:41:05
rxa_0328,gemini,gemini-3.5-flash-lite,racisme,stereotype,tri_manuel,xenophobie,0.95,,520,1,,2026-08-22T17:41:10
rxa_0890,gemini,gemini-3.5-flash-lite,xénophobie,haine_implicite,hardcase,xenophobie,0.95,,525,1,,2026-08-22T17:41:14
rxa_0254,gemini,gemini-3.5-flash-lite,antisémitisme,exclusion,tri_manuel,antisemitisme,0.95,,540,1,,2026-08-22T17:41:19
rxa_0217,gemini,gemini-3.5-flash-lite,racisme,haine_explicite,tri_manuel,racisme,0.99,,530,1,,2026-08-22T17:41:24
rxa_0551,gemini,gemini-3.5-flash-lite,xénophobie,haine_explicite,transfert_racisme_xenophobie,xenophobie,0.99,,510,1,,2026-08-22T17:41:29
rxa_1344,gemini,gemini-3.5-flash-lite,antisémitisme,sarcasme,hardcase,antisemitisme,0.95,,549,1,,2026-08-22T17:41:34
rxa_0326,gemini,gemini-3.5-flash-lite,racisme,haine_explicite,tri_manuel,racisme,0.98,,516,1,,2026-08-22T17:41:39
rxa_0789,gemini,gemini-3.5-flash-lite,xénophobie,sarcasme,generation_originale,xenophobie,0.95,,549,1,,2026-08-22T17:41:44
rxa_1231,gemini,gemini-3.5-flash-lite,antisémitisme,haine_implicite,generation_originale,antisemitisme,0.85,,563,1,,2026-08-22T17:41:49
rxa_0726,gemini,gemini-3.5-flash-lite,xénophobie,haine_implicite,generation_originale,xenophobie,0.85,,527,1,,2026-08-22T17:41:54
rxa_0374,gemini,gemini-3.5-flash-lite,racisme,haine_explicite,tri_manuel,racisme,0.99,,579,1,,2026-08-22T17:41:59
rxa_1359,gemini,gemini-3.5-flash-lite,antisémitisme,stereotype,hardcase,antisemitisme,0.85,,536,1,,2026-08-22T17:42:04
rxa_0447,gemini,gemini-3.5-flash-lite,racisme,haine_explicite,generation_originale,racisme,0.95,,549,1,,2026-08-22T17:42:09
rxa_0101,gemini,gemini-3.5-flash-lite,racisme,haine_explicite,tri_manuel,xenophobie,0.8,,578,1,,2026-08-22T17:42:14
rxa_1156,gemini,gemini-3.5-flash-lite,antisémitisme,haine_explicite,generation_originale,antisemitisme,1.0,,541,1,,2026-08-22T17:42:19
rxa_0332,gemini,gemini-3.5-flash-lite,racisme,haine_implicite,tri_manuel,racisme,0.95,,561,1,,2026-08-22T17:42:24
rxa_1260,gemini,gemini-3.5-flash-lite,antisémitisme,sarcasme,generation_originale,antisemitisme,0.85,,507,1,,2026-08-22T17:42:29
rxa_1452,gemini,gemini-3.5-flash-lite,racisme,stereotype,generation_complement,racisme,0.95,,633,1,,2026-08-22T17:42:34
rxa_0480,gemini,gemini-3.5-flash-lite,racisme,haine_implicite,generation_originale,xenophobie,0.85,,630,1,,2026-08-22T17:42:39
rxa_1115,gemini,gemini-3.5-flash-lite,antisémitisme,haine_explicite,transfert_racisme_antisemitisme,antisemitisme,1.0,,569,1,,2026-08-22T17:42:44
rxa_0881,gemini,gemini-3.5-flash-lite,xénophobie,haine_implicite,hardcase,xenophobie,0.85,,544,1,,2026-08-22T17:42:49
rxa_0614,gemini,gemini-3.5-flash-lite,xénophobie,exclusion,transfert_racisme_xenophobie,xenophobie,0.95,,533,1,,2026-08-22T17:42:54
rxa_0688,gemini,gemini-3.5-flash-lite,xénophobie,haine_explicite,generation_originale,xenophobie,0.99,,637,1,,2026-08-22T17:42:59
rxa_1419,gemini,gemini-3.5-flash-lite,racisme,haine_explicite,generation_complement,racisme,1.0,,526,1,,2026-08-22T17:43:04
rxa_0224,gemini,gemini-3.5-flash-lite,racisme,haine_explicite,tri_manuel,racisme,0.98,,589,1,,2026-08-22T17:43:09
rxa_1280,gemini,gemini-3.5-flash-lite,antisémitisme,dog_whistle,generation_originale,antisemitisme,0.85,,516,1,,2026-08-22T17:43:14
rxa_1122,gemini,gemini-3.5-flash-lite,antisémitisme,haine_explicite,transfert_racisme_antisemitisme,antisemitisme,1.0,,567,1,,2026-08-22T17:43:19
rxa_0027,gemini,gemini-3.5-flash-lite,racisme,hostilite_religieuse,tri_manuel,racisme,0.85,,533,1,,2026-08-22T17:43:24
rxa_1379,gemini,gemini-3.5-flash-lite,antisémitisme,sarcasme,hardcase,xenophobie,0.6,,597,1,,2026-08-22T17:43:29
rxa_0928,gemini,gemini-3.5-flash-lite,xénophobie,exclusion,hardcase,xenophobie,0.85,,551,1,,2026-08-22T17:43:34
rxa_1388,gemini,gemini-3.5-flash-lite,antisémitisme,haine_implicite,hardcase,antisemitisme,0.85,,812,1,,2026-08-22T17:43:39
rxa_0599,gemini,gemini-3.5-flash-lite,xénophobie,exclusion,transfert_racisme_xenophobie,xenophobie,0.95,,584,1,,2026-08-22T17:43:44
rxa_0268,gemini,gemini-3.5-flash-lite,racisme,haine_explicite,tri_manuel,racisme,1.0,,597,1,,2026-08-22T17:43:49
rxa_1105,gemini,gemini-3.5-flash-lite,antisémitisme,haine_explicite,transfert_racisme_antisemitisme,antisemitisme,1.0,,507,1,,2026-08-22T17:43:54
rxa_1400,gemini,gemini-3.5-flash-lite,antisémitisme,haine_implicite,hardcase,antisemitisme,0.85,,550,1,,2026-08-22T17:43:59
rxa_1440,gemini,gemini-3.5-flash-lite,racisme,haine_implicite,generation_complement,xenophobie,0.85,,548,1,,2026-08-22T17:44:04
rxa_0403,gemini,gemini-3.5-flash-lite,racisme,haine_explicite,tri_manuel,racisme,0.99,,511,1,,2026-08-22T17:44:09
rxa_0267,gemini,gemini-3.5-flash-lite,xénophobie,exclusion,tri_manuel,xenophobie,0.95,,570,1,,2026-08-22T17:44:14
rxa_0234,gemini,gemini-3.5-flash-lite,racisme,sarcasme,tri_manuel,racisme,0.95,,481,1,,2026-08-22T17:44:19
rxa_1427,gemini,gemini-3.5-flash-lite,racisme,haine_explicite,generation_complement,racisme,1.0,,560,1,,2026-08-22T17:44:24
rxa_1449,gemini,gemini-3.5-flash-lite,racisme,stereotype,generation_complement,racisme,0.85,,620,1,,2026-08-22T17:44:29
rxa_0202,gemini,gemini-3.5-flash-lite,racisme,haine_explicite,tri_manuel,racisme,0.99,,774,1,,2026-08-22T17:44:34
rxa_0360,gemini,gemini-3.5-flash-lite,racisme,haine_explicite,tri_manuel,racisme,1.0,,574,1,,2026-08-22T17:44:39
rxa_1036,gemini,gemini-3.5-flash-lite,antisémitisme,haine_implicite,transfert_racisme_antisemitisme,antisemitisme,1.0,,523,1,,2026-08-22T17:44:44
rxa_0783,gemini,gemini-3.5-flash-lite,xénophobie,sarcasme,generation_originale,xenophobie,0.95,,509,1,,2026-08-22T17:44:49
rxa_0166,gemini,gemini-3.5-flash-lite,xénophobie,exclusion,tri_manuel,xenophobie,0.95,,533,1,,2026-08-22T17:44:54
rxa_0425,gemini,gemini-3.5-flash-lite,racisme,haine_explicite,generation_originale,xenophobie,0.9,,608,1,,2026-08-22T17:44:59
rxa_1330,gemini,gemini-3.5-flash-lite,antisémitisme,sarcasme,hardcase,antisemitisme,0.85,,567,1,,2026-08-22T17:45:04
rxa_0833,gemini,gemini-3.5-flash-lite,xénophobie,dog_whistle,hardcase,xenophobie,0.85,,573,1,,2026-08-22T17:45:09
rxa_1374,gemini,gemini-3.5-flash-lite,antisémitisme,haine_implicite,hardcase,antisemitisme,0.8,,558,1,,2026-08-22T17:45:13
rxa_0498,gemini,gemini-3.5-flash-lite,racisme,stereotype,generation_originale,racisme,0.95,,540,1,,2026-08-22T17:45:18
rxa_1163,gemini,gemini-3.5-flash-lite,antisémitisme,haine_explicite,generation_originale,antisemitisme,0.99,,528,1,,2026-08-22T17:45:23
rxa_0627,gemini,gemini-3.5-flash-lite,xénophobie,sarcasme,transfert_racisme_xenophobie,xenophobie,0.85,,522,1,,2026-08-22T17:45:28
rxa_0096,gemini,gemini-3.5-flash-lite,racisme,stereotype,tri_manuel,racisme,0.85,,634,1,,2026-08-22T17:45:33
rxa_0079,gemini,gemini-3.5-flash-lite,xénophobie,exclusion,tri_manuel,xenophobie,0.85,,502,1,,2026-08-22T17:45:38
rxa_1108,gemini,gemini-3.5-flash-lite,antisémitisme,haine_explicite,transfert_racisme_antisemitisme,antisemitisme,1.0,,524,1,,2026-08-22T17:45:43
rxa_0239,gemini,gemini-3.5-flash-lite,racisme,haine_explicite,tri_manuel,racisme,0.99,,530,1,,2026-08-22T17:45:48
rxa_0586,gemini,gemini-3.5-flash-lite,xénophobie,haine_implicite,transfert_racisme_xenophobie,xenophobie,0.95,,553,1,,2026-08-22T17:45:53
rxa_1232,gemini,gemini-3.5-flash-lite,antisémitisme,stereotype,generation_originale,antisemitisme,0.85,,515,1,,2026-08-22T17:45:58
rxa_0285,gemini,gemini-3.5-flash-lite,antisémitisme,haine_explicite,tri_manuel,antisemitisme,1.0,,507,1,,2026-08-22T17:46:03
rxa_0426,gemini,gemini-3.5-flash-lite,racisme,haine_explicite,generation_originale,xenophobie,0.8,,520,1,,2026-08-22T17:46:08
rxa_0598,gemini,gemini-3.5-flash-lite,xénophobie,exclusion,transfert_racisme_xenophobie,xenophobie,0.85,,538,1,,2026-08-22T17:46:13
rxa_0517,gemini,gemini-3.5-flash-lite,racisme,dog_whistle,generation_originale,xenophobie,0.85,,527,1,,2026-08-22T17:46:18
rxa_0723,gemini,gemini-3.5-flash-lite,xénophobie,haine_implicite,generation_originale,xenophobie,0.85,,493,1,,2026-08-22T17:46:23
rxa_0113,gemini,gemini-3.5-flash-lite,racisme,haine_implicite,tri_manuel,xenophobie,0.85,,534,1,,2026-08-22T17:46:28
rxa_1267,gemini,gemini-3.5-flash-lite,antisémitisme,sarcasme,generation_originale,antisemitisme,0.85,,582,1,,2026-08-22T17:46:33
rxa_0618,gemini,gemini-3.5-flash-lite,xénophobie,sarcasme,transfert_racisme_xenophobie,xenophobie,0.85,,513,1,,2026-08-22T17:46:37
rxa_1109,gemini,gemini-3.5-flash-lite,antisémitisme,haine_explicite,transfert_racisme_antisemitisme,antisemitisme,1.0,,503,1,,2026-08-22T17:46:42
rxa_0582,gemini,gemini-3.5-flash-lite,xénophobie,haine_implicite,transfert_racisme_xenophobie,xenophobie,0.85,,559,1,,2026-08-22T17:46:47
rxa_1005,gemini,gemini-3.5-flash-lite,antisémitisme,haine_explicite,transfert_racisme_antisemitisme,antisemitisme,0.95,,598,1,,2026-08-22T17:46:52
rxa_0193,gemini,gemini-3.5-flash-lite,xénophobie,complotisme,tri_manuel,xenophobie,0.85,,537,1,,2026-08-22T17:46:57
rxa_0064,gemini,gemini-3.5-flash-lite,racisme,hostilite_religieuse,tri_manuel,xenophobie,0.5,,623,1,,2026-08-22T17:47:02
rxa_0070,gemini,gemini-3.5-flash-lite,racisme,haine_explicite,tri_manuel,racisme,0.85,,536,1,,2026-08-22T17:47:07
rxa_1080,gemini,gemini-3.5-flash-lite,antisémitisme,stereotype,transfert_racisme_antisemitisme,antisemitisme,1.0,,526,1,,2026-08-22T17:47:12
rxa_1235,gemini,gemini-3.5-flash-lite,antisémitisme,stereotype,generation_originale,antisemitisme,0.85,,531,1,,2026-08-22T17:47:17
rxa_0260,gemini,gemini-3.5-flash-lite,racisme,haine_explicite,tri_manuel,racisme,1.0,,538,1,,2026-08-22T17:47:22
rxa_1248,gemini,gemini-3.5-flash-lite,antisémitisme,stereotype,generation_originale,antisemitisme,0.85,,524,1,,2026-08-22T17:47:27
rxa_1373,gemini,gemini-3.5-flash-lite,antisémitisme,dog_whistle,hardcase,antisemitisme,0.85,,591,1,,2026-08-22T17:47:32
rxa_0009,gemini,gemini-3.5-flash-lite,racisme,stereotype,tri_manuel,antisemitisme,0.8,,538,1,,2026-08-22T17:47:37
rxa_0344,gemini,gemini-3.5-flash-lite,racisme,haine_explicite,tri_manuel,racisme,0.95,,624,4,,2026-08-22T17:48:02
rxa_0347,gemini,gemini-3.5-flash-lite,racisme,haine_explicite,tri_manuel,racisme,0.95,,553,1,,2026-08-22T17:48:07
rxa_0734,gemini,gemini-3.5-flash-lite,xénophobie,haine_implicite,generation_originale,xenophobie,0.85,,523,1,,2026-08-22T17:48:12
rxa_1316,gemini,gemini-3.5-flash-lite,antisémitisme,stereotype,hardcase,antisemitisme,0.8,,537,1,,2026-08-22T17:48:17
rxa_0629,gemini,gemini-3.5-flash-lite,xénophobie,sarcasme,transfert_racisme_xenophobie,xenophobie,0.85,,519,1,,2026-08-22T17:48:21
rxa_1270,gemini,gemini-3.5-flash-lite,antisémitisme,sarcasme,generation_originale,antisemitisme,0.85,,1970,1,,2026-08-23T13:24:08
rxa_1382,gemini,gemini-3.5-flash-lite,antisémitisme,haine_implicite,hardcase,antisemitisme,0.65,,588,1,,2026-08-23T13:24:13
rxa_0529,gemini,gemini-3.5-flash-lite,racisme,ambigu,generation_originale,xenophobie,0.85,,669,1,,2026-08-23T13:24:18
rxa_1151,gemini,gemini-3.5-flash-lite,antisémitisme,haine_explicite,generation_originale,antisemitisme,1.0,,550,1,,2026-08-23T13:24:23
rxa_1140,gemini,gemini-3.5-flash-lite,antisémitisme,haine_explicite,transfert_racisme_antisemitisme,antisemitisme,0.95,,600,1,,2026-08-23T13:24:28
rxa_1475,gemini,gemini-3.5-flash-lite,racisme,ambigu,generation_complement,xenophobie,0.85,,623,1,,2026-08-23T13:24:33
rxa_0892,gemini,gemini-3.5-flash-lite,xénophobie,haine_implicite,hardcase,xenophobie,0.85,,711,1,,2026-08-23T13:24:38
rxa_0796,gemini,gemini-3.5-flash-lite,xénophobie,dog_whistle,generation_originale,xenophobie,0.85,,557,1,,2026-08-23T13:24:43
rxa_0724,gemini,gemini-3.5-flash-lite,xénophobie,haine_implicite,generation_originale,xenophobie,0.85,,664,1,,2026-08-23T13:24:48
rxa_0015,gemini,gemini-3.5-flash-lite,racisme,exclusion,tri_manuel,xenophobie,0.85,,522,1,,2026-08-23T13:24:53
rxa_1002,gemini,gemini-3.5-flash-lite,antisémitisme,hostilite_religieuse,transfert_racisme_antisemitisme,antisemitisme,0.9,,599,1,,2026-08-23T13:24:58
rxa_0006,gemini,gemini-3.5-flash-lite,racisme,hostilite_religieuse,tri_manuel,xenophobie,0.6,,539,1,,2026-08-23T13:25:03
rxa_0932,gemini,gemini-3.5-flash-lite,xénophobie,haine_implicite,hardcase,xenophobie,0.65,,590,1,,2026-08-23T13:25:08
rxa_0385,gemini,gemini-3.5-flash-lite,racisme,haine_explicite,tri_manuel,racisme,0.95,,510,1,,2026-08-23T13:25:13
rxa_0199,gemini,gemini-3.5-flash-lite,xénophobie,exclusion,tri_manuel,xenophobie,0.95,,543,1,,2026-08-23T13:25:18
rxa_0299,gemini,gemini-3.5-flash-lite,racisme,haine_explicite,tri_manuel,racisme,0.95,,538,1,,2026-08-23T13:25:23
rxa_1162,gemini,gemini-3.5-flash-lite,antisémitisme,haine_explicite,generation_originale,antisemitisme,1.0,,561,1,,2026-08-23T13:25:28
rxa_0849,gemini,gemini-3.5-flash-lite,xénophobie,dog_whistle,hardcase,xenophobie,0.85,,607,1,,2026-08-23T13:25:33
rxa_0418,gemini,gemini-3.5-flash-lite,racisme,haine_explicite,generation_originale,racisme,1.0,,610,1,,2026-08-23T13:25:38
rxa_0812,gemini,gemini-3.5-flash-lite,xénophobie,ambigu,generation_originale,xenophobie,0.85,,765,1,,2026-08-23T13:25:43
rxa_0843,gemini,gemini-3.5-flash-lite,xénophobie,sarcasme,hardcase,xenophobie,0.85,,583,1,,2026-08-23T13:25:48
rxa_1079,gemini,gemini-3.5-flash-lite,antisémitisme,stereotype,transfert_racisme_antisemitisme,antisemitisme,0.9,,732,1,,2026-08-23T13:25:53
rxa_1230,gemini,gemini-3.5-flash-lite,antisémitisme,haine_implicite,generation_originale,antisemitisme,0.7,,607,1,,2026-08-23T13:25:58
rxa_0632,gemini,gemini-3.5-flash-lite,xénophobie,sarcasme,transfert_racisme_xenophobie,xenophobie,0.85,,651,1,,2026-08-23T13:26:03
rxa_1429,gemini,gemini-3.5-flash-lite,racisme,haine_implicite,generation_complement,xenophobie,0.85,,726,1,,2026-08-23T13:26:08
rxa_0276,gemini,gemini-3.5-flash-lite,antisémitisme,haine_explicite,tri_manuel,antisemitisme,1.0,,598,1,,2026-08-23T13:26:13
rxa_1116,gemini,gemini-3.5-flash-lite,antisémitisme,haine_explicite,transfert_racisme_antisemitisme,antisemitisme,0.99,,576,1,,2026-08-23T13:26:18
rxa_1221,gemini,gemini-3.5-flash-lite,antisémitisme,haine_implicite,generation_originale,antisemitisme,0.6,,801,1,,2026-08-23T13:26:24
rxa_1492,gemini,gemini-3.5-flash-lite,xénophobie,sarcasme,generation_complement,xenophobie,0.95,,626,1,,2026-08-23T13:26:29
rxa_0390,gemini,gemini-3.5-flash-lite,racisme,haine_explicite,tri_manuel,racisme,0.99,,724,1,,2026-08-23T13:26:34
rxa_0262,gemini,gemini-3.5-flash-lite,racisme,stereotype,tri_manuel,racisme,0.95,,633,1,,2026-08-23T13:26:39
rxa_1424,gemini,gemini-3.5-flash-lite,racisme,haine_explicite,generation_complement,racisme,1.0,,638,1,,2026-08-23T13:26:44
rxa_1333,gemini,gemini-3.5-flash-lite,antisémitisme,dog_whistle,hardcase,antisemitisme,0.85,,723,1,,2026-08-23T13:26:49
rxa_0964,gemini,gemini-3.5-flash-lite,antisémitisme,hostilite_religieuse,transfert_racisme_antisemitisme,antisemitisme,0.95,,617,1,,2026-08-23T13:26:54
rxa_0031,gemini,gemini-3.5-flash-lite,racisme,stereotype,tri_manuel,xenophobie,0.6,,541,1,,2026-08-23T13:26:59
rxa_1293,gemini,gemini-3.5-flash-lite,antisémitisme,ambigu,generation_originale,antisemitisme,0.85,,504,1,,2026-08-23T13:27:04
rxa_0319,gemini,gemini-3.5-flash-lite,racisme,haine_explicite,tri_manuel,racisme,0.95,,522,1,,2026-08-23T13:27:09
rxa_0736,gemini,gemini-3.5-flash-lite,xénophobie,haine_implicite,generation_originale,xenophobie,0.95,,589,1,,2026-08-23T13:27:14
rxa_0206,gemini,gemini-3.5-flash-lite,racisme,haine_explicite,tri_manuel,racisme,0.95,,527,1,,2026-08-23T13:27:19
rxa_0370,gemini,gemini-3.5-flash-lite,racisme,haine_explicite,tri_manuel,racisme,0.95,,591,1,,2026-08-23T13:27:24
rxa_0120,gemini,gemini-3.5-flash-lite,racisme,haine_implicite,tri_manuel,xenophobie,0.85,,556,1,,2026-08-23T13:27:29
rxa_0115,gemini,gemini-3.5-flash-lite,racisme,exclusion,tri_manuel,xenophobie,0.6,,532,1,,2026-08-23T13:27:34
rxa_0541,gemini,gemini-3.5-flash-lite,xénophobie,haine_explicite,transfert_racisme_xenophobie,xenophobie,0.95,,710,1,,2026-08-23T13:27:39
rxa_0341,gemini,gemini-3.5-flash-lite,antisémitisme,haine_explicite,tri_manuel,antisemitisme,1.0,,568,1,,2026-08-23T13:27:44
rxa_1453,gemini,gemini-3.5-flash-lite,racisme,stereotype,generation_complement,racisme,0.95,,533,1,,2026-08-23T13:27:49
rxa_0521,gemini,gemini-3.5-flash-lite,racisme,dog_whistle,generation_originale,xenophobie,0.85,,529,1,,2026-08-23T13:27:54
rxa_1154,gemini,gemini-3.5-flash-lite,antisémitisme,haine_explicite,generation_originale,antisemitisme,1.0,,666,1,,2026-08-23T13:27:59
rxa_0441,gemini,gemini-3.5-flash-lite,racisme,haine_explicite,generation_originale,racisme,0.95,,565,1,,2026-08-23T13:28:04
rxa_1352,gemini,gemini-3.5-flash-lite,antisémitisme,stereotype,hardcase,antisemitisme,0.85,,525,1,,2026-08-23T13:28:09
rxa_1125,gemini,gemini-3.5-flash-lite,antisémitisme,haine_explicite,transfert_racisme_antisemitisme,antisemitisme,1.0,,703,1,,2026-08-23T13:28:14
rxa_0768,gemini,gemini-3.5-flash-lite,xénophobie,stereotype,generation_originale,xenophobie,0.85,,579,1,,2026-08-23T13:28:19
rxa_1459,gemini,gemini-3.5-flash-lite,racisme,sarcasme,generation_complement,xenophobie,0.85,,559,1,,2026-08-23T13:28:24
rxa_0154,gemini,gemini-3.5-flash-lite,xénophobie,exclusion,tri_manuel,xenophobie,0.9,,543,1,,2026-08-23T13:28:29
rxa_0971,gemini,gemini-3.5-flash-lite,antisémitisme,exclusion,transfert_racisme_antisemitisme,antisemitisme,0.9,,581,1,,2026-08-23T13:28:34
rxa_0075,gemini,gemini-3.5-flash-lite,racisme,haine_implicite,tri_manuel,xenophobie,0.6,,531,1,,2026-08-23T13:28:39
rxa_0872,gemini,gemini-3.5-flash-lite,xénophobie,ambigu,hardcase,xenophobie,0.85,,535,1,,2026-08-23T13:28:44
rxa_1331,gemini,gemini-3.5-flash-lite,antisémitisme,haine_implicite,hardcase,antisemitisme,0.85,,735,1,,2026-08-23T13:28:49
rxa_0839,gemini,gemini-3.5-flash-lite,xénophobie,sarcasme,hardcase,xenophobie,0.65,,583,1,,2026-08-23T13:28:54
rxa_0502,gemini,gemini-3.5-flash-lite,racisme,sarcasme,generation_originale,racisme,0.85,,731,1,,2026-08-23T13:28:59
rxa_1029,gemini,gemini-3.5-flash-lite,antisémitisme,exclusion,transfert_racisme_antisemitisme,antisemitisme,0.95,,524,1,,2026-08-23T13:29:04
rxa_1011,gemini,gemini-3.5-flash-lite,antisémitisme,hostilite_religieuse,transfert_racisme_antisemitisme,antisemitisme,1.0,,551,1,,2026-08-23T13:29:09
rxa_1458,gemini,gemini-3.5-flash-lite,racisme,sarcasme,generation_complement,xenophobie,0.85,,623,1,,2026-08-23T13:29:14
rxa_0895,gemini,gemini-3.5-flash-lite,xénophobie,haine_implicite,hardcase,xenophobie,0.85,,496,1,,2026-08-23T13:29:19
rxa_0649,gemini,gemini-3.5-flash-lite,xénophobie,dog_whistle,transfert_racisme_xenophobie,xenophobie,0.85,,593,1,,2026-08-23T13:29:24
rxa_0876,gemini,gemini-3.5-flash-lite,xénophobie,haine_implicite,hardcase,xenophobie,0.85,,538,1,,2026-08-23T13:29:29
rxa_0634,gemini,gemini-3.5-flash-lite,xénophobie,sarcasme,transfert_racisme_xenophobie,racisme,0.85,,564,1,,2026-08-23T13:29:34
rxa_0743,gemini,gemini-3.5-flash-lite,xénophobie,haine_implicite,generation_originale,xenophobie,0.85,,518,1,,2026-08-23T13:29:39
rxa_0953,gemini,gemini-3.5-flash-lite,xénophobie,exclusion,hardcase,xenophobie,0.85,,558,1,,2026-08-23T13:29:44
rxa_1190,gemini,gemini-3.5-flash-lite,antisémitisme,haine_explicite,generation_originale,antisemitisme,1.0,,719,1,,2026-08-23T13:29:49
rxa_0823,gemini,gemini-3.5-flash-lite,xénophobie,ambigu,hardcase,xenophobie,0.85,,572,1,,2026-08-23T13:29:54
rxa_0802,gemini,gemini-3.5-flash-lite,xénophobie,dog_whistle,generation_originale,xenophobie,0.85,,552,1,,2026-08-23T13:29:59
rxa_1171,gemini,gemini-3.5-flash-lite,antisémitisme,haine_explicite,generation_originale,antisemitisme,1.0,,488,1,,2026-08-23T13:30:04
rxa_0334,gemini,gemini-3.5-flash-lite,racisme,haine_explicite,tri_manuel,xenophobie,0.5,,619,1,,2026-08-23T13:30:09
rxa_0201,gemini,gemini-3.5-flash-lite,antisémitisme,haine_explicite,tri_manuel,antisemitisme,0.99,,526,1,,2026-08-23T13:30:13
rxa_1207,gemini,gemini-3.5-flash-lite,antisémitisme,haine_implicite,generation_originale,antisemitisme,0.8,,529,1,,2026-08-23T13:30:18
rxa_1196,gemini,gemini-3.5-flash-lite,antisémitisme,haine_implicite,generation_originale,antisemitisme,0.85,,598,1,,2026-08-23T13:30:23
rxa_0107,gemini,gemini-3.5-flash-lite,racisme,exclusion,tri_manuel,xenophobie,0.8,,529,1,,2026-08-23T13:30:28
rxa_0508,gemini,gemini-3.5-flash-lite,racisme,sarcasme,generation_originale,xenophobie,0.65,,593,1,,2026-08-23T13:30:33
rxa_1309,gemini,gemini-3.5-flash-lite,antisémitisme,haine_implicite,hardcase,antisemitisme,0.8,,625,1,,2026-08-23T13:30:38
rxa_0221,gemini,gemini-3.5-flash-lite,antisémitisme,ambigu,tri_manuel,antisemitisme,0.99,,542,1,,2026-08-23T13:30:43
rxa_0169,gemini,gemini-3.5-flash-lite,racisme,haine_explicite,tri_manuel,racisme,1.0,,572,1,,2026-08-23T13:30:48
rxa_1480,gemini,gemini-3.5-flash-lite,racisme,ambigu,generation_complement,xenophobie,0.85,,607,1,,2026-08-23T13:30:53
rxa_0531,gemini,gemini-3.5-flash-lite,racisme,ambigu,generation_originale,racisme,0.55,,541,1,,2026-08-23T13:30:58
rxa_1059,gemini,gemini-3.5-flash-lite,antisémitisme,hostilite_religieuse,transfert_racisme_antisemitisme,antisemitisme,0.95,,690,1,,2026-08-23T13:31:03
rxa_0818,gemini,gemini-3.5-flash-lite,xénophobie,ambigu,generation_originale,xenophobie,0.85,,535,1,,2026-08-23T13:31:08
rxa_0753,gemini,gemini-3.5-flash-lite,xénophobie,haine_implicite,generation_originale,xenophobie,0.8,,561,1,,2026-08-23T13:31:13
rxa_0996,gemini,gemini-3.5-flash-lite,antisémitisme,complotisme,transfert_racisme_antisemitisme,antisemitisme,1.0,,556,1,,2026-08-23T13:31:18
rxa_0504,gemini,gemini-3.5-flash-lite,racisme,sarcasme,generation_originale,xenophobie,0.85,,551,1,,2026-08-23T13:31:23
rxa_0119,gemini,gemini-3.5-flash-lite,racisme,stereotype,tri_manuel,xenophobie,0.85,,610,1,,2026-08-23T13:31:28
rxa_0072,gemini,gemini-3.5-flash-lite,racisme,stereotype,tri_manuel,racisme,0.85,,522,1,,2026-08-23T13:31:33
rxa_0330,gemini,gemini-3.5-flash-lite,xénophobie,exclusion,tri_manuel,xenophobie,0.95,,581,1,,2026-08-23T13:31:38
rxa_0980,gemini,gemini-3.5-flash-lite,antisémitisme,hostilite_religieuse,transfert_racisme_antisemitisme,antisemitisme,0.85,,569,1,,2026-08-23T13:31:43
rxa_0291,gemini,gemini-3.5-flash-lite,xénophobie,haine_implicite,tri_manuel,xenophobie,0.95,,593,1,,2026-08-23T13:31:48
rxa_1290,gemini,gemini-3.5-flash-lite,antisémitisme,ambigu,generation_originale,antisemitisme,0.85,,1441,1,,2026-08-23T13:32:16
rxa_0196,gemini,gemini-3.5-flash-lite,xénophobie,dog_whistle,tri_manuel,xenophobie,0.95,,556,1,,2026-08-23T13:32:21
rxa_0033,gemini,gemini-3.5-flash-lite,racisme,hostilite_religieuse,tri_manuel,xenophobie,0.6,,552,1,,2026-08-23T13:32:26
rxa_0679,gemini,gemini-3.5-flash-lite,xénophobie,haine_explicite,generation_originale,xenophobie,0.95,,542,1,,2026-08-23T13:32:31
rxa_0826,gemini,gemini-3.5-flash-lite,xénophobie,ambigu,hardcase,xenophobie,0.85,,533,1,,2026-08-23T13:32:36
rxa_0606,gemini,gemini-3.5-flash-lite,xénophobie,exclusion,transfert_racisme_xenophobie,xenophobie,0.95,,652,1,,2026-08-23T13:32:41
rxa_1361,gemini,gemini-3.5-flash-lite,antisémitisme,haine_implicite,hardcase,antisemitisme,0.85,,812,1,,2026-08-23T13:32:46
rxa_0865,gemini,gemini-3.5-flash-lite,xénophobie,exclusion,hardcase,xenophobie,0.85,,665,1,,2026-08-23T13:32:51
rxa_1430,gemini,gemini-3.5-flash-lite,racisme,haine_implicite,generation_complement,racisme,0.85,,604,1,,2026-08-23T13:32:56
rxa_1478,gemini,gemini-3.5-flash-lite,racisme,ambigu,generation_complement,xenophobie,0.85,,593,1,,2026-08-23T13:33:01
rxa_0630,gemini,gemini-3.5-flash-lite,xénophobie,sarcasme,transfert_racisme_xenophobie,xenophobie,0.85,,523,1,,2026-08-23T13:33:06
rxa_1033,gemini,gemini-3.5-flash-lite,antisémitisme,haine_explicite,transfert_racisme_antisemitisme,antisemitisme,0.95,,680,1,,2026-08-23T13:33:11
rxa_1206,gemini,gemini-3.5-flash-lite,antisémitisme,haine_implicite,generation_originale,antisemitisme,0.8,,758,1,,2026-08-23T13:33:16
rxa_0208,gemini,gemini-3.5-flash-lite,racisme,haine_explicite,tri_manuel,racisme,0.6,,509,1,,2026-08-23T13:33:21
rxa_0512,gemini,gemini-3.5-flash-lite,racisme,dog_whistle,generation_originale,xenophobie,0.85,,519,1,,2026-08-23T13:33:26
rxa_0759,gemini,gemini-3.5-flash-lite,xénophobie,stereotype,generation_originale,xenophobie,0.95,,562,1,,2026-08-23T13:33:31
rxa_0668,gemini,gemini-3.5-flash-lite,xénophobie,ambigu,transfert_racisme_xenophobie,xenophobie,0.85,,522,1,,2026-08-23T13:33:36
rxa_0540,gemini,gemini-3.5-flash-lite,xénophobie,haine_explicite,transfert_racisme_xenophobie,xenophobie,0.95,,646,1,,2026-08-23T13:33:41
rxa_1412,gemini,gemini-3.5-flash-lite,antisémitisme,ambigu,hardcase,antisemitisme,0.85,,532,1,,2026-08-23T13:33:46
rxa_0957,gemini,gemini-3.5-flash-lite,antisémitisme,stereotype,transfert_racisme_antisemitisme,antisemitisme,1.0,,554,1,,2026-08-23T13:33:51
rxa_0240,gemini,gemini-3.5-flash-lite,antisémitisme,complotisme,tri_manuel,antisemitisme,1.0,,544,1,,2026-08-23T13:33:56
rxa_0121,gemini,gemini-3.5-flash-lite,racisme,hostilite_religieuse,tri_manuel,xenophobie,0.85,,538,1,,2026-08-23T13:34:01
rxa_0837,gemini,gemini-3.5-flash-lite,xénophobie,sarcasme,hardcase,xenophobie,0.85,,558,1,,2026-08-23T13:34:06
rxa_0074,gemini,gemini-3.5-flash-lite,racisme,stereotype,tri_manuel,racisme,0.85,,528,1,,2026-08-23T13:34:11
rxa_0592,gemini,gemini-3.5-flash-lite,xénophobie,haine_implicite,transfert_racisme_xenophobie,xenophobie,0.95,,575,1,,2026-08-23T13:34:16
rxa_1479,gemini,gemini-3.5-flash-lite,racisme,ambigu,generation_complement,racisme,0.8,,721,1,,2026-08-23T13:34:21
rxa_1184,gemini,gemini-3.5-flash-lite,antisémitisme,haine_explicite,generation_originale,antisemitisme,1.0,,604,1,,2026-08-23T13:34:26
rxa_0569,gemini,gemini-3.5-flash-lite,xénophobie,haine_implicite,transfert_racisme_xenophobie,xenophobie,0.85,,515,1,,2026-08-23T13:34:31
rxa_0274,gemini,gemini-3.5-flash-lite,racisme,haine_explicite,tri_manuel,racisme,0.95,,503,1,,2026-08-23T13:34:36
rxa_0353,gemini,gemini-3.5-flash-lite,racisme,haine_explicite,tri_manuel,racisme,1.0,,537,1,,2026-08-23T13:34:41
rxa_1415,gemini,gemini-3.5-flash-lite,antisémitisme,stereotype,hardcase,antisemitisme,0.85,,538,1,,2026-08-23T13:34:46
rxa_0613,gemini,gemini-3.5-flash-lite,xénophobie,exclusion,transfert_racisme_xenophobie,xenophobie,0.85,,519,1,,2026-08-23T13:34:50
rxa_0402,gemini,gemini-3.5-flash-lite,antisémitisme,haine_explicite,tri_manuel,antisemitisme,1.0,,515,1,,2026-08-23T13:34:55
rxa_0071,gemini,gemini-3.5-flash-lite,racisme,haine_explicite,tri_manuel,racisme,0.85,,583,1,,2026-08-23T13:35:00
rxa_0104,gemini,gemini-3.5-flash-lite,racisme,haine_explicite,tri_manuel,xenophobie,0.65,,632,1,,2026-08-23T13:35:05
rxa_0589,gemini,gemini-3.5-flash-lite,xénophobie,haine_implicite,transfert_racisme_xenophobie,xenophobie,0.95,,568,1,,2026-08-23T13:35:10
rxa_1300,gemini,gemini-3.5-flash-lite,antisémitisme,ambigu,hardcase,antisemitisme,0.6,,540,1,,2026-08-23T13:35:15
rxa_1451,gemini,gemini-3.5-flash-lite,racisme,stereotype,generation_complement,racisme,0.98,,617,1,,2026-08-23T13:35:20
rxa_0454,gemini,gemini-3.5-flash-lite,racisme,haine_implicite,generation_originale,xenophobie,0.85,,547,1,,2026-08-23T13:35:25
rxa_0256,gemini,gemini-3.5-flash-lite,racisme,haine_explicite,tri_manuel,racisme,0.95,,534,1,,2026-08-23T13:35:30
rxa_0937,gemini,gemini-3.5-flash-lite,xénophobie,haine_implicite,hardcase,xenophobie,0.95,,535,1,,2026-08-23T13:35:35
rxa_1302,gemini,gemini-3.5-flash-lite,antisémitisme,sarcasme,hardcase,antisemitisme,0.95,,569,1,,2026-08-23T13:35:40
rxa_0646,gemini,gemini-3.5-flash-lite,xénophobie,dog_whistle,transfert_racisme_xenophobie,xenophobie,0.85,,700,1,,2026-08-23T13:35:45
rxa_0506,gemini,gemini-3.5-flash-lite,racisme,sarcasme,generation_originale,racisme,0.85,,502,1,,2026-08-23T13:35:50
rxa_0092,gemini,gemini-3.5-flash-lite,xénophobie,haine_implicite,tri_manuel,xenophobie,0.95,,516,1,,2026-08-23T13:35:55
rxa_1227,gemini,gemini-3.5-flash-lite,antisémitisme,haine_implicite,generation_originale,antisemitisme,0.8,,586,1,,2026-08-23T13:36:00
rxa_0771,gemini,gemini-3.5-flash-lite,xénophobie,stereotype,generation_originale,xenophobie,0.9,,711,1,,2026-08-23T13:36:05
rxa_1346,gemini,gemini-3.5-flash-lite,antisémitisme,haine_implicite,hardcase,antisemitisme,0.85,,513,1,,2026-08-23T13:36:10
rxa_0004,gemini,gemini-3.5-flash-lite,racisme,stereotype,tri_manuel,racisme,0.85,,507,1,,2026-08-23T13:36:15
rxa_0164,gemini,gemini-3.5-flash-lite,xénophobie,exclusion,tri_manuel,xenophobie,0.99,,594,1,,2026-08-23T13:36:20
rxa_0445,gemini,gemini-3.5-flash-lite,racisme,haine_explicite,generation_originale,racisme,0.95,,474,1,,2026-08-23T13:36:25
rxa_0756,gemini,gemini-3.5-flash-lite,xénophobie,stereotype,generation_originale,xenophobie,0.9,,580,1,,2026-08-23T13:36:30
rxa_0740,gemini,gemini-3.5-flash-lite,xénophobie,haine_implicite,generation_originale,xenophobie,0.85,,506,1,,2026-08-23T13:36:35
rxa_0382,gemini,gemini-3.5-flash-lite,racisme,haine_explicite,tri_manuel,racisme,1.0,,589,1,,2026-08-23T13:36:40
rxa_0022,gemini,gemini-3.5-flash-lite,racisme,stereotype,tri_manuel,xenophobie,0.6,,519,1,,2026-08-23T13:36:45
rxa_0571,gemini,gemini-3.5-flash-lite,xénophobie,haine_implicite,transfert_racisme_xenophobie,xenophobie,0.85,,626,1,,2026-08-23T13:36:50
rxa_1035,gemini,gemini-3.5-flash-lite,antisémitisme,haine_implicite,transfert_racisme_antisemitisme,antisemitisme,0.99,,488,1,,2026-08-23T13:36:55
rxa_0939,gemini,gemini-3.5-flash-lite,xénophobie,haine_implicite,hardcase,xenophobie,0.85,,716,1,,2026-08-23T13:37:00
rxa_1328,gemini,gemini-3.5-flash-lite,antisémitisme,haine_implicite,hardcase,antisemitisme,0.65,,637,1,,2026-08-23T13:37:05
rxa_0906,gemini,gemini-3.5-flash-lite,xénophobie,dog_whistle,hardcase,xenophobie,0.85,,519,1,,2026-08-23T13:37:10
rxa_1457,gemini,gemini-3.5-flash-lite,racisme,sarcasme,generation_complement,xenophobie,0.85,,591,1,,2026-08-23T13:37:15
rxa_0062,gemini,gemini-3.5-flash-lite,racisme,stereotype,tri_manuel,racisme,0.85,,515,1,,2026-08-23T13:37:20
rxa_0635,gemini,gemini-3.5-flash-lite,xénophobie,sarcasme,transfert_racisme_xenophobie,xenophobie,0.95,,1013,1,,2026-08-23T13:37:25
rxa_0255,gemini,gemini-3.5-flash-lite,xénophobie,haine_explicite,tri_manuel,xenophobie,0.95,,730,1,,2026-08-23T13:37:30
rxa_0194,gemini,gemini-3.5-flash-lite,xénophobie,haine_explicite,tri_manuel,racisme,0.95,,750,1,,2026-08-23T13:37:35
rxa_1178,gemini,gemini-3.5-flash-lite,antisémitisme,haine_explicite,generation_originale,antisemitisme,1.0,,498,1,,2026-08-23T13:37:40
rxa_0913,gemini,gemini-3.5-flash-lite,xénophobie,ambigu,hardcase,xenophobie,0.85,,567,1,,2026-08-23T13:37:45
rxa_0409,gemini,gemini-3.5-flash-lite,xénophobie,dog_whistle,tri_manuel,xenophobie,0.95,,529,1,,2026-08-23T13:37:50
rxa_0044,gemini,gemini-3.5-flash-lite,racisme,stereotype,tri_manuel,xenophobie,0.6,,559,1,,2026-08-23T13:37:55
rxa_0163,gemini,gemini-3.5-flash-lite,xénophobie,exclusion,tri_manuel,xenophobie,0.95,,642,1,,2026-08-23T13:38:00
rxa_0623,gemini,gemini-3.5-flash-lite,xénophobie,sarcasme,transfert_racisme_xenophobie,xenophobie,0.95,,632,1,,2026-08-23T13:38:05
rxa_1376,gemini,gemini-3.5-flash-lite,antisémitisme,sarcasme,hardcase,antisemitisme,0.85,,640,1,,2026-08-23T13:38:10
rxa_0731,gemini,gemini-3.5-flash-lite,xénophobie,haine_implicite,generation_originale,xenophobie,0.95,,544,1,,2026-08-23T13:38:15
rxa_0417,gemini,gemini-3.5-flash-lite,racisme,haine_explicite,generation_originale,xenophobie,0.95,,526,1,,2026-08-23T13:38:20
rxa_0725,gemini,gemini-3.5-flash-lite,xénophobie,haine_implicite,generation_originale,xenophobie,0.85,,531,1,,2026-08-23T13:38:25
rxa_0782,gemini,gemini-3.5-flash-lite,xénophobie,sarcasme,generation_originale,xenophobie,0.95,,663,1,,2026-08-23T13:38:30
rxa_0056,gemini,gemini-3.5-flash-lite,racisme,exclusion,tri_manuel,xenophobie,0.85,,611,1,,2026-08-23T13:38:35
rxa_1406,gemini,gemini-3.5-flash-lite,antisémitisme,sarcasme,hardcase,antisemitisme,0.6,,702,1,,2026-08-23T13:38:40
rxa_1073,gemini,gemini-3.5-flash-lite,antisémitisme,hostilite_religieuse,transfert_racisme_antisemitisme,antisemitisme,0.99,,558,1,,2026-08-23T13:38:45
rxa_0754,gemini,gemini-3.5-flash-lite,xénophobie,haine_implicite,generation_originale,xenophobie,0.95,,873,1,,2026-08-23T13:38:51
rxa_0817,gemini,gemini-3.5-flash-lite,xénophobie,ambigu,generation_originale,xenophobie,0.95,,599,1,,2026-08-23T13:38:56
rxa_0857,gemini,gemini-3.5-flash-lite,xénophobie,exclusion,hardcase,xenophobie,0.85,,551,1,,2026-08-23T13:39:01
rxa_0959,gemini,gemini-3.5-flash-lite,antisémitisme,stereotype,transfert_racisme_antisemitisme,antisemitisme,0.99,,654,1,,2026-08-23T13:39:06
rxa_0912,gemini,gemini-3.5-flash-lite,xénophobie,haine_implicite,hardcase,xenophobie,0.85,,587,1,,2026-08-23T13:39:11
rxa_0800,gemini,gemini-3.5-flash-lite,xénophobie,dog_whistle,generation_originale,xenophobie,0.85,,737,1,,2026-08-23T13:39:16
rxa_0288,gemini,gemini-3.5-flash-lite,antisémitisme,haine_explicite,tri_manuel,antisemitisme,0.95,,569,1,,2026-08-23T13:39:21
rxa_1278,gemini,gemini-3.5-flash-lite,antisémitisme,dog_whistle,generation_originale,antisemitisme,0.85,,554,1,,2026-08-23T13:39:26
rxa_0225,gemini,gemini-3.5-flash-lite,racisme,haine_explicite,tri_manuel,racisme,0.95,,625,1,,2026-08-23T13:39:31
rxa_1103,gemini,gemini-3.5-flash-lite,antisémitisme,ambigu,transfert_racisme_antisemitisme,antisemitisme,0.95,,600,1,,2026-08-23T13:39:36
rxa_0942,gemini,gemini-3.5-flash-lite,xénophobie,dog_whistle,hardcase,xenophobie,0.95,,559,1,,2026-08-23T13:39:41
rxa_1192,gemini,gemini-3.5-flash-lite,antisémitisme,haine_implicite,generation_originale,antisemitisme,0.8,,715,1,,2026-08-23T13:39:46
rxa_0090,gemini,gemini-3.5-flash-lite,xénophobie,dog_whistle,tri_manuel,xenophobie,0.95,,618,1,,2026-08-23T13:39:51
rxa_0989,gemini,gemini-3.5-flash-lite,antisémitisme,stereotype,transfert_racisme_antisemitisme,antisemitisme,1.0,,624,1,,2026-08-23T13:39:56
rxa_1351,gemini,gemini-3.5-flash-lite,antisémitisme,sarcasme,hardcase,xenophobie,0.65,,591,1,,2026-08-23T13:40:01
rxa_1068,gemini,gemini-3.5-flash-lite,antisémitisme,complotisme,transfert_racisme_antisemitisme,antisemitisme,0.95,,664,1,,2026-08-23T13:40:06
rxa_0040,gemini,gemini-3.5-flash-lite,racisme,stereotype,tri_manuel,racisme,0.85,,704,1,,2026-08-23T13:40:11
rxa_0811,gemini,gemini-3.5-flash-lite,xénophobie,ambigu,generation_originale,xenophobie,0.85,,671,1,,2026-08-23T13:40:16
rxa_0386,gemini,gemini-3.5-flash-lite,antisémitisme,haine_explicite,tri_manuel,antisemitisme,1.0,,588,1,,2026-08-23T13:40:21
rxa_0870,gemini,gemini-3.5-flash-lite,xénophobie,exclusion,hardcase,xenophobie,0.85,,548,1,,2026-08-23T13:40:26
rxa_1498,gemini,gemini-3.5-flash-lite,xénophobie,ambigu,generation_complement,xenophobie,0.85,,678,1,,2026-08-23T13:40:31
rxa_0114,gemini,gemini-3.5-flash-lite,racisme,exclusion,tri_manuel,xenophobie,0.85,,645,1,,2026-08-23T13:40:36
rxa_1340,gemini,gemini-3.5-flash-lite,antisémitisme,haine_implicite,hardcase,xenophobie,0.51,,553,1,,2026-08-23T13:40:41
rxa_0945,gemini,gemini-3.5-flash-lite,xénophobie,haine_implicite,hardcase,xenophobie,0.85,,524,1,,2026-08-23T13:40:46
rxa_1311,gemini,gemini-3.5-flash-lite,antisémitisme,stereotype,hardcase,antisemitisme,0.85,,548,1,,2026-08-23T13:40:51
rxa_1027,gemini,gemini-3.5-flash-lite,antisémitisme,exclusion,transfert_racisme_antisemitisme,antisemitisme,0.95,,548,1,,2026-08-23T13:40:56
rxa_1204,gemini,gemini-3.5-flash-lite,antisémitisme,haine_implicite,generation_originale,antisemitisme,0.85,,560,1,,2026-08-23T13:41:01
rxa_0486,gemini,gemini-3.5-flash-lite,racisme,stereotype,generation_originale,racisme,0.95,,516,1,,2026-08-23T13:41:06
rxa_0590,gemini,gemini-3.5-flash-lite,xénophobie,haine_implicite,transfert_racisme_xenophobie,xenophobie,0.95,,533,1,,2026-08-23T13:41:11
rxa_0824,gemini,gemini-3.5-flash-lite,xénophobie,haine_implicite,hardcase,xenophobie,0.85,,552,1,,2026-08-23T13:41:16
rxa_0204,gemini,gemini-3.5-flash-lite,racisme,haine_explicite,tri_manuel,racisme,0.95,,567,1,,2026-08-23T13:41:21
rxa_0729,gemini,gemini-3.5-flash-lite,xénophobie,haine_implicite,generation_originale,xenophobie,0.85,,628,1,,2026-08-23T13:41:26
rxa_1349,gemini,gemini-3.5-flash-lite,antisémitisme,dog_whistle,hardcase,antisemitisme,0.85,,560,1,,2026-08-23T13:41:31
rxa_1423,gemini,gemini-3.5-flash-lite,racisme,haine_explicite,generation_complement,racisme,0.85,,644,1,,2026-08-23T13:41:36
rxa_1266,gemini,gemini-3.5-flash-lite,antisémitisme,sarcasme,generation_originale,racisme,0.85,,559,1,,2026-08-23T13:41:41
rxa_0496,gemini,gemini-3.5-flash-lite,racisme,stereotype,generation_originale,racisme,0.95,,780,1,,2026-08-23T13:41:46
rxa_0909,gemini,gemini-3.5-flash-lite,xénophobie,dog_whistle,hardcase,antisemitisme,0.8,,628,1,,2026-08-23T13:41:51
rxa_0747,gemini,gemini-3.5-flash-lite,xénophobie,haine_implicite,generation_originale,xenophobie,0.85,,605,1,,2026-08-23T13:41:56
rxa_0526,gemini,gemini-3.5-flash-lite,racisme,ambigu,generation_originale,xenophobie,0.95,,563,1,,2026-08-23T13:42:01
rxa_0854,gemini,gemini-3.5-flash-lite,xénophobie,dog_whistle,hardcase,xenophobie,0.85,,645,1,,2026-08-23T13:42:06
rxa_0774,gemini,gemini-3.5-flash-lite,xénophobie,stereotype,generation_originale,xenophobie,0.95,,522,1,,2026-08-23T13:42:11
rxa_1145,gemini,gemini-3.5-flash-lite,antisémitisme,haine_explicite,transfert_racisme_antisemitisme,antisemitisme,0.95,,575,1,,2026-08-23T13:42:16
rxa_0975,gemini,gemini-3.5-flash-lite,antisémitisme,complotisme,transfert_racisme_antisemitisme,antisemitisme,0.95,,485,1,,2026-08-23T13:42:21
rxa_0176,gemini,gemini-3.5-flash-lite,xénophobie,haine_explicite,tri_manuel,xenophobie,0.95,,602,1,,2026-08-23T13:42:26
rxa_1225,gemini,gemini-3.5-flash-lite,antisémitisme,haine_implicite,generation_originale,antisemitisme,0.8,,507,1,,2026-08-23T13:42:31
rxa_0685,gemini,gemini-3.5-flash-lite,xénophobie,haine_explicite,generation_originale,xenophobie,0.95,,521,1,,2026-08-23T13:42:36
rxa_1205,gemini,gemini-3.5-flash-lite,antisémitisme,haine_implicite,generation_originale,antisemitisme,0.8,,559,1,,2026-08-23T13:42:41
rxa_0579,gemini,gemini-3.5-flash-lite,xénophobie,haine_implicite,transfert_racisme_xenophobie,xenophobie,0.95,,598,1,,2026-08-23T13:42:46
rxa_1489,gemini,gemini-3.5-flash-lite,xénophobie,haine_implicite,generation_complement,xenophobie,0.95,,765,1,,2026-08-23T13:42:51
rxa_0916,gemini,gemini-3.5-flash-lite,xénophobie,sarcasme,hardcase,xenophobie,0.95,,490,1,,2026-08-23T13:42:56
rxa_1241,gemini,gemini-3.5-flash-lite,antisémitisme,stereotype,generation_originale,antisemitisme,0.8,,488,1,,2026-08-23T13:43:01
rxa_0159,gemini,gemini-3.5-flash-lite,xénophobie,exclusion,tri_manuel,xenophobie,0.95,,563,1,,2026-08-23T13:43:06
rxa_1380,gemini,gemini-3.5-flash-lite,antisémitisme,haine_implicite,hardcase,antisemitisme,0.8,,751,1,,2026-08-23T13:43:11
rxa_0929,gemini,gemini-3.5-flash-lite,xénophobie,exclusion,hardcase,xenophobie,0.85,,653,1,,2026-08-23T13:43:16
rxa_0050,gemini,gemini-3.5-flash-lite,racisme,stereotype,tri_manuel,xenophobie,0.85,,619,1,,2026-08-23T13:43:21
rxa_1455,gemini,gemini-3.5-flash-lite,racisme,sarcasme,generation_complement,xenophobie,0.85,,740,1,,2026-08-23T13:43:26
rxa_0373,gemini,gemini-3.5-flash-lite,racisme,haine_explicite,tri_manuel,racisme,0.85,,539,1,,2026-08-23T13:43:31
rxa_0405,gemini,gemini-3.5-flash-lite,racisme,haine_explicite,tri_manuel,racisme,0.99,,533,1,,2026-08-23T13:43:36
rxa_0008,gemini,gemini-3.5-flash-lite,racisme,hostilite_religieuse,tri_manuel,xenophobie,0.55,,768,1,,2026-08-23T13:43:41
rxa_0702,gemini,gemini-3.5-flash-lite,xénophobie,haine_explicite,generation_originale,xenophobie,0.95,,699,1,,2026-08-23T13:43:46
rxa_0384,gemini,gemini-3.5-flash-lite,racisme,haine_explicite,tri_manuel,racisme,0.95,,540,1,,2026-08-23T13:43:51
rxa_1428,gemini,gemini-3.5-flash-lite,racisme,haine_explicite,generation_complement,xenophobie,0.95,,546,1,,2026-08-23T13:43:56
rxa_0298,gemini,gemini-3.5-flash-lite,racisme,haine_explicite,tri_manuel,racisme,0.98,,533,1,,2026-08-23T13:44:01
rxa_0877,gemini,gemini-3.5-flash-lite,xénophobie,haine_implicite,hardcase,xenophobie,0.95,,456,1,,2026-08-23T13:44:06
rxa_0710,gemini,gemini-3.5-flash-lite,xénophobie,haine_explicite,generation_originale,xenophobie,0.95,,578,1,,2026-08-23T13:44:11
rxa_0572,gemini,gemini-3.5-flash-lite,xénophobie,haine_implicite,transfert_racisme_xenophobie,xenophobie,0.95,,510,1,,2026-08-23T13:44:16
rxa_0801,gemini,gemini-3.5-flash-lite,xénophobie,dog_whistle,generation_originale,xenophobie,0.85,,565,1,,2026-08-23T13:44:21
rxa_0620,gemini,gemini-3.5-flash-lite,xénophobie,sarcasme,transfert_racisme_xenophobie,xenophobie,0.95,,621,1,,2026-08-23T13:44:26
rxa_0901,gemini,gemini-3.5-flash-lite,xénophobie,dog_whistle,hardcase,xenophobie,0.85,,512,1,,2026-08-23T13:44:31
rxa_1017,gemini,gemini-3.5-flash-lite,antisémitisme,stereotype,transfert_racisme_antisemitisme,antisemitisme,1.0,,571,1,,2026-08-23T13:44:36
rxa_0228,gemini,gemini-3.5-flash-lite,antisémitisme,haine_explicite,tri_manuel,antisemitisme,1.0,,811,1,,2026-08-23T13:44:41
rxa_0853,gemini,gemini-3.5-flash-lite,xénophobie,dog_whistle,hardcase,xenophobie,0.85,,693,1,,2026-08-23T13:44:46
rxa_1246,gemini,gemini-3.5-flash-lite,antisémitisme,stereotype,generation_originale,antisemitisme,0.8,,632,1,,2026-08-23T13:44:51
rxa_0794,gemini,gemini-3.5-flash-lite,xénophobie,sarcasme,generation_originale,xenophobie,0.85,,551,1,,2026-08-23T13:44:56
rxa_1493,gemini,gemini-3.5-flash-lite,xénophobie,dog_whistle,generation_complement,xenophobie,0.95,,653,1,,2026-08-23T13:45:01
rxa_0216,gemini,gemini-3.5-flash-lite,xénophobie,complotisme,tri_manuel,xenophobie,0.85,,503,1,,2026-08-23T13:45:06
rxa_0791,gemini,gemini-3.5-flash-lite,xénophobie,sarcasme,generation_originale,xenophobie,0.85,,685,1,,2026-08-23T13:45:11
rxa_0605,gemini,gemini-3.5-flash-lite,xénophobie,exclusion,transfert_racisme_xenophobie,xenophobie,0.85,,675,1,,2026-08-23T13:45:16
rxa_0924,gemini,gemini-3.5-flash-lite,xénophobie,sarcasme,hardcase,xenophobie,0.85,,574,1,,2026-08-23T13:45:21
rxa_1088,gemini,gemini-3.5-flash-lite,antisémitisme,haine_explicite,transfert_racisme_antisemitisme,antisemitisme,1.0,,536,1,,2026-08-23T13:45:26
rxa_0976,gemini,gemini-3.5-flash-lite,antisémitisme,complotisme,transfert_racisme_antisemitisme,antisemitisme,0.95,,746,1,,2026-08-23T13:45:31
rxa_0532,gemini,gemini-3.5-flash-lite,racisme,ambigu,generation_originale,xenophobie,0.51,,606,1,,2026-08-23T13:45:36
rxa_0155,gemini,gemini-3.5-flash-lite,racisme,stereotype,tri_manuel,racisme,0.95,,561,1,,2026-08-23T13:45:41
rxa_1392,gemini,gemini-3.5-flash-lite,antisémitisme,haine_implicite,hardcase,antisemitisme,0.85,,607,1,,2026-08-23T13:45:46
rxa_0990,gemini,gemini-3.5-flash-lite,antisémitisme,stereotype,transfert_racisme_antisemitisme,antisemitisme,0.99,,644,1,,2026-08-23T13:45:51
rxa_0271,gemini,gemini-3.5-flash-lite,antisémitisme,ambigu,tri_manuel,antisemitisme,1.0,,635,1,,2026-08-23T13:45:57
rxa_1329,gemini,gemini-3.5-flash-lite,antisémitisme,sarcasme,hardcase,antisemitisme,0.85,,521,1,,2026-08-23T13:46:01
rxa_1358,gemini,gemini-3.5-flash-lite,antisémitisme,sarcasme,hardcase,antisemitisme,0.8,,536,1,,2026-08-23T13:46:06
rxa_1486,gemini,gemini-3.5-flash-lite,xénophobie,haine_implicite,generation_complement,xenophobie,0.95,,542,1,,2026-08-23T13:46:11
rxa_0303,gemini,gemini-3.5-flash-lite,racisme,stereotype,tri_manuel,racisme,0.95,,548,1,,2026-08-23T13:46:16
rxa_0925,gemini,gemini-3.5-flash-lite,xénophobie,ambigu,hardcase,xenophobie,0.85,,591,1,,2026-08-23T13:46:21
rxa_0183,gemini,gemini-3.5-flash-lite,racisme,stereotype,tri_manuel,racisme,0.95,,510,1,,2026-08-23T13:46:26
rxa_0652,gemini,gemini-3.5-flash-lite,xénophobie,dog_whistle,transfert_racisme_xenophobie,xenophobie,0.85,,677,1,,2026-08-23T13:46:31
rxa_0464,gemini,gemini-3.5-flash-lite,racisme,haine_implicite,generation_originale,racisme,0.85,,566,1,,2026-08-23T13:46:36
rxa_0478,gemini,gemini-3.5-flash-lite,racisme,haine_implicite,generation_originale,xenophobie,0.8,,522,1,,2026-08-23T13:46:41
rxa_0424,gemini,gemini-3.5-flash-lite,racisme,haine_explicite,generation_originale,racisme,0.95,,559,1,,2026-08-23T13:46:46
rxa_0393,gemini,gemini-3.5-flash-lite,racisme,haine_explicite,tri_manuel,racisme,0.95,,571,1,,2026-08-23T13:46:51
rxa_0714,gemini,gemini-3.5-flash-lite,xénophobie,haine_explicite,generation_originale,xenophobie,0.99,,636,1,,2026-08-23T13:46:56
rxa_0577,gemini,gemini-3.5-flash-lite,xénophobie,haine_implicite,transfert_racisme_xenophobie,xenophobie,0.85,,586,1,,2026-08-23T13:47:01
rxa_1269,gemini,gemini-3.5-flash-lite,antisémitisme,sarcasme,generation_originale,antisemitisme,0.55,,554,1,,2026-08-23T13:47:06
rxa_0124,gemini,gemini-3.5-flash-lite,racisme,stereotype,tri_manuel,xenophobie,0.85,,652,1,,2026-08-23T13:47:11
rxa_0272,gemini,gemini-3.5-flash-lite,antisémitisme,haine_explicite,tri_manuel,antisemitisme,1.0,,512,1,,2026-08-23T13:47:16
rxa_0059,gemini,gemini-3.5-flash-lite,racisme,stereotype,tri_manuel,racisme,0.8,,562,1,,2026-08-23T13:47:21
rxa_0934,gemini,gemini-3.5-flash-lite,xénophobie,haine_implicite,hardcase,racisme,0.85,,547,1,,2026-08-23T13:47:26
rxa_1160,gemini,gemini-3.5-flash-lite,antisémitisme,haine_explicite,generation_originale,antisemitisme,1.0,,535,1,,2026-08-23T13:47:31
rxa_0992,gemini,gemini-3.5-flash-lite,antisémitisme,stereotype,transfert_racisme_antisemitisme,antisemitisme,0.95,,504,1,,2026-08-23T13:47:36
rxa_0554,gemini,gemini-3.5-flash-lite,xénophobie,haine_explicite,transfert_racisme_xenophobie,xenophobie,0.95,,555,1,,2026-08-23T13:47:41
rxa_0482,gemini,gemini-3.5-flash-lite,racisme,stereotype,generation_originale,racisme,0.95,,602,1,,2026-08-23T13:47:46
rxa_1006,gemini,gemini-3.5-flash-lite,antisémitisme,exclusion,transfert_racisme_antisemitisme,antisemitisme,0.95,,519,1,,2026-08-23T13:47:51
rxa_0660,gemini,gemini-3.5-flash-lite,xénophobie,ambigu,transfert_racisme_xenophobie,xenophobie,0.85,,523,1,,2026-08-23T13:47:56
rxa_0708,gemini,gemini-3.5-flash-lite,xénophobie,haine_explicite,generation_originale,xenophobie,0.95,,566,1,,2026-08-23T13:48:01
rxa_0209,gemini,gemini-3.5-flash-lite,racisme,haine_explicite,tri_manuel,racisme,0.99,,537,1,,2026-08-23T13:48:06
rxa_0576,gemini,gemini-3.5-flash-lite,xénophobie,haine_implicite,transfert_racisme_xenophobie,xenophobie,0.85,,596,1,,2026-08-23T13:48:11
rxa_1149,gemini,gemini-3.5-flash-lite,antisémitisme,haine_explicite,generation_originale,antisemitisme,1.0,,562,1,,2026-08-23T13:48:16
rxa_0903,gemini,gemini-3.5-flash-lite,xénophobie,dog_whistle,hardcase,xenophobie,0.85,,566,1,,2026-08-23T13:48:21
rxa_1168,gemini,gemini-3.5-flash-lite,antisémitisme,haine_explicite,generation_originale,antisemitisme,1.0,,536,1,,2026-08-23T13:48:26
rxa_0963,gemini,gemini-3.5-flash-lite,antisémitisme,hostilite_religieuse,transfert_racisme_antisemitisme,antisemitisme,0.95,,539,1,,2026-08-23T13:48:31
rxa_0832,gemini,gemini-3.5-flash-lite,xénophobie,dog_whistle,hardcase,xenophobie,0.85,,515,1,,2026-08-23T13:48:35
rxa_0758,gemini,gemini-3.5-flash-lite,xénophobie,stereotype,generation_originale,xenophobie,0.85,,513,1,,2026-08-23T13:48:40
rxa_0644,gemini,gemini-3.5-flash-lite,xénophobie,dog_whistle,transfert_racisme_xenophobie,xenophobie,0.95,,580,1,,2026-08-23T13:48:45
rxa_1082,gemini,gemini-3.5-flash-lite,antisémitisme,stereotype,transfert_racisme_antisemitisme,antisemitisme,0.85,,504,1,,2026-08-23T13:48:50
rxa_0650,gemini,gemini-3.5-flash-lite,xénophobie,dog_whistle,transfert_racisme_xenophobie,xenophobie,0.85,,571,1,,2026-08-23T13:48:55
rxa_0046,gemini,gemini-3.5-flash-lite,racisme,exclusion,tri_manuel,xenophobie,0.8,,520,1,,2026-08-23T13:49:00
rxa_0565,gemini,gemini-3.5-flash-lite,xénophobie,haine_explicite,transfert_racisme_xenophobie,xenophobie,0.9,,548,1,,2026-08-23T13:49:05
rxa_1325,gemini,gemini-3.5-flash-lite,antisémitisme,haine_implicite,hardcase,antisemitisme,0.85,,550,1,,2026-08-23T13:49:10
rxa_0943,gemini,gemini-3.5-flash-lite,xénophobie,haine_implicite,hardcase,racisme,0.85,,660,1,,2026-08-23T13:49:15
rxa_0670,gemini,gemini-3.5-flash-lite,xénophobie,ambigu,transfert_racisme_xenophobie,xenophobie,0.85,,513,1,,2026-08-23T13:49:20
rxa_0399,gemini,gemini-3.5-flash-lite,racisme,haine_explicite,tri_manuel,racisme,0.95,,692,1,,2026-08-23T13:49:25
rxa_0712,gemini,gemini-3.5-flash-lite,xénophobie,haine_explicite,generation_originale,xenophobie,0.95,,557,1,,2026-08-23T13:49:30
rxa_1363,gemini,gemini-3.5-flash-lite,antisémitisme,stereotype,hardcase,antisemitisme,0.85,,541,1,,2026-08-23T13:49:35
rxa_0887,gemini,gemini-3.5-flash-lite,xénophobie,haine_implicite,hardcase,xenophobie,0.95,,531,1,,2026-08-23T13:49:40
rxa_1286,gemini,gemini-3.5-flash-lite,antisémitisme,dog_whistle,generation_originale,antisemitisme,0.9,,562,1,,2026-08-23T13:49:45
rxa_0813,gemini,gemini-3.5-flash-lite,xénophobie,ambigu,generation_originale,xenophobie,0.85,,592,1,,2026-08-23T13:49:50
rxa_0412,gemini,gemini-3.5-flash-lite,racisme,haine_explicite,generation_originale,xenophobie,0.8,,578,1,,2026-08-23T13:49:55
rxa_1294,gemini,gemini-3.5-flash-lite,antisémitisme,ambigu,generation_originale,antisemitisme,0.8,,662,1,,2026-08-23T13:50:00
rxa_0188,gemini,gemini-3.5-flash-lite,antisémitisme,haine_explicite,tri_manuel,antisemitisme,0.95,,610,1,,2026-08-23T13:50:05
rxa_0137,gemini,gemini-3.5-flash-lite,racisme,sarcasme,tri_manuel,xenophobie,0.85,,614,1,,2026-08-23T13:50:10
rxa_0616,gemini,gemini-3.5-flash-lite,xénophobie,sarcasme,transfert_racisme_xenophobie,xenophobie,0.85,,645,1,,2026-08-23T13:50:15
rxa_1015,gemini,gemini-3.5-flash-lite,antisémitisme,stereotype,transfert_racisme_antisemitisme,antisemitisme,1.0,,673,1,,2026-08-23T13:50:20
rxa_1176,gemini,gemini-3.5-flash-lite,antisémitisme,haine_explicite,generation_originale,antisemitisme,0.95,,504,1,,2026-08-23T13:50:25
rxa_0226,gemini,gemini-3.5-flash-lite,racisme,haine_explicite,tri_manuel,racisme,0.95,,535,1,,2026-08-23T13:50:30
rxa_1476,gemini,gemini-3.5-flash-lite,racisme,ambigu,generation_complement,xenophobie,0.65,,566,1,,2026-08-23T13:50:35
rxa_0265,gemini,gemini-3.5-flash-lite,racisme,haine_explicite,tri_manuel,racisme,0.95,,770,1,,2026-08-23T13:50:40
rxa_0527,gemini,gemini-3.5-flash-lite,racisme,ambigu,generation_originale,xenophobie,0.6,,585,1,,2026-08-23T13:50:45
rxa_1134,gemini,gemini-3.5-flash-lite,antisémitisme,haine_explicite,transfert_racisme_antisemitisme,antisemitisme,1.0,,604,1,,2026-08-23T13:50:50
rxa_0570,gemini,gemini-3.5-flash-lite,xénophobie,haine_implicite,transfert_racisme_xenophobie,xenophobie,0.95,,714,1,,2026-08-23T13:50:55
rxa_0624,gemini,gemini-3.5-flash-lite,xénophobie,sarcasme,transfert_racisme_xenophobie,xenophobie,0.85,,547,1,,2026-08-23T13:51:00
rxa_0211,gemini,gemini-3.5-flash-lite,racisme,haine_explicite,tri_manuel,racisme,1.0,,508,1,,2026-08-23T13:51:05
rxa_1384,gemini,gemini-3.5-flash-lite,antisémitisme,ambigu,hardcase,antisemitisme,0.85,,509,1,,2026-08-23T13:51:10
rxa_0003,gemini,gemini-3.5-flash-lite,racisme,stereotype,tri_manuel,xenophobie,0.6,,534,1,,2026-08-23T13:51:15
rxa_1242,gemini,gemini-3.5-flash-lite,antisémitisme,stereotype,generation_originale,antisemitisme,0.85,,627,1,,2026-08-23T13:51:20
rxa_1259,gemini,gemini-3.5-flash-lite,antisémitisme,sarcasme,generation_originale,antisemitisme,0.95,,584,1,,2026-08-23T13:51:25
rxa_0931,gemini,gemini-3.5-flash-lite,xénophobie,haine_implicite,hardcase,xenophobie,0.85,,513,1,,2026-08-23T13:51:30
rxa_1141,gemini,gemini-3.5-flash-lite,antisémitisme,haine_explicite,transfert_racisme_antisemitisme,antisemitisme,1.0,,494,1,,2026-08-23T13:51:35
rxa_0739,gemini,gemini-3.5-flash-lite,xénophobie,haine_implicite,generation_originale,xenophobie,0.95,,582,1,,2026-08-23T13:51:40
rxa_0825,gemini,gemini-3.5-flash-lite,xénophobie,haine_implicite,hardcase,xenophobie,0.85,,579,1,,2026-08-23T13:51:45
rxa_0345,gemini,gemini-3.5-flash-lite,racisme,haine_explicite,tri_manuel,racisme,0.99,,529,1,,2026-08-23T13:51:50
rxa_0645,gemini,gemini-3.5-flash-lite,xénophobie,dog_whistle,transfert_racisme_xenophobie,xenophobie,0.85,,806,1,,2026-08-23T13:51:55
rxa_0787,gemini,gemini-3.5-flash-lite,xénophobie,sarcasme,generation_originale,xenophobie,0.95,,559,1,,2026-08-23T13:52:00
rxa_0145,gemini,gemini-3.5-flash-lite,racisme,stereotype,tri_manuel,xenophobie,0.6,,574,1,,2026-08-23T13:52:05
rxa_1020,gemini,gemini-3.5-flash-lite,antisémitisme,stereotype,transfert_racisme_antisemitisme,antisemitisme,1.0,,672,1,,2026-08-23T13:52:10
rxa_1085,gemini,gemini-3.5-flash-lite,antisémitisme,stereotype,transfert_racisme_antisemitisme,antisemitisme,1.0,,837,1,,2026-08-23T13:52:15
rxa_1226,gemini,gemini-3.5-flash-lite,antisémitisme,haine_implicite,generation_originale,antisemitisme,0.85,,605,1,,2026-08-23T13:52:20
rxa_0488,gemini,gemini-3.5-flash-lite,racisme,stereotype,generation_originale,racisme,0.8,,485,1,,2026-08-23T13:52:25
rxa_0562,gemini,gemini-3.5-flash-lite,xénophobie,haine_explicite,transfert_racisme_xenophobie,xenophobie,0.95,,591,1,,2026-08-23T13:52:30
rxa_1131,gemini,gemini-3.5-flash-lite,antisémitisme,haine_explicite,transfert_racisme_antisemitisme,antisemitisme,1.0,,556,1,,2026-08-23T13:52:35
rxa_0584,gemini,gemini-3.5-flash-lite,xénophobie,haine_implicite,transfert_racisme_xenophobie,xenophobie,0.95,,643,1,,2026-08-23T13:52:40
rxa_0108,gemini,gemini-3.5-flash-lite,racisme,stereotype,tri_manuel,racisme,0.85,,534,1,,2026-08-23T13:52:45
rxa_0404,gemini,gemini-3.5-flash-lite,xénophobie,exclusion,tri_manuel,racisme,0.95,,657,1,,2026-08-23T13:52:50
rxa_1310,gemini,gemini-3.5-flash-lite,antisémitisme,ambigu,hardcase,antisemitisme,0.8,,497,1,,2026-08-23T13:52:55
rxa_0984,gemini,gemini-3.5-flash-lite,antisémitisme,stereotype,transfert_racisme_antisemitisme,antisemitisme,0.95,,736,1,,2026-08-23T13:53:00
rxa_0966,gemini,gemini-3.5-flash-lite,antisémitisme,hostilite_religieuse,transfert_racisme_antisemitisme,antisemitisme,0.95,,503,1,,2026-08-23T13:53:05
rxa_1101,gemini,gemini-3.5-flash-lite,antisémitisme,haine_explicite,transfert_racisme_antisemitisme,antisemitisme,1.0,,539,1,,2026-08-23T13:53:10
rxa_0690,gemini,gemini-3.5-flash-lite,xénophobie,haine_explicite,generation_originale,xenophobie,0.95,,568,1,,2026-08-23T13:53:15
rxa_1360,gemini,gemini-3.5-flash-lite,antisémitisme,haine_implicite,hardcase,xenophobie,0.85,,533,1,,2026-08-23T13:53:20
rxa_1283,gemini,gemini-3.5-flash-lite,antisémitisme,dog_whistle,generation_originale,antisemitisme,0.8,,553,1,,2026-08-23T13:53:25
rxa_1364,gemini,gemini-3.5-flash-lite,antisémitisme,haine_implicite,hardcase,antisemitisme,0.85,,572,1,,2026-08-23T13:53:30
rxa_1397,gemini,gemini-3.5-flash-lite,antisémitisme,stereotype,hardcase,racisme,0.5,,587,1,,2026-08-23T13:53:35
rxa_0545,gemini,gemini-3.5-flash-lite,xénophobie,haine_explicite,transfert_racisme_xenophobie,xenophobie,0.9,,539,1,,2026-08-23T13:53:40
rxa_1443,gemini,gemini-3.5-flash-lite,racisme,stereotype,generation_complement,racisme,0.95,,731,1,,2026-08-23T13:53:45
rxa_0160,gemini,gemini-3.5-flash-lite,xénophobie,exclusion,tri_manuel,xenophobie,0.95,,570,1,,2026-08-23T13:53:50
rxa_0611,gemini,gemini-3.5-flash-lite,xénophobie,exclusion,transfert_racisme_xenophobie,xenophobie,0.95,,550,1,,2026-08-23T13:53:55
rxa_1239,gemini,gemini-3.5-flash-lite,antisémitisme,stereotype,generation_originale,antisemitisme,0.85,,656,1,,2026-08-23T13:54:00
rxa_0807,gemini,gemini-3.5-flash-lite,xénophobie,dog_whistle,generation_originale,xenophobie,0.85,,577,1,,2026-08-23T13:54:05
rxa_0058,gemini,gemini-3.5-flash-lite,racisme,stereotype,tri_manuel,racisme,0.85,,564,1,,2026-08-23T13:54:10
rxa_0462,gemini,gemini-3.5-flash-lite,racisme,haine_implicite,generation_originale,xenophobie,0.85,,571,1,,2026-08-23T13:54:15
rxa_0922,gemini,gemini-3.5-flash-lite,xénophobie,sarcasme,hardcase,xenophobie,0.85,,684,1,,2026-08-23T13:54:20
rxa_0261,gemini,gemini-3.5-flash-lite,antisémitisme,haine_explicite,tri_manuel,antisemitisme,0.98,,534,1,,2026-08-23T13:54:25
rxa_0398,gemini,gemini-3.5-flash-lite,racisme,haine_explicite,tri_manuel,racisme,0.95,,554,1,,2026-08-23T13:54:30
rxa_1308,gemini,gemini-3.5-flash-lite,antisémitisme,haine_implicite,hardcase,antisemitisme,0.85,,580,1,,2026-08-23T13:54:35
rxa_0190,gemini,gemini-3.5-flash-lite,antisémitisme,complotisme,tri_manuel,antisemitisme,0.95,,537,1,,2026-08-23T13:54:40
rxa_0764,gemini,gemini-3.5-flash-lite,xénophobie,stereotype,generation_originale,xenophobie,0.95,,745,1,,2026-08-23T13:54:45
rxa_0561,gemini,gemini-3.5-flash-lite,xénophobie,haine_explicite,transfert_racisme_xenophobie,xenophobie,0.95,,565,1,,2026-08-23T13:54:50
rxa_0575,gemini,gemini-3.5-flash-lite,xénophobie,haine_implicite,transfert_racisme_xenophobie,xenophobie,0.85,,533,1,,2026-08-23T13:54:55
rxa_0459,gemini,gemini-3.5-flash-lite,racisme,haine_implicite,generation_originale,racisme,0.85,,699,1,,2026-08-23T13:55:00
rxa_1019,gemini,gemini-3.5-flash-lite,antisémitisme,stereotype,transfert_racisme_antisemitisme,antisemitisme,1.0,,589,1,,2026-08-23T13:55:05
rxa_0162,gemini,gemini-3.5-flash-lite,racisme,exclusion,tri_manuel,racisme,0.95,,563,1,,2026-08-23T13:55:10
rxa_1410,gemini,gemini-3.5-flash-lite,antisémitisme,haine_implicite,hardcase,antisemitisme,0.6,,634,1,,2026-08-23T13:55:15
rxa_0637,gemini,gemini-3.5-flash-lite,xénophobie,dog_whistle,transfert_racisme_xenophobie,xenophobie,0.85,,625,1,,2026-08-23T13:55:20
rxa_1150,gemini,gemini-3.5-flash-lite,antisémitisme,haine_explicite,generation_originale,antisemitisme,1.0,,554,1,,2026-08-23T13:55:25
rxa_0503,gemini,gemini-3.5-flash-lite,racisme,sarcasme,generation_originale,xenophobie,0.85,,516,1,,2026-08-23T13:55:30
rxa_1023,gemini,gemini-3.5-flash-lite,antisémitisme,haine_implicite,transfert_racisme_antisemitisme,antisemitisme,0.95,,607,1,,2026-08-23T13:55:35
rxa_0280,gemini,gemini-3.5-flash-lite,racisme,haine_explicite,tri_manuel,racisme,0.95,,556,1,,2026-08-23T13:55:40
rxa_1332,gemini,gemini-3.5-flash-lite,antisémitisme,stereotype,hardcase,antisemitisme,0.85,,534,1,,2026-08-23T13:55:45
rxa_1066,gemini,gemini-3.5-flash-lite,antisémitisme,complotisme,transfert_racisme_antisemitisme,antisemitisme,1.0,,667,1,,2026-08-23T13:55:50
rxa_0099,gemini,gemini-3.5-flash-lite,racisme,haine_explicite,tri_manuel,xenophobie,0.85,,589,1,,2026-08-23T13:55:55
rxa_1481,gemini,gemini-3.5-flash-lite,racisme,ambigu,generation_complement,racisme,0.85,,575,1,,2026-08-23T13:56:00
rxa_1258,gemini,gemini-3.5-flash-lite,antisémitisme,sarcasme,generation_originale,antisemitisme,0.85,,579,1,,2026-08-23T13:56:05
rxa_0869,gemini,gemini-3.5-flash-lite,xénophobie,exclusion,hardcase,xenophobie,0.85,,545,1,,2026-08-23T13:56:10
rxa_0178,gemini,gemini-3.5-flash-lite,xénophobie,exclusion,tri_manuel,xenophobie,0.95,,605,1,,2026-08-23T13:56:15
rxa_1491,gemini,gemini-3.5-flash-lite,xénophobie,sarcasme,generation_complement,xenophobie,0.85,,617,1,,2026-08-23T13:56:20
rxa_0366,gemini,gemini-3.5-flash-lite,racisme,haine_explicite,tri_manuel,racisme,0.95,,548,1,,2026-08-23T13:56:25
rxa_0707,gemini,gemini-3.5-flash-lite,xénophobie,haine_explicite,generation_originale,xenophobie,0.95,,555,1,,2026-08-23T13:56:30
rxa_0084,gemini,gemini-3.5-flash-lite,racisme,exclusion,tri_manuel,xenophobie,0.85,,494,1,,2026-08-23T13:56:35
rxa_1339,gemini,gemini-3.5-flash-lite,antisémitisme,haine_implicite,hardcase,antisemitisme,0.85,,551,1,,2026-08-23T13:56:40
rxa_1473,gemini,gemini-3.5-flash-lite,racisme,dog_whistle,generation_complement,xenophobie,0.95,,557,1,,2026-08-23T13:56:45
rxa_0559,gemini,gemini-3.5-flash-lite,xénophobie,haine_explicite,transfert_racisme_xenophobie,xenophobie,0.99,,509,1,,2026-08-23T13:56:50
rxa_1490,gemini,gemini-3.5-flash-lite,xénophobie,sarcasme,generation_complement,xenophobie,0.95,,593,1,,2026-08-23T13:56:55
rxa_0889,gemini,gemini-3.5-flash-lite,xénophobie,haine_implicite,hardcase,xenophobie,0.85,,574,1,,2026-08-23T13:57:00
rxa_0359,gemini,gemini-3.5-flash-lite,racisme,haine_explicite,tri_manuel,racisme,0.95,,542,1,,2026-08-23T13:57:04
rxa_1113,gemini,gemini-3.5-flash-lite,antisémitisme,haine_explicite,transfert_racisme_antisemitisme,antisemitisme,1.0,,511,1,,2026-08-23T13:57:09
rxa_0522,gemini,gemini-3.5-flash-lite,racisme,ambigu,generation_originale,xenophobie,0.85,,683,1,,2026-08-23T13:57:15
rxa_0770,gemini,gemini-3.5-flash-lite,xénophobie,stereotype,generation_originale,xenophobie,0.95,,560,1,,2026-08-23T13:57:19
rxa_0438,gemini,gemini-3.5-flash-lite,racisme,haine_explicite,generation_originale,racisme,0.95,,545,1,,2026-08-23T13:57:24
rxa_1180,gemini,gemini-3.5-flash-lite,antisémitisme,haine_explicite,generation_originale,antisemitisme,1.0,,551,1,,2026-08-23T13:57:29
rxa_0200,gemini,gemini-3.5-flash-lite,antisémitisme,haine_implicite,tri_manuel,antisemitisme,1.0,,550,1,,2026-08-23T13:57:34
rxa_0257,gemini,gemini-3.5-flash-lite,racisme,haine_explicite,tri_manuel,racisme,0.99,,573,1,,2026-08-23T13:57:39
rxa_1065,gemini,gemini-3.5-flash-lite,antisémitisme,complotisme,transfert_racisme_antisemitisme,antisemitisme,1.0,,773,1,,2026-08-23T13:57:45
rxa_0805,gemini,gemini-3.5-flash-lite,xénophobie,dog_whistle,generation_originale,antisemitisme,0.85,,740,1,,2026-08-23T13:57:50
rxa_0295,gemini,gemini-3.5-flash-lite,racisme,haine_explicite,tri_manuel,racisme,0.95,,647,1,,2026-08-23T13:57:55
rxa_0746,gemini,gemini-3.5-flash-lite,xénophobie,haine_implicite,generation_originale,xenophobie,0.95,,714,1,,2026-08-23T13:58:00
rxa_0423,gemini,gemini-3.5-flash-lite,racisme,haine_explicite,generation_originale,racisme,1.0,,491,1,,2026-08-23T13:58:05
rxa_0118,gemini,gemini-3.5-flash-lite,racisme,stereotype,tri_manuel,xenophobie,0.6,,506,1,,2026-08-23T13:58:10
rxa_1462,gemini,gemini-3.5-flash-lite,racisme,sarcasme,generation_complement,xenophobie,0.65,,588,1,,2026-08-23T13:58:15
rxa_0215,gemini,gemini-3.5-flash-lite,racisme,haine_implicite,tri_manuel,racisme,0.85,,684,1,,2026-08-23T13:58:20
rxa_1335,gemini,gemini-3.5-flash-lite,antisémitisme,haine_implicite,hardcase,antisemitisme,0.8,,552,1,,2026-08-23T13:58:25
rxa_0054,gemini,gemini-3.5-flash-lite,xénophobie,exclusion,tri_manuel,xenophobie,0.95,,571,1,,2026-08-23T13:58:30
rxa_1292,gemini,gemini-3.5-flash-lite,antisémitisme,ambigu,generation_originale,antisemitisme,0.8,,504,1,,2026-08-23T13:58:35
rxa_0446,gemini,gemini-3.5-flash-lite,racisme,haine_explicite,generation_originale,racisme,0.85,,530,1,,2026-08-23T13:58:40
rxa_0781,gemini,gemini-3.5-flash-lite,xénophobie,sarcasme,generation_originale,xenophobie,0.85,,539,1,,2026-08-23T13:58:45
rxa_1213,gemini,gemini-3.5-flash-lite,antisémitisme,haine_implicite,generation_originale,racisme,0.85,,606,1,,2026-08-23T13:58:50
rxa_0375,gemini,gemini-3.5-flash-lite,racisme,haine_explicite,tri_manuel,racisme,1.0,,517,1,,2026-08-23T13:58:54
rxa_0139,gemini,gemini-3.5-flash-lite,racisme,stereotype,tri_manuel,xenophobie,0.6,,575,1,,2026-08-23T13:58:59
rxa_0638,gemini,gemini-3.5-flash-lite,xénophobie,dog_whistle,transfert_racisme_xenophobie,xenophobie,0.95,,480,1,,2026-08-23T13:59:04
rxa_0397,gemini,gemini-3.5-flash-lite,racisme,haine_explicite,tri_manuel,racisme,0.95,,555,1,,2026-08-23T13:59:09
rxa_0962,gemini,gemini-3.5-flash-lite,antisémitisme,hostilite_religieuse,transfert_racisme_antisemitisme,antisemitisme,0.85,,738,1,,2026-08-23T13:59:14
rxa_0320,gemini,gemini-3.5-flash-lite,racisme,haine_explicite,tri_manuel,racisme,0.85,,525,1,,2026-08-23T13:59:19
rxa_0246,gemini,gemini-3.5-flash-lite,racisme,haine_explicite,tri_manuel,racisme,0.99,,504,1,,2026-08-23T13:59:24
rxa_1047,gemini,gemini-3.5-flash-lite,antisémitisme,exclusion,transfert_racisme_antisemitisme,antisemitisme,1.0,,686,1,,2026-08-23T13:59:29
rxa_0191,gemini,gemini-3.5-flash-lite,racisme,haine_explicite,tri_manuel,racisme,0.95,,502,1,,2026-08-23T13:59:34
rxa_0264,gemini,gemini-3.5-flash-lite,xénophobie,dog_whistle,tri_manuel,xenophobie,0.85,,504,1,,2026-08-23T13:59:39
rxa_1367,gemini,gemini-3.5-flash-lite,antisémitisme,haine_implicite,hardcase,antisemitisme,0.85,,630,1,,2026-08-23T13:59:44
rxa_0465,gemini,gemini-3.5-flash-lite,racisme,haine_implicite,generation_originale,xenophobie,0.6,,496,1,,2026-08-23T13:59:49
rxa_1420,gemini,gemini-3.5-flash-lite,racisme,haine_explicite,generation_complement,racisme,1.0,,489,1,,2026-08-23T13:59:54
rxa_0695,gemini,gemini-3.5-flash-lite,xénophobie,haine_explicite,generation_originale,xenophobie,0.95,,502,1,,2026-08-23T13:59:59
rxa_0325,gemini,gemini-3.5-flash-lite,antisémitisme,complotisme,tri_manuel,antisemitisme,0.95,,592,1,,2026-08-23T14:00:04
rxa_0481,gemini,gemini-3.5-flash-lite,racisme,haine_implicite,generation_originale,xenophobie,0.85,,531,1,,2026-08-23T14:00:09
rxa_1413,gemini,gemini-3.5-flash-lite,antisémitisme,dog_whistle,hardcase,antisemitisme,0.8,,663,1,,2026-08-23T14:00:14
rxa_0960,gemini,gemini-3.5-flash-lite,antisémitisme,stereotype,transfert_racisme_antisemitisme,antisemitisme,0.95,,828,1,,2026-08-23T14:00:20
rxa_0806,gemini,gemini-3.5-flash-lite,xénophobie,dog_whistle,generation_originale,xenophobie,0.65,,683,1,,2026-08-23T14:00:25
rxa_0597,gemini,gemini-3.5-flash-lite,xénophobie,exclusion,transfert_racisme_xenophobie,xenophobie,0.95,,538,1,,2026-08-23T14:00:30
rxa_0780,gemini,gemini-3.5-flash-lite,xénophobie,stereotype,generation_originale,xenophobie,0.85,,571,1,,2026-08-23T14:00:35
rxa_0987,gemini,gemini-3.5-flash-lite,antisémitisme,complotisme,transfert_racisme_antisemitisme,antisemitisme,1.0,,874,1,,2026-08-23T14:00:40
rxa_0515,gemini,gemini-3.5-flash-lite,racisme,dog_whistle,generation_originale,xenophobie,0.85,,568,1,,2026-08-23T14:00:45
rxa_0594,gemini,gemini-3.5-flash-lite,xénophobie,haine_implicite,transfert_racisme_xenophobie,xenophobie,0.85,,572,1,,2026-08-23T14:00:50
rxa_1202,gemini,gemini-3.5-flash-lite,antisémitisme,haine_implicite,generation_originale,xenophobie,0.51,,569,1,,2026-08-23T14:00:55
rxa_1127,gemini,gemini-3.5-flash-lite,antisémitisme,exclusion,transfert_racisme_antisemitisme,antisemitisme,1.0,,619,1,,2026-08-23T14:01:00
rxa_0414,gemini,gemini-3.5-flash-lite,racisme,haine_explicite,generation_originale,racisme,0.95,,569,1,,2026-08-23T14:01:05
rxa_1128,gemini,gemini-3.5-flash-lite,antisémitisme,haine_explicite,transfert_racisme_antisemitisme,antisemitisme,1.0,,532,1,,2026-08-23T14:01:10
rxa_1403,gemini,gemini-3.5-flash-lite,antisémitisme,haine_implicite,hardcase,xenophobie,0.55,,501,1,,2026-08-23T14:01:15
rxa_0915,gemini,gemini-3.5-flash-lite,xénophobie,sarcasme,hardcase,xenophobie,0.8,,567,1,,2026-08-23T14:01:20
rxa_0485,gemini,gemini-3.5-flash-lite,racisme,stereotype,generation_originale,racisme,0.95,,574,1,,2026-08-23T14:01:25
rxa_1381,gemini,gemini-3.5-flash-lite,antisémitisme,dog_whistle,hardcase,antisemitisme,0.65,,732,1,,2026-08-23T14:01:30
rxa_0443,gemini,gemini-3.5-flash-lite,racisme,haine_explicite,generation_originale,racisme,0.95,,514,1,,2026-08-23T14:01:35
rxa_0210,gemini,gemini-3.5-flash-lite,racisme,haine_explicite,tri_manuel,racisme,0.95,,498,1,,2026-08-23T14:01:40
rxa_0938,gemini,gemini-3.5-flash-lite,xénophobie,haine_implicite,hardcase,xenophobie,0.95,,563,1,,2026-08-23T14:01:45
rxa_1312,gemini,gemini-3.5-flash-lite,antisémitisme,haine_implicite,hardcase,antisemitisme,0.8,,575,1,,2026-08-23T14:01:50
rxa_0383,gemini,gemini-3.5-flash-lite,racisme,haine_explicite,tri_manuel,racisme,1.0,,496,1,,2026-08-23T14:01:55
rxa_1223,gemini,gemini-3.5-flash-lite,antisémitisme,haine_implicite,generation_originale,antisemitisme,0.85,,551,1,,2026-08-23T14:02:00
rxa_0955,gemini,gemini-3.5-flash-lite,antisémitisme,stereotype,transfert_racisme_antisemitisme,antisemitisme,1.0,,546,1,,2026-08-23T14:02:05
rxa_1048,gemini,gemini-3.5-flash-lite,antisémitisme,stereotype,transfert_racisme_antisemitisme,antisemitisme,1.0,,548,1,,2026-08-23T14:02:09
rxa_0355,gemini,gemini-3.5-flash-lite,racisme,haine_explicite,tri_manuel,racisme,0.98,,546,1,,2026-08-23T14:02:14
rxa_1321,gemini,gemini-3.5-flash-lite,antisémitisme,haine_implicite,hardcase,antisemitisme,0.8,,545,1,,2026-08-23T14:02:19
rxa_0836,gemini,gemini-3.5-flash-lite,xénophobie,sarcasme,hardcase,xenophobie,0.8,,626,1,,2026-08-23T14:02:24
rxa_0568,gemini,gemini-3.5-flash-lite,xénophobie,haine_explicite,transfert_racisme_xenophobie,xenophobie,0.95,,529,1,,2026-08-23T14:02:29
rxa_0460,gemini,gemini-3.5-flash-lite,racisme,haine_implicite,generation_originale,xenophobie,0.85,,501,1,,2026-08-23T14:02:34
rxa_0709,gemini,gemini-3.5-flash-lite,xénophobie,haine_explicite,generation_originale,xenophobie,0.95,,532,1,,2026-08-23T14:02:39
rxa_0019,gemini,gemini-3.5-flash-lite,racisme,stereotype,tri_manuel,racisme,0.85,,514,1,,2026-08-23T14:02:44
rxa_1186,gemini,gemini-3.5-flash-lite,antisémitisme,haine_explicite,generation_originale,antisemitisme,1.0,,517,1,,2026-08-23T14:02:49
rxa_0016,gemini,gemini-3.5-flash-lite,racisme,exclusion,tri_manuel,xenophobie,0.85,,526,1,,2026-08-23T14:02:54
rxa_1089,gemini,gemini-3.5-flash-lite,antisémitisme,stereotype,transfert_racisme_antisemitisme,antisemitisme,0.99,,531,1,,2026-08-23T14:02:59
rxa_0308,gemini,gemini-3.5-flash-lite,racisme,haine_explicite,tri_manuel,racisme,0.99,,758,1,,2026-08-23T14:03:04
rxa_0073,gemini,gemini-3.5-flash-lite,racisme,stereotype,tri_manuel,racisme,0.85,,560,1,,2026-08-23T14:03:09
rxa_1099,gemini,gemini-3.5-flash-lite,antisémitisme,haine_explicite,transfert_racisme_antisemitisme,antisemitisme,0.95,,573,1,,2026-08-23T14:03:14
rxa_0052,gemini,gemini-3.5-flash-lite,racisme,stereotype,tri_manuel,xenophobie,0.6,,555,1,,2026-08-23T14:03:19
rxa_1009,gemini,gemini-3.5-flash-lite,antisémitisme,stereotype,transfert_racisme_antisemitisme,antisemitisme,1.0,,565,1,,2026-08-23T14:03:24
rxa_1262,gemini,gemini-3.5-flash-lite,antisémitisme,sarcasme,generation_originale,antisemitisme,0.85,,562,1,,2026-08-23T14:03:29
rxa_0733,gemini,gemini-3.5-flash-lite,xénophobie,haine_implicite,generation_originale,xenophobie,0.85,,571,1,,2026-08-23T14:03:34
rxa_0886,gemini,gemini-3.5-flash-lite,xénophobie,haine_implicite,hardcase,xenophobie,0.85,,519,1,,2026-08-23T14:03:39
rxa_1282,gemini,gemini-3.5-flash-lite,antisémitisme,dog_whistle,generation_originale,antisemitisme,0.85,,668,1,,2026-08-23T14:03:44
rxa_0815,gemini,gemini-3.5-flash-lite,xénophobie,ambigu,generation_originale,xenophobie,0.85,,572,1,,2026-08-23T14:03:49
rxa_0574,gemini,gemini-3.5-flash-lite,xénophobie,haine_implicite,transfert_racisme_xenophobie,xenophobie,0.85,,569,1,,2026-08-23T14:03:54
rxa_0456,gemini,gemini-3.5-flash-lite,racisme,haine_implicite,generation_originale,xenophobie,0.85,,633,1,,2026-08-23T14:03:59
rxa_1268,gemini,gemini-3.5-flash-lite,antisémitisme,sarcasme,generation_originale,antisemitisme,0.85,,745,1,,2026-08-23T14:04:04
rxa_0466,gemini,gemini-3.5-flash-lite,racisme,haine_implicite,generation_originale,xenophobie,0.85,,566,1,,2026-08-23T14:04:09
rxa_0658,gemini,gemini-3.5-flash-lite,xénophobie,ambigu,transfert_racisme_xenophobie,xenophobie,0.85,,565,1,,2026-08-23T14:04:14
rxa_1173,gemini,gemini-3.5-flash-lite,antisémitisme,haine_explicite,generation_originale,antisemitisme,1.0,,535,1,,2026-08-23T14:04:19
rxa_1051,gemini,gemini-3.5-flash-lite,antisémitisme,stereotype,transfert_racisme_antisemitisme,antisemitisme,1.0,,553,1,,2026-08-23T14:04:24
rxa_0249,gemini,gemini-3.5-flash-lite,racisme,haine_explicite,tri_manuel,racisme,0.99,,553,1,,2026-08-23T14:04:29
rxa_0830,gemini,gemini-3.5-flash-lite,xénophobie,haine_implicite,hardcase,xenophobie,0.85,,513,1,,2026-08-23T14:04:34
rxa_0778,gemini,gemini-3.5-flash-lite,xénophobie,stereotype,generation_originale,xenophobie,0.9,,520,1,,2026-08-23T14:04:39
rxa_0227,gemini,gemini-3.5-flash-lite,racisme,haine_explicite,tri_manuel,racisme,1.0,,1683,1,,2026-08-23T14:11:36
rxa_0247,gemini,gemini-3.5-flash-lite,racisme,haine_explicite,tri_manuel,racisme,0.95,,645,1,,2026-08-23T14:11:41
rxa_1305,gemini,gemini-3.5-flash-lite,antisémitisme,sarcasme,hardcase,antisemitisme,0.85,,585,1,,2026-08-23T14:11:46
rxa_1254,gemini,gemini-3.5-flash-lite,antisémitisme,stereotype,generation_originale,antisemitisme,0.8,,511,1,,2026-08-23T14:11:51
rxa_0170,gemini,gemini-3.5-flash-lite,racisme,haine_explicite,tri_manuel,racisme,0.95,,530,1,,2026-08-23T14:11:56
rxa_0294,gemini,gemini-3.5-flash-lite,racisme,haine_explicite,tri_manuel,racisme,0.95,,575,1,,2026-08-23T14:12:01
rxa_1046,gemini,gemini-3.5-flash-lite,antisémitisme,exclusion,transfert_racisme_antisemitisme,antisemitisme,1.0,,582,1,,2026-08-23T14:12:06
rxa_1234,gemini,gemini-3.5-flash-lite,antisémitisme,stereotype,generation_originale,antisemitisme,0.85,,513,1,,2026-08-23T14:12:11
rxa_0750,gemini,gemini-3.5-flash-lite,xénophobie,haine_implicite,generation_originale,xenophobie,0.95,,571,1,,2026-08-23T14:12:16
rxa_0089,gemini,gemini-3.5-flash-lite,racisme,haine_implicite,tri_manuel,xenophobie,0.6,,532,1,,2026-08-23T14:12:21
rxa_0661,gemini,gemini-3.5-flash-lite,xénophobie,ambigu,transfert_racisme_xenophobie,xenophobie,0.85,,591,1,,2026-08-23T14:12:26
rxa_1172,gemini,gemini-3.5-flash-lite,antisémitisme,haine_explicite,generation_originale,antisemitisme,1.0,,503,1,,2026-08-23T14:12:31
rxa_1220,gemini,gemini-3.5-flash-lite,antisémitisme,haine_implicite,generation_originale,antisemitisme,0.85,,564,1,,2026-08-23T14:12:36
rxa_1437,gemini,gemini-3.5-flash-lite,racisme,haine_implicite,generation_complement,racisme,0.85,,647,1,,2026-08-23T14:12:41
rxa_1158,gemini,gemini-3.5-flash-lite,antisémitisme,haine_explicite,generation_originale,antisemitisme,1.0,,601,1,,2026-08-23T14:12:46
rxa_0524,gemini,gemini-3.5-flash-lite,racisme,ambigu,generation_originale,racisme,0.6,,644,1,,2026-08-23T14:12:51
rxa_0109,gemini,gemini-3.5-flash-lite,racisme,stereotype,tri_manuel,racisme,0.85,,558,4,,2026-08-23T14:13:15
rxa_1091,gemini,gemini-3.5-flash-lite,antisémitisme,haine_explicite,transfert_racisme_antisemitisme,antisemitisme,0.98,,590,1,,2026-08-23T14:13:20
rxa_0494,gemini,gemini-3.5-flash-lite,racisme,stereotype,generation_originale,racisme,0.98,,568,1,,2026-08-23T14:13:25
rxa_0852,gemini,gemini-3.5-flash-lite,xénophobie,dog_whistle,hardcase,xenophobie,0.85,,1867,1,,2026-08-24T12:42:39
rxa_0834,gemini,gemini-3.5-flash-lite,xénophobie,haine_implicite,hardcase,xenophobie,0.85,,595,1,,2026-08-24T12:42:44
rxa_0798,gemini,gemini-3.5-flash-lite,xénophobie,dog_whistle,generation_originale,xenophobie,0.85,,668,1,,2026-08-24T12:42:49
rxa_0519,gemini,gemini-3.5-flash-lite,racisme,dog_whistle,generation_originale,xenophobie,0.85,,586,1,,2026-08-24T12:42:54
rxa_0600,gemini,gemini-3.5-flash-lite,xénophobie,exclusion,transfert_racisme_xenophobie,xenophobie,0.95,,664,1,,2026-08-24T12:42:59
rxa_1469,gemini,gemini-3.5-flash-lite,racisme,dog_whistle,generation_complement,xenophobie,0.9,,616,1,,2026-08-24T12:43:04
rxa_0604,gemini,gemini-3.5-flash-lite,xénophobie,exclusion,transfert_racisme_xenophobie,xenophobie,0.95,,603,1,,2026-08-24T12:43:09
rxa_0816,gemini,gemini-3.5-flash-lite,xénophobie,ambigu,generation_originale,xenophobie,0.85,,592,1,,2026-08-24T12:43:14
rxa_0358,gemini,gemini-3.5-flash-lite,antisémitisme,haine_explicite,tri_manuel,antisemitisme,0.8,,549,1,,2026-08-24T12:43:19
rxa_1345,gemini,gemini-3.5-flash-lite,antisémitisme,sarcasme,hardcase,antisemitisme,0.8,,581,1,,2026-08-24T12:43:24
rxa_1257,gemini,gemini-3.5-flash-lite,antisémitisme,sarcasme,generation_originale,antisemitisme,0.85,,595,1,,2026-08-24T12:43:29
rxa_1133,gemini,gemini-3.5-flash-lite,antisémitisme,haine_explicite,transfert_racisme_antisemitisme,antisemitisme,0.99,,575,1,,2026-08-24T12:43:34
rxa_0867,gemini,gemini-3.5-flash-lite,xénophobie,exclusion,hardcase,xenophobie,0.85,,544,1,,2026-08-24T12:43:39
rxa_0181,gemini,gemini-3.5-flash-lite,racisme,haine_explicite,tri_manuel,racisme,0.95,,591,1,,2026-08-24T12:43:44
rxa_0587,gemini,gemini-3.5-flash-lite,xénophobie,haine_implicite,transfert_racisme_xenophobie,racisme,0.85,,645,1,,2026-08-24T12:43:49
rxa_0122,gemini,gemini-3.5-flash-lite,racisme,hostilite_religieuse,tri_manuel,xenophobie,0.8,,641,1,,2026-08-24T12:43:54
rxa_0948,gemini,gemini-3.5-flash-lite,xénophobie,ambigu,hardcase,xenophobie,0.51,,596,1,,2026-08-24T12:43:59
rxa_0391,gemini,gemini-3.5-flash-lite,antisémitisme,haine_explicite,tri_manuel,antisemitisme,1.0,,663,1,,2026-08-24T12:44:04
rxa_0165,gemini,gemini-3.5-flash-lite,racisme,haine_explicite,tri_manuel,racisme,0.99,,652,1,,2026-08-24T12:44:09
rxa_0449,gemini,gemini-3.5-flash-lite,racisme,haine_explicite,generation_originale,racisme,0.95,,619,1,,2026-08-24T12:44:14
rxa_0838,gemini,gemini-3.5-flash-lite,xénophobie,sarcasme,hardcase,xenophobie,0.95,,528,1,,2026-08-24T12:44:19
rxa_1233,gemini,gemini-3.5-flash-lite,antisémitisme,stereotype,generation_originale,antisemitisme,0.85,,740,1,,2026-08-24T12:44:24
rxa_0401,gemini,gemini-3.5-flash-lite,racisme,haine_explicite,tri_manuel,racisme,0.95,,596,1,,2026-08-24T12:44:29
rxa_0149,gemini,gemini-3.5-flash-lite,racisme,hostilite_religieuse,tri_manuel,racisme,0.6,,518,1,,2026-08-24T12:44:34
rxa_0894,gemini,gemini-3.5-flash-lite,xénophobie,haine_implicite,hardcase,xenophobie,0.95,,691,1,,2026-08-24T12:44:39
rxa_1470,gemini,gemini-3.5-flash-lite,racisme,dog_whistle,generation_complement,xenophobie,0.95,,614,1,,2026-08-24T12:44:44
rxa_1094,gemini,gemini-3.5-flash-lite,antisémitisme,haine_explicite,transfert_racisme_antisemitisme,antisemitisme,1.0,,597,1,,2026-08-24T12:44:49
rxa_1279,gemini,gemini-3.5-flash-lite,antisémitisme,dog_whistle,generation_originale,antisemitisme,0.85,,655,1,,2026-08-24T12:44:54
rxa_0037,gemini,gemini-3.5-flash-lite,racisme,stereotype,tri_manuel,xenophobie,0.8,,529,1,,2026-08-24T12:44:59
rxa_0428,gemini,gemini-3.5-flash-lite,racisme,haine_explicite,generation_originale,racisme,0.95,,620,1,,2026-08-24T12:45:04
rxa_1018,gemini,gemini-3.5-flash-lite,antisémitisme,stereotype,transfert_racisme_antisemitisme,antisemitisme,1.0,,577,1,,2026-08-24T12:45:09
rxa_0566,gemini,gemini-3.5-flash-lite,xénophobie,haine_explicite,transfert_racisme_xenophobie,xenophobie,0.95,,646,1,,2026-08-24T12:45:14
rxa_0769,gemini,gemini-3.5-flash-lite,xénophobie,stereotype,generation_originale,xenophobie,0.95,,577,1,,2026-08-24T12:45:19
rxa_0949,gemini,gemini-3.5-flash-lite,xénophobie,sarcasme,hardcase,xenophobie,0.85,,708,1,,2026-08-24T12:45:24
rxa_0013,gemini,gemini-3.5-flash-lite,racisme,stereotype,tri_manuel,racisme,0.9,,658,1,,2026-08-24T12:45:29
rxa_0727,gemini,gemini-3.5-flash-lite,xénophobie,haine_implicite,generation_originale,xenophobie,0.95,,743,1,,2026-08-24T12:45:35
rxa_0799,gemini,gemini-3.5-flash-lite,xénophobie,dog_whistle,generation_originale,xenophobie,0.8,,582,1,,2026-08-24T12:45:40
rxa_0095,gemini,gemini-3.5-flash-lite,racisme,haine_implicite,tri_manuel,racisme,0.85,,523,1,,2026-08-24T12:45:44
rxa_0846,gemini,gemini-3.5-flash-lite,xénophobie,dog_whistle,hardcase,xenophobie,0.85,,530,1,,2026-08-24T12:45:49
rxa_0348,gemini,gemini-3.5-flash-lite,xénophobie,dog_whistle,tri_manuel,xenophobie,0.85,,677,1,,2026-08-24T12:45:54
rxa_0487,gemini,gemini-3.5-flash-lite,racisme,stereotype,generation_originale,racisme,0.95,,594,1,,2026-08-24T12:45:59
rxa_1199,gemini,gemini-3.5-flash-lite,antisémitisme,haine_implicite,generation_originale,antisemitisme,0.75,,678,1,,2026-08-24T12:46:05
rxa_1210,gemini,gemini-3.5-flash-lite,antisémitisme,haine_implicite,generation_originale,antisemitisme,0.85,,661,1,,2026-08-24T12:46:10
rxa_0500,gemini,gemini-3.5-flash-lite,racisme,stereotype,generation_originale,racisme,0.95,,648,1,,2026-08-24T12:46:15
rxa_1008,gemini,gemini-3.5-flash-lite,antisémitisme,exclusion,transfert_racisme_antisemitisme,antisemitisme,1.0,,680,1,,2026-08-24T12:46:20
rxa_1287,gemini,gemini-3.5-flash-lite,antisémitisme,ambigu,generation_originale,antisemitisme,0.65,,717,1,,2026-08-24T12:46:25
rxa_0411,gemini,gemini-3.5-flash-lite,xénophobie,dog_whistle,tri_manuel,xenophobie,0.85,,596,1,,2026-08-24T12:46:30
rxa_1281,gemini,gemini-3.5-flash-lite,antisémitisme,dog_whistle,generation_originale,antisemitisme,0.85,,595,1,,2026-08-24T12:46:35
rxa_1056,gemini,gemini-3.5-flash-lite,antisémitisme,stereotype,transfert_racisme_antisemitisme,antisemitisme,1.0,,539,1,,2026-08-24T12:46:40
rxa_0251,gemini,gemini-3.5-flash-lite,antisémitisme,haine_explicite,tri_manuel,antisemitisme,0.95,,667,1,,2026-08-24T12:46:45
rxa_1007,gemini,gemini-3.5-flash-lite,antisémitisme,exclusion,transfert_racisme_antisemitisme,antisemitisme,1.0,,676,1,,2026-08-24T12:46:50
rxa_1236,gemini,gemini-3.5-flash-lite,antisémitisme,stereotype,generation_originale,antisemitisme,0.85,,584,1,,2026-08-24T12:46:55
rxa_1404,gemini,gemini-3.5-flash-lite,antisémitisme,dog_whistle,hardcase,antisemitisme,0.85,,622,1,,2026-08-24T12:47:00
rxa_1102,gemini,gemini-3.5-flash-lite,antisémitisme,haine_explicite,transfert_racisme_antisemitisme,antisemitisme,1.0,,598,1,,2026-08-24T12:47:05
rxa_1264,gemini,gemini-3.5-flash-lite,antisémitisme,sarcasme,generation_originale,xenophobie,0.85,,660,1,,2026-08-24T12:47:10
rxa_0844,gemini,gemini-3.5-flash-lite,xénophobie,sarcasme,hardcase,xenophobie,0.85,,541,1,,2026-08-24T12:47:15
rxa_0760,gemini,gemini-3.5-flash-lite,xénophobie,stereotype,generation_originale,xenophobie,0.95,,804,1,,2026-08-24T12:47:20
rxa_0376,gemini,gemini-3.5-flash-lite,racisme,haine_implicite,tri_manuel,racisme,0.85,,599,1,,2026-08-24T12:47:25
rxa_1238,gemini,gemini-3.5-flash-lite,antisémitisme,stereotype,generation_originale,antisemitisme,0.85,,536,1,,2026-08-24T12:47:30
rxa_1087,gemini,gemini-3.5-flash-lite,antisémitisme,haine_explicite,transfert_racisme_antisemitisme,antisemitisme,1.0,,644,1,,2026-08-24T12:47:35
rxa_0270,gemini,gemini-3.5-flash-lite,racisme,haine_explicite,tri_manuel,racisme,0.99,,522,1,,2026-08-24T12:47:40
rxa_1037,gemini,gemini-3.5-flash-lite,antisémitisme,haine_implicite,transfert_racisme_antisemitisme,antisemitisme,0.95,,725,1,,2026-08-24T12:47:45
rxa_0788,gemini,gemini-3.5-flash-lite,xénophobie,sarcasme,generation_originale,xenophobie,0.95,,1415,1,,2026-08-24T12:52:31
rxa_0161,gemini,gemini-3.5-flash-lite,racisme,haine_explicite,tri_manuel,racisme,0.95,,596,1,,2026-08-24T12:52:36
rxa_0392,gemini,gemini-3.5-flash-lite,antisémitisme,haine_explicite,tri_manuel,antisemitisme,0.95,,629,1,,2026-08-24T12:52:41
rxa_0207,gemini,gemini-3.5-flash-lite,racisme,haine_explicite,tri_manuel,racisme,0.95,,609,1,,2026-08-24T12:52:46
rxa_1136,gemini,gemini-3.5-flash-lite,antisémitisme,haine_explicite,transfert_racisme_antisemitisme,antisemitisme,1.0,,540,1,,2026-08-24T12:52:51
rxa_0507,gemini,gemini-3.5-flash-lite,racisme,sarcasme,generation_originale,xenophobie,0.85,,543,1,,2026-08-24T12:52:56
rxa_1042,gemini,gemini-3.5-flash-lite,antisémitisme,haine_explicite,transfert_racisme_antisemitisme,antisemitisme,1.0,,567,1,,2026-08-24T12:53:01
rxa_0665,gemini,gemini-3.5-flash-lite,xénophobie,ambigu,transfert_racisme_xenophobie,xenophobie,0.95,,559,1,,2026-08-24T12:53:06
rxa_0523,gemini,gemini-3.5-flash-lite,racisme,ambigu,generation_originale,xenophobie,0.85,,638,1,,2026-08-24T12:53:11
rxa_1181,gemini,gemini-3.5-flash-lite,antisémitisme,haine_explicite,generation_originale,antisemitisme,1.0,,585,1,,2026-08-24T12:53:16
rxa_0893,gemini,gemini-3.5-flash-lite,xénophobie,haine_implicite,hardcase,xenophobie,0.85,,563,1,,2026-08-24T12:53:21
rxa_0205,gemini,gemini-3.5-flash-lite,racisme,haine_explicite,tri_manuel,racisme,0.95,,632,1,,2026-08-24T12:53:26
rxa_0335,gemini,gemini-3.5-flash-lite,racisme,haine_explicite,tri_manuel,racisme,1.0,,566,1,,2026-08-24T12:53:31
rxa_0458,gemini,gemini-3.5-flash-lite,racisme,haine_implicite,generation_originale,xenophobie,0.85,,563,1,,2026-08-24T12:53:36
rxa_1247,gemini,gemini-3.5-flash-lite,antisémitisme,stereotype,generation_originale,antisemitisme,0.85,,563,1,,2026-08-24T12:53:41
rxa_0076,gemini,gemini-3.5-flash-lite,racisme,haine_implicite,tri_manuel,xenophobie,0.51,,560,1,,2026-08-24T12:53:46
rxa_0362,gemini,gemini-3.5-flash-lite,antisémitisme,haine_explicite,tri_manuel,antisemitisme,0.95,,591,1,,2026-08-24T12:53:51
rxa_1439,gemini,gemini-3.5-flash-lite,racisme,haine_implicite,generation_complement,racisme,0.85,,612,1,,2026-08-24T12:53:56
rxa_1444,gemini,gemini-3.5-flash-lite,racisme,stereotype,generation_complement,racisme,0.95,,551,1,,2026-08-24T12:54:01
rxa_0977,gemini,gemini-3.5-flash-lite,antisémitisme,complotisme,transfert_racisme_antisemitisme,antisemitisme,0.85,,532,1,,2026-08-24T12:54:06
rxa_1028,gemini,gemini-3.5-flash-lite,antisémitisme,exclusion,transfert_racisme_antisemitisme,antisemitisme,0.95,,549,1,,2026-08-24T12:54:11
rxa_1118,gemini,gemini-3.5-flash-lite,antisémitisme,haine_explicite,transfert_racisme_antisemitisme,antisemitisme,1.0,,543,1,,2026-08-24T12:54:16
rxa_0560,gemini,gemini-3.5-flash-lite,xénophobie,haine_explicite,transfert_racisme_xenophobie,xenophobie,0.95,,536,1,,2026-08-24T12:54:21
rxa_0499,gemini,gemini-3.5-flash-lite,racisme,stereotype,generation_originale,racisme,0.85,,570,1,,2026-08-24T12:54:26
rxa_0323,gemini,gemini-3.5-flash-lite,racisme,ambigu,tri_manuel,racisme,0.95,,531,1,,2026-08-24T12:54:31
rxa_0093,gemini,gemini-3.5-flash-lite,racisme,haine_implicite,tri_manuel,xenophobie,0.6,,571,1,,2026-08-24T12:54:36
rxa_0862,gemini,gemini-3.5-flash-lite,xénophobie,exclusion,hardcase,xenophobie,0.85,,542,1,,2026-08-24T12:54:41
rxa_1022,gemini,gemini-3.5-flash-lite,antisémitisme,haine_implicite,transfert_racisme_antisemitisme,antisemitisme,0.85,,568,1,,2026-08-24T12:54:46
rxa_0840,gemini,gemini-3.5-flash-lite,xénophobie,sarcasme,hardcase,xenophobie,0.95,,558,1,,2026-08-24T12:54:51
rxa_0763,gemini,gemini-3.5-flash-lite,xénophobie,stereotype,generation_originale,xenophobie,0.95,,595,1,,2026-08-24T12:54:56
rxa_0564,gemini,gemini-3.5-flash-lite,xénophobie,haine_explicite,transfert_racisme_xenophobie,racisme,0.95,,541,1,,2026-08-24T12:55:01
rxa_0032,gemini,gemini-3.5-flash-lite,racisme,stereotype,tri_manuel,xenophobie,0.6,,617,1,,2026-08-24T12:55:06
rxa_0364,gemini,gemini-3.5-flash-lite,antisémitisme,ambigu,tri_manuel,antisemitisme,0.95,,553,1,,2026-08-24T12:55:11
rxa_0667,gemini,gemini-3.5-flash-lite,xénophobie,ambigu,transfert_racisme_xenophobie,xenophobie,0.95,,610,1,,2026-08-24T12:55:16
rxa_0440,gemini,gemini-3.5-flash-lite,racisme,haine_explicite,generation_originale,racisme,1.0,,536,1,,2026-08-24T12:55:20
rxa_0633,gemini,gemini-3.5-flash-lite,xénophobie,sarcasme,transfert_racisme_xenophobie,antisemitisme,0.8,,610,1,,2026-08-24T12:55:26
rxa_1251,gemini,gemini-3.5-flash-lite,antisémitisme,stereotype,generation_originale,antisemitisme,0.85,,552,1,,2026-08-24T12:55:30
rxa_0642,gemini,gemini-3.5-flash-lite,xénophobie,dog_whistle,transfert_racisme_xenophobie,xenophobie,0.85,,487,1,,2026-08-24T12:55:35
rxa_0416,gemini,gemini-3.5-flash-lite,racisme,haine_explicite,generation_originale,racisme,0.95,,566,1,,2026-08-24T12:55:40
rxa_0452,gemini,gemini-3.5-flash-lite,racisme,haine_implicite,generation_originale,xenophobie,0.85,,630,1,,2026-08-24T12:55:45
rxa_0081,gemini,gemini-3.5-flash-lite,racisme,exclusion,tri_manuel,racisme,0.85,,680,1,,2026-08-24T12:55:50
rxa_1370,gemini,gemini-3.5-flash-lite,antisémitisme,haine_implicite,hardcase,antisemitisme,0.85,,542,1,,2026-08-24T12:55:55
rxa_0820,gemini,gemini-3.5-flash-lite,xénophobie,ambigu,generation_originale,racisme,0.65,,565,1,,2026-08-24T12:56:00
rxa_1466,gemini,gemini-3.5-flash-lite,racisme,dog_whistle,generation_complement,xenophobie,0.85,,958,1,,2026-08-24T12:56:06
rxa_0311,gemini,gemini-3.5-flash-lite,racisme,haine_explicite,tri_manuel,racisme,0.99,,559,1,,2026-08-24T12:56:11
rxa_0873,gemini,gemini-3.5-flash-lite,xénophobie,haine_implicite,hardcase,xenophobie,0.85,,534,1,,2026-08-24T12:56:16
rxa_0450,gemini,gemini-3.5-flash-lite,racisme,haine_explicite,generation_originale,xenophobie,0.85,,552,1,,2026-08-24T12:56:21
rxa_1076,gemini,gemini-3.5-flash-lite,antisémitisme,exclusion,transfert_racisme_antisemitisme,antisemitisme,0.95,,600,1,,2026-08-24T12:56:26
rxa_1366,gemini,gemini-3.5-flash-lite,antisémitisme,stereotype,hardcase,antisemitisme,0.85,,561,1,,2026-08-24T12:56:31
rxa_1291,gemini,gemini-3.5-flash-lite,antisémitisme,ambigu,generation_originale,antisemitisme,0.85,,574,1,,2026-08-24T12:56:36
rxa_0721,gemini,gemini-3.5-flash-lite,xénophobie,haine_implicite,generation_originale,xenophobie,0.95,,557,1,,2026-08-24T12:56:41
rxa_0106,gemini,gemini-3.5-flash-lite,racisme,exclusion,tri_manuel,xenophobie,0.85,,482,1,,2026-08-24T12:56:46
rxa_1146,gemini,gemini-3.5-flash-lite,antisémitisme,haine_explicite,transfert_racisme_antisemitisme,antisemitisme,1.0,,559,1,,2026-08-24T12:56:50
rxa_0888,gemini,gemini-3.5-flash-lite,xénophobie,haine_implicite,hardcase,xenophobie,0.85,,546,1,,2026-08-24T12:56:55
rxa_0533,gemini,gemini-3.5-flash-lite,racisme,ambigu,generation_originale,xenophobie,0.85,,540,1,,2026-08-24T12:57:00
rxa_0730,gemini,gemini-3.5-flash-lite,xénophobie,haine_implicite,generation_originale,xenophobie,0.85,,545,1,,2026-08-24T12:57:05
rxa_0105,gemini,gemini-3.5-flash-lite,racisme,exclusion,tri_manuel,xenophobie,0.85,,543,1,,2026-08-24T12:57:10
rxa_0266,gemini,gemini-3.5-flash-lite,xénophobie,dog_whistle,tri_manuel,xenophobie,0.9,,559,1,,2026-08-24T12:57:15
rxa_1371,gemini,gemini-3.5-flash-lite,antisémitisme,haine_implicite,hardcase,antisemitisme,0.6,,572,1,,2026-08-24T12:57:20
rxa_1214,gemini,gemini-3.5-flash-lite,antisémitisme,haine_implicite,generation_originale,antisemitisme,0.9,,553,1,,2026-08-24T12:57:25
rxa_0978,gemini,gemini-3.5-flash-lite,antisémitisme,hostilite_religieuse,transfert_racisme_antisemitisme,antisemitisme,0.95,,604,1,,2026-08-24T12:57:30
rxa_1488,gemini,gemini-3.5-flash-lite,xénophobie,haine_implicite,generation_complement,xenophobie,0.95,,530,1,,2026-08-24T12:57:35
rxa_0039,gemini,gemini-3.5-flash-lite,racisme,stereotype,tri_manuel,racisme,0.85,,499,1,,2026-08-24T12:57:40
rxa_0339,gemini,gemini-3.5-flash-lite,racisme,haine_explicite,tri_manuel,racisme,1.0,,508,1,,2026-08-24T12:57:45
rxa_0961,gemini,gemini-3.5-flash-lite,antisémitisme,hostilite_religieuse,transfert_racisme_antisemitisme,antisemitisme,0.8,,554,1,,2026-08-24T12:57:50
rxa_1212,gemini,gemini-3.5-flash-lite,antisémitisme,haine_implicite,generation_originale,antisemitisme,0.8,,558,1,,2026-08-24T12:57:55
rxa_0525,gemini,gemini-3.5-flash-lite,racisme,ambigu,generation_originale,xenophobie,0.85,,568,1,,2026-08-24T12:58:00
rxa_0189,gemini,gemini-3.5-flash-lite,xénophobie,dog_whistle,tri_manuel,racisme,0.85,,565,1,,2026-08-24T12:58:05
rxa_1111,gemini,gemini-3.5-flash-lite,antisémitisme,haine_explicite,transfert_racisme_antisemitisme,antisemitisme,1.0,,544,1,,2026-08-24T12:58:10
rxa_0732,gemini,gemini-3.5-flash-lite,xénophobie,haine_implicite,generation_originale,xenophobie,0.95,,557,1,,2026-08-24T12:58:15
rxa_0005,gemini,gemini-3.5-flash-lite,racisme,stereotype,tri_manuel,xenophobie,0.6,,571,1,,2026-08-24T12:58:20
rxa_0442,gemini,gemini-3.5-flash-lite,racisme,haine_explicite,generation_originale,xenophobie,0.8,,645,1,,2026-08-24T12:58:25
rxa_1353,gemini,gemini-3.5-flash-lite,antisémitisme,haine_implicite,hardcase,antisemitisme,0.85,,600,1,,2026-08-24T12:58:30
rxa_1356,gemini,gemini-3.5-flash-lite,antisémitisme,ambigu,hardcase,antisemitisme,0.65,,547,1,,2026-08-24T12:58:35
rxa_1383,gemini,gemini-3.5-flash-lite,antisémitisme,stereotype,hardcase,racisme,0.85,,534,1,,2026-08-24T12:58:40
rxa_1324,gemini,gemini-3.5-flash-lite,antisémitisme,stereotype,hardcase,antisemitisme,0.85,,536,1,,2026-08-24T12:58:45
rxa_1399,gemini,gemini-3.5-flash-lite,antisémitisme,ambigu,hardcase,xenophobie,0.4,,539,1,,2026-08-24T12:58:50
rxa_0878,gemini,gemini-3.5-flash-lite,xénophobie,haine_implicite,hardcase,xenophobie,0.85,,537,1,,2026-08-24T12:58:55
rxa_1138,gemini,gemini-3.5-flash-lite,antisémitisme,haine_explicite,transfert_racisme_antisemitisme,antisemitisme,1.0,,556,1,,2026-08-24T12:59:00
rxa_1194,gemini,gemini-3.5-flash-lite,antisémitisme,haine_implicite,generation_originale,antisemitisme,0.85,,567,1,,2026-08-24T12:59:05
rxa_0851,gemini,gemini-3.5-flash-lite,xénophobie,dog_whistle,hardcase,antisemitisme,0.85,,639,1,,2026-08-24T12:59:10
rxa_1147,gemini,gemini-3.5-flash-lite,antisémitisme,haine_explicite,transfert_racisme_antisemitisme,antisemitisme,1.0,,488,1,,2026-08-24T12:59:15
rxa_0301,gemini,gemini-3.5-flash-lite,xénophobie,exclusion,tri_manuel,xenophobie,0.95,,501,1,,2026-08-24T12:59:19
rxa_1438,gemini,gemini-3.5-flash-lite,racisme,haine_implicite,generation_complement,xenophobie,0.85,,486,1,,2026-08-24T12:59:24
rxa_0718,gemini,gemini-3.5-flash-lite,xénophobie,haine_implicite,generation_originale,xenophobie,0.95,,609,1,,2026-08-24T12:59:29
rxa_1245,gemini,gemini-3.5-flash-lite,antisémitisme,stereotype,generation_originale,antisemitisme,0.85,,552,1,,2026-08-24T12:59:34
rxa_0998,gemini,gemini-3.5-flash-lite,antisémitisme,exclusion,transfert_racisme_antisemitisme,antisemitisme,0.95,,576,1,,2026-08-24T12:59:39
rxa_0654,gemini,gemini-3.5-flash-lite,xénophobie,dog_whistle,transfert_racisme_xenophobie,xenophobie,0.85,,490,1,,2026-08-24T12:59:44
rxa_1135,gemini,gemini-3.5-flash-lite,antisémitisme,exclusion,transfert_racisme_antisemitisme,antisemitisme,1.0,,550,1,,2026-08-24T12:59:49
rxa_0279,gemini,gemini-3.5-flash-lite,racisme,haine_explicite,tri_manuel,racisme,0.98,,510,1,,2026-08-24T12:59:54
rxa_0277,gemini,gemini-3.5-flash-lite,racisme,haine_explicite,tri_manuel,racisme,1.0,,568,1,,2026-08-24T12:59:59
rxa_0919,gemini,gemini-3.5-flash-lite,xénophobie,sarcasme,hardcase,xenophobie,0.85,,631,1,,2026-08-24T13:00:04
rxa_0349,gemini,gemini-3.5-flash-lite,racisme,haine_explicite,tri_manuel,racisme,0.95,,558,1,,2026-08-24T13:00:09
rxa_1468,gemini,gemini-3.5-flash-lite,racisme,dog_whistle,generation_complement,racisme,0.85,,569,1,,2026-08-24T13:00:14
rxa_1211,gemini,gemini-3.5-flash-lite,antisémitisme,haine_implicite,generation_originale,antisemitisme,0.8,,561,1,,2026-08-24T13:00:19
rxa_0065,gemini,gemini-3.5-flash-lite,racisme,hostilite_religieuse,tri_manuel,racisme,0.8,,557,1,,2026-08-24T13:00:24
rxa_1484,gemini,gemini-3.5-flash-lite,xénophobie,haine_explicite,generation_complement,xenophobie,0.95,,607,1,,2026-08-24T13:00:29
rxa_1093,gemini,gemini-3.5-flash-lite,antisémitisme,haine_explicite,transfert_racisme_antisemitisme,antisemitisme,0.95,,545,1,,2026-08-24T13:00:34
rxa_0410,gemini,gemini-3.5-flash-lite,xénophobie,dog_whistle,tri_manuel,xenophobie,0.85,,609,1,,2026-08-24T13:00:39
rxa_0689,gemini,gemini-3.5-flash-lite,xénophobie,haine_explicite,generation_originale,xenophobie,0.95,,598,1,,2026-08-24T13:00:44
rxa_0177,gemini,gemini-3.5-flash-lite,xénophobie,exclusion,tri_manuel,xenophobie,0.85,,593,1,,2026-08-24T13:00:49
rxa_0534,gemini,gemini-3.5-flash-lite,xénophobie,haine_explicite,transfert_racisme_xenophobie,xenophobie,0.95,,597,1,,2026-08-24T13:00:54
rxa_0117,gemini,gemini-3.5-flash-lite,racisme,stereotype,tri_manuel,xenophobie,0.8,,603,1,,2026-08-24T13:00:59
rxa_0372,gemini,gemini-3.5-flash-lite,racisme,haine_explicite,tri_manuel,racisme,0.95,,539,1,,2026-08-24T13:01:04
rxa_1034,gemini,gemini-3.5-flash-lite,antisémitisme,haine_explicite,transfert_racisme_antisemitisme,antisemitisme,1.0,,518,1,,2026-08-24T13:01:09
rxa_0628,gemini,gemini-3.5-flash-lite,xénophobie,sarcasme,transfert_racisme_xenophobie,xenophobie,0.85,,947,1,,2026-08-24T13:01:14
rxa_0821,gemini,gemini-3.5-flash-lite,xénophobie,ambigu,hardcase,xenophobie,0.65,,624,1,,2026-08-24T13:01:19
rxa_0669,gemini,gemini-3.5-flash-lite,xénophobie,ambigu,transfert_racisme_xenophobie,xenophobie,0.85,,556,1,,2026-08-24T13:01:24
rxa_0063,gemini,gemini-3.5-flash-lite,racisme,hostilite_religieuse,tri_manuel,xenophobie,0.6,,553,1,,2026-08-24T13:01:29
rxa_0735,gemini,gemini-3.5-flash-lite,xénophobie,haine_implicite,generation_originale,xenophobie,0.85,,629,1,,2026-08-24T13:01:34
rxa_0951,gemini,gemini-3.5-flash-lite,xénophobie,haine_implicite,hardcase,xenophobie,0.85,,561,1,,2026-08-24T13:01:39
rxa_1025,gemini,gemini-3.5-flash-lite,antisémitisme,exclusion,transfert_racisme_antisemitisme,antisemitisme,0.99,,690,1,,2026-08-24T13:01:44
rxa_0042,gemini,gemini-3.5-flash-lite,racisme,stereotype,tri_manuel,xenophobie,0.6,,694,1,,2026-08-24T13:01:49
rxa_0167,gemini,gemini-3.5-flash-lite,racisme,haine_explicite,tri_manuel,racisme,0.95,,562,1,,2026-08-24T13:01:54
rxa_0809,gemini,gemini-3.5-flash-lite,xénophobie,dog_whistle,generation_originale,xenophobie,0.95,,541,1,,2026-08-24T13:01:59
rxa_1100,gemini,gemini-3.5-flash-lite,antisémitisme,stereotype,transfert_racisme_antisemitisme,antisemitisme,1.0,,551,1,,2026-08-24T13:02:04
rxa_0313,gemini,gemini-3.5-flash-lite,xénophobie,exclusion,tri_manuel,xenophobie,0.95,,550,1,,2026-08-24T13:02:09
rxa_0296,gemini,gemini-3.5-flash-lite,racisme,haine_explicite,tri_manuel,racisme,0.98,,630,1,,2026-08-24T13:02:14
rxa_0490,gemini,gemini-3.5-flash-lite,racisme,stereotype,generation_originale,racisme,0.95,,604,1,,2026-08-24T13:02:19
rxa_0543,gemini,gemini-3.5-flash-lite,xénophobie,haine_explicite,transfert_racisme_xenophobie,xenophobie,0.95,,526,1,,2026-08-24T13:02:24
rxa_0641,gemini,gemini-3.5-flash-lite,xénophobie,dog_whistle,transfert_racisme_xenophobie,xenophobie,0.95,,544,1,,2026-08-24T13:02:29
rxa_0290,gemini,gemini-3.5-flash-lite,racisme,haine_explicite,tri_manuel,racisme,0.95,,878,1,,2026-08-24T13:02:35
rxa_0617,gemini,gemini-3.5-flash-lite,xénophobie,sarcasme,transfert_racisme_xenophobie,xenophobie,0.9,,548,1,,2026-08-24T13:02:39
rxa_1314,gemini,gemini-3.5-flash-lite,antisémitisme,haine_implicite,hardcase,antisemitisme,0.8,,606,1,,2026-08-24T13:02:44
rxa_0779,gemini,gemini-3.5-flash-lite,xénophobie,stereotype,generation_originale,xenophobie,0.95,,534,1,,2026-08-24T13:02:49
rxa_0910,gemini,gemini-3.5-flash-lite,xénophobie,dog_whistle,hardcase,racisme,0.85,,529,1,,2026-08-24T13:02:54
rxa_0212,gemini,gemini-3.5-flash-lite,racisme,haine_explicite,tri_manuel,racisme,0.98,,561,1,,2026-08-24T13:02:59
rxa_0979,gemini,gemini-3.5-flash-lite,antisémitisme,hostilite_religieuse,transfert_racisme_antisemitisme,antisemitisme,0.95,,615,1,,2026-08-24T13:03:04
rxa_0555,gemini,gemini-3.5-flash-lite,xénophobie,haine_explicite,transfert_racisme_xenophobie,xenophobie,0.99,,491,1,,2026-08-24T13:03:09
rxa_1058,gemini,gemini-3.5-flash-lite,antisémitisme,hostilite_religieuse,transfert_racisme_antisemitisme,antisemitisme,0.95,,480,1,,2026-08-24T13:03:14
rxa_0672,gemini,gemini-3.5-flash-lite,xénophobie,haine_explicite,generation_originale,xenophobie,0.95,,544,1,,2026-08-24T13:03:19
rxa_0317,gemini,gemini-3.5-flash-lite,racisme,haine_explicite,tri_manuel,antisemitisme,0.6,,551,1,,2026-08-24T13:03:24
rxa_1081,gemini,gemini-3.5-flash-lite,antisémitisme,stereotype,transfert_racisme_antisemitisme,antisemitisme,0.9,,566,1,,2026-08-24T13:03:29
rxa_0535,gemini,gemini-3.5-flash-lite,xénophobie,haine_explicite,transfert_racisme_xenophobie,xenophobie,0.99,,762,1,,2026-08-24T13:03:34
rxa_1296,gemini,gemini-3.5-flash-lite,antisémitisme,ambigu,generation_originale,antisemitisme,0.85,,636,1,,2026-08-24T13:03:39
rxa_1039,gemini,gemini-3.5-flash-lite,antisémitisme,stereotype,transfert_racisme_antisemitisme,antisemitisme,1.0,,557,1,,2026-08-24T13:03:44
rxa_0432,gemini,gemini-3.5-flash-lite,racisme,haine_explicite,generation_originale,xenophobie,0.85,,541,1,,2026-08-24T13:03:49
rxa_0828,gemini,gemini-3.5-flash-lite,xénophobie,haine_implicite,hardcase,xenophobie,0.85,,550,1,,2026-08-24T13:03:54
rxa_0621,gemini,gemini-3.5-flash-lite,xénophobie,sarcasme,transfert_racisme_xenophobie,xenophobie,0.85,,552,1,,2026-08-24T13:03:59
rxa_1161,gemini,gemini-3.5-flash-lite,antisémitisme,haine_explicite,generation_originale,antisemitisme,1.0,,615,1,,2026-08-24T13:04:04
rxa_0287,gemini,gemini-3.5-flash-lite,racisme,haine_implicite,tri_manuel,racisme,0.4,,538,1,,2026-08-24T13:04:09
rxa_0451,gemini,gemini-3.5-flash-lite,racisme,haine_explicite,generation_originale,xenophobie,0.85,,563,1,,2026-08-24T13:04:14
rxa_1013,gemini,gemini-3.5-flash-lite,antisémitisme,hostilite_religieuse,transfert_racisme_antisemitisme,antisemitisme,0.95,,684,1,,2026-08-24T13:04:19
rxa_0528,gemini,gemini-3.5-flash-lite,racisme,ambigu,generation_originale,xenophobie,0.65,,562,1,,2026-08-24T13:04:24
rxa_0300,gemini,gemini-3.5-flash-lite,racisme,haine_explicite,tri_manuel,racisme,1.0,,559,1,,2026-08-24T13:04:29
rxa_0752,gemini,gemini-3.5-flash-lite,xénophobie,haine_implicite,generation_originale,xenophobie,0.85,,610,1,,2026-08-24T13:04:34
rxa_0622,gemini,gemini-3.5-flash-lite,xénophobie,sarcasme,transfert_racisme_xenophobie,xenophobie,0.85,,546,1,,2026-08-24T13:04:39
rxa_0995,gemini,gemini-3.5-flash-lite,antisémitisme,complotisme,transfert_racisme_antisemitisme,antisemitisme,1.0,,658,1,,2026-08-24T13:04:44
rxa_1219,gemini,gemini-3.5-flash-lite,antisémitisme,haine_implicite,generation_originale,antisemitisme,0.85,,527,1,,2026-08-24T13:04:49
rxa_0034,gemini,gemini-3.5-flash-lite,racisme,hostilite_religieuse,tri_manuel,racisme,0.85,,567,1,,2026-08-24T13:04:54
rxa_0286,gemini,gemini-3.5-flash-lite,racisme,haine_explicite,tri_manuel,racisme,1.0,,586,1,,2026-08-24T13:04:59
rxa_0314,gemini,gemini-3.5-flash-lite,antisémitisme,haine_explicite,tri_manuel,antisemitisme,1.0,,607,1,,2026-08-24T13:05:04
rxa_0333,gemini,gemini-3.5-flash-lite,xénophobie,haine_implicite,tri_manuel,xenophobie,0.95,,549,1,,2026-08-24T13:05:09
rxa_0182,gemini,gemini-3.5-flash-lite,racisme,haine_explicite,tri_manuel,racisme,0.99,,601,1,,2026-08-24T13:05:14
rxa_0049,gemini,gemini-3.5-flash-lite,racisme,stereotype,tri_manuel,xenophobie,0.6,,551,1,,2026-08-24T13:05:19
rxa_0102,gemini,gemini-3.5-flash-lite,racisme,haine_explicite,tri_manuel,xenophobie,0.6,,544,1,,2026-08-24T13:05:24
rxa_1390,gemini,gemini-3.5-flash-lite,antisémitisme,dog_whistle,hardcase,xenophobie,0.55,,588,1,,2026-08-24T13:05:29
rxa_0275,gemini,gemini-3.5-flash-lite,xénophobie,dog_whistle,tri_manuel,racisme,0.85,,652,1,,2026-08-24T13:05:34
rxa_0675,gemini,gemini-3.5-flash-lite,xénophobie,haine_explicite,generation_originale,xenophobie,0.99,,496,1,,2026-08-24T13:05:39
rxa_1327,gemini,gemini-3.5-flash-lite,antisémitisme,stereotype,hardcase,antisemitisme,0.85,,517,1,,2026-08-24T13:05:44
rxa_0749,gemini,gemini-3.5-flash-lite,xénophobie,haine_implicite,generation_originale,xenophobie,0.95,,544,1,,2026-08-24T13:05:49
rxa_0908,gemini,gemini-3.5-flash-lite,xénophobie,dog_whistle,hardcase,xenophobie,0.85,,551,1,,2026-08-24T13:05:54
rxa_0437,gemini,gemini-3.5-flash-lite,racisme,haine_explicite,generation_originale,racisme,0.99,,570,1,,2026-08-24T13:05:59
rxa_0491,gemini,gemini-3.5-flash-lite,racisme,stereotype,generation_originale,racisme,0.85,,580,1,,2026-08-24T13:06:04
rxa_0141,gemini,gemini-3.5-flash-lite,racisme,ambigu,tri_manuel,xenophobie,0.6,,555,1,,2026-08-24T13:06:09
rxa_0706,gemini,gemini-3.5-flash-lite,xénophobie,haine_explicite,generation_originale,xenophobie,0.98,,581,1,,2026-08-24T13:06:14
rxa_0351,mistral,mistral-large-latest,racisme,haine_explicite,tri_manuel,racisme,0.98,,1355,1,,2026-08-20T19:24:42
rxa_0427,mistral,mistral-large-latest,racisme,haine_explicite,generation_originale,xenophobie,0.95,,858,1,,2026-08-20T19:24:47
rxa_1182,mistral,mistral-large-latest,antisémitisme,haine_explicite,generation_originale,antisemitisme,0.98,,2087,1,,2026-08-20T19:24:54
rxa_0309,mistral,mistral-large-latest,xénophobie,dog_whistle,tri_manuel,xenophobie,0.9,,2541,1,,2026-08-20T19:25:01
rxa_1166,mistral,mistral-large-latest,antisémitisme,haine_explicite,generation_originale,antisemitisme,0.98,,2270,1,,2026-08-20T19:25:07
rxa_0269,mistral,mistral-large-latest,antisémitisme,haine_explicite,tri_manuel,antisemitisme,0.98,,751,1,,2026-08-20T19:25:13
rxa_0024,mistral,mistral-large-latest,racisme,haine_explicite,tri_manuel,xenophobie,0.9,,1883,1,,2026-08-20T19:25:19
rxa_0470,mistral,mistral-large-latest,racisme,haine_implicite,generation_originale,xenophobie,0.7,,1201,1,,2026-08-20T19:25:24
rxa_0952,mistral,mistral-large-latest,xénophobie,dog_whistle,hardcase,xenophobie,0.7,,761,5,,2026-08-20T19:26:08
rxa_0930,mistral,mistral-large-latest,xénophobie,haine_implicite,hardcase,xenophobie,0.9,,640,1,,2026-08-20T19:26:13
rxa_0898,mistral,mistral-large-latest,xénophobie,haine_implicite,hardcase,xenophobie,0.9,,636,1,,2026-08-20T19:26:18
rxa_1041,mistral,mistral-large-latest,antisémitisme,haine_explicite,transfert_racisme_antisemitisme,antisemitisme,1.0,,1961,1,,2026-08-20T19:26:24
rxa_0327,mistral,mistral-large-latest,racisme,haine_implicite,tri_manuel,racisme,0.95,,1041,5,,2026-08-20T19:27:08
rxa_0245,mistral,mistral-large-latest,xénophobie,sarcasme,tri_manuel,xenophobie,0.95,,853,1,,2026-08-20T19:27:13
rxa_0242,mistral,mistral-large-latest,racisme,haine_explicite,tri_manuel,racisme,0.98,,1015,1,,2026-08-20T19:27:19
rxa_0687,mistral,mistral-large-latest,xénophobie,haine_explicite,generation_originale,xenophobie,0.95,,1007,1,,2026-08-20T19:27:24
rxa_0329,mistral,mistral-large-latest,xénophobie,dog_whistle,tri_manuel,xenophobie,0.9,,700,5,,2026-08-20T19:28:08
rxa_1483,mistral,mistral-large-latest,xénophobie,haine_explicite,generation_complement,xenophobie,0.95,,695,1,,2026-08-20T19:28:13
rxa_1405,mistral,mistral-large-latest,antisémitisme,haine_implicite,hardcase,antisemitisme,0.7,,730,1,,2026-08-20T19:28:19
rxa_1201,mistral,mistral-large-latest,antisémitisme,haine_implicite,generation_originale,antisemitisme,0.9,,1247,1,,2026-08-20T19:28:24
rxa_0248,mistral,mistral-large-latest,racisme,haine_explicite,tri_manuel,racisme,0.95,,1253,5,,2026-08-20T19:29:11
rxa_1414,mistral,mistral-large-latest,antisémitisme,haine_implicite,hardcase,antisemitisme,0.8,,855,1,,2026-08-20T19:29:16
rxa_1098,mistral,mistral-large-latest,antisémitisme,haine_explicite,transfert_racisme_antisemitisme,antisemitisme,0.98,,1043,1,,2026-08-20T19:29:21
rxa_0748,mistral,mistral-large-latest,xénophobie,haine_implicite,generation_originale,xenophobie,0.9,,705,1,,2026-08-20T19:29:27
rxa_0018,mistral,mistral-large-latest,racisme,stereotype,tri_manuel,racisme,0.95,,655,5,,2026-08-20T19:30:10
rxa_0112,mistral,mistral-large-latest,racisme,haine_implicite,tri_manuel,xenophobie,0.9,,618,1,,2026-08-20T19:30:15
rxa_0775,mistral,mistral-large-latest,xénophobie,stereotype,generation_originale,xenophobie,0.95,,725,1,,2026-08-20T19:30:20
rxa_1123,mistral,mistral-large-latest,antisémitisme,stereotype,transfert_racisme_antisemitisme,antisemitisme,0.98,,751,1,,2026-08-20T19:30:26
rxa_0607,mistral,mistral-large-latest,xénophobie,exclusion,transfert_racisme_xenophobie,xenophobie,0.95,,696,5,,2026-08-20T19:31:09
rxa_0467,mistral,mistral-large-latest,racisme,haine_implicite,generation_originale,xenophobie,0.85,,1198,1,,2026-08-20T19:31:15
rxa_1209,mistral,mistral-large-latest,antisémitisme,haine_implicite,generation_originale,antisemitisme,0.95,,1006,1,,2026-08-20T19:31:20
rxa_0777,mistral,mistral-large-latest,xénophobie,stereotype,generation_originale,xenophobie,0.9,,1782,1,,2026-08-20T19:31:26
rxa_0157,mistral,mistral-large-latest,xénophobie,exclusion,tri_manuel,xenophobie,0.85,,670,5,,2026-08-20T19:32:10
rxa_1191,mistral,mistral-large-latest,antisémitisme,haine_explicite,generation_originale,antisemitisme,0.98,,578,1,,2026-08-20T19:32:14
rxa_0745,mistral,mistral-large-latest,xénophobie,haine_implicite,generation_originale,xenophobie,0.85,,765,1,,2026-08-20T19:32:20
rxa_1445,mistral,mistral-large-latest,racisme,stereotype,generation_complement,racisme,0.95,,625,1,,2026-08-20T19:32:25
rxa_1117,mistral,mistral-large-latest,antisémitisme,haine_implicite,transfert_racisme_antisemitisme,antisemitisme,0.98,,681,5,,2026-08-20T19:33:08
rxa_0377,mistral,mistral-large-latest,racisme,haine_explicite,tri_manuel,racisme,0.95,,526,1,,2026-08-20T19:33:13
rxa_0918,mistral,mistral-large-latest,xénophobie,sarcasme,hardcase,xenophobie,0.85,,685,1,,2026-08-20T19:33:18
rxa_1252,mistral,mistral-large-latest,antisémitisme,stereotype,generation_originale,antisemitisme,0.8,,604,1,,2026-08-20T19:33:23
rxa_0028,mistral,mistral-large-latest,racisme,hostilite_religieuse,tri_manuel,xenophobie,0.85,,768,5,,2026-08-20T19:34:07
rxa_0316,mistral,mistral-large-latest,xénophobie,exclusion,tri_manuel,xenophobie,0.95,,658,1,,2026-08-20T19:34:12
rxa_0511,mistral,mistral-large-latest,racisme,sarcasme,generation_originale,xenophobie,0.8,,1829,1,,2026-08-20T19:34:18
rxa_0880,mistral,mistral-large-latest,xénophobie,haine_implicite,hardcase,xenophobie,0.85,,921,1,,2026-08-20T19:34:23
rxa_0855,mistral,mistral-large-latest,xénophobie,dog_whistle,hardcase,xenophobie,0.9,,896,5,,2026-08-20T19:35:07
rxa_1137,mistral,mistral-large-latest,antisémitisme,haine_explicite,transfert_racisme_antisemitisme,antisemitisme,0.98,,626,1,,2026-08-20T19:35:12
rxa_0926,mistral,mistral-large-latest,xénophobie,exclusion,hardcase,xenophobie,0.95,,2815,1,,2026-08-20T19:35:19
rxa_0413,mistral,mistral-large-latest,racisme,haine_explicite,generation_originale,racisme,0.95,,605,1,,2026-08-20T19:35:24
rxa_0698,mistral,mistral-large-latest,xénophobie,haine_explicite,generation_originale,xenophobie,0.95,,601,5,,2026-08-20T19:36:07
rxa_0940,mistral,mistral-large-latest,xénophobie,dog_whistle,hardcase,xenophobie,0.7,,2730,1,,2026-08-20T19:36:14
rxa_0902,mistral,mistral-large-latest,xénophobie,dog_whistle,hardcase,racisme,0.8,,497,1,,2026-08-20T19:36:19
rxa_0596,mistral,mistral-large-latest,xénophobie,exclusion,transfert_racisme_xenophobie,xenophobie,0.95,,617,1,,2026-08-20T19:36:24
rxa_0184,mistral,mistral-large-latest,racisme,haine_implicite,tri_manuel,racisme,0.95,,597,5,,2026-08-20T19:37:08
rxa_1499,mistral,mistral-large-latest,xénophobie,ambigu,generation_complement,xenophobie,0.8,,592,1,,2026-08-20T19:37:13
rxa_1240,mistral,mistral-large-latest,antisémitisme,stereotype,generation_originale,racisme,0.85,,526,1,,2026-08-20T19:37:18
rxa_0680,mistral,mistral-large-latest,xénophobie,haine_explicite,generation_originale,xenophobie,0.95,,33468,1,,2026-08-20T19:37:56
rxa_1155,mistral,mistral-large-latest,antisémitisme,haine_explicite,generation_originale,antisemitisme,0.98,,617,1,,2026-08-20T19:38:01
rxa_0342,mistral,mistral-large-latest,racisme,haine_explicite,tri_manuel,racisme,0.95,,618,1,,2026-08-20T19:38:06
rxa_1301,mistral,mistral-large-latest,antisémitisme,haine_implicite,hardcase,antisemitisme,0.85,,731,1,,2026-08-20T19:38:11
rxa_0130,mistral,mistral-large-latest,racisme,stereotype,tri_manuel,racisme,0.95,,901,1,,2026-08-20T19:38:17
rxa_1407,mistral,mistral-large-latest,antisémitisme,dog_whistle,hardcase,antisemitisme,0.85,,1189,5,,2026-08-20T19:39:00
rxa_0067,mistral,mistral-large-latest,racisme,stereotype,tri_manuel,antisemitisme,0.95,,564,1,,2026-08-20T19:39:05
rxa_0153,mistral,mistral-large-latest,racisme,haine_explicite,tri_manuel,racisme,0.98,,736,1,,2026-08-20T19:39:10
rxa_0518,mistral,mistral-large-latest,racisme,dog_whistle,generation_originale,xenophobie,0.7,,604,1,,2026-08-20T19:39:15
rxa_0986,mistral,mistral-large-latest,antisémitisme,complotisme,transfert_racisme_antisemitisme,antisemitisme,0.95,,5463,6,,2026-08-20T19:40:38
rxa_0448,mistral,mistral-large-latest,racisme,haine_explicite,generation_originale,racisme,0.95,,555,1,,2026-08-20T19:40:43
rxa_1362,mistral,mistral-large-latest,antisémitisme,dog_whistle,hardcase,antisemitisme,0.8,,1924,1,,2026-08-20T19:40:49
rxa_0497,mistral,mistral-large-latest,racisme,stereotype,generation_originale,xenophobie,0.9,,681,1,,2026-08-20T19:40:54
rxa_1372,mistral,mistral-large-latest,antisémitisme,ambigu,hardcase,antisemitisme,0.8,,2203,1,,2026-08-20T19:41:01
rxa_1395,mistral,mistral-large-latest,antisémitisme,sarcasme,hardcase,antisemitisme,0.95,,581,1,,2026-08-20T19:41:06
rxa_0085,mistral,mistral-large-latest,racisme,exclusion,tri_manuel,xenophobie,0.9,,666,1,,2026-08-20T19:41:11
rxa_0530,mistral,mistral-large-latest,racisme,ambigu,generation_originale,racisme,0.8,,587,1,,2026-08-20T19:41:16
rxa_0041,mistral,mistral-large-latest,racisme,stereotype,tri_manuel,racisme,0.85,,1193,5,,2026-08-20T19:42:00
rxa_1377,mistral,mistral-large-latest,antisémitisme,haine_implicite,hardcase,antisemitisme,0.85,,3182,1,,2026-08-20T19:42:08
rxa_0468,mistral,mistral-large-latest,racisme,haine_implicite,generation_originale,xenophobie,0.9,,625,1,,2026-08-20T19:42:13
rxa_0297,mistral,mistral-large-latest,antisémitisme,haine_explicite,tri_manuel,antisemitisme,0.98,,663,1,,2026-08-20T19:42:18
rxa_0861,mistral,mistral-large-latest,xénophobie,exclusion,hardcase,xenophobie,0.9,,654,5,,2026-08-20T19:43:01
rxa_1334,mistral,mistral-large-latest,antisémitisme,haine_implicite,hardcase,antisemitisme,0.85,,653,1,,2026-08-20T19:43:06
rxa_0315,mistral,mistral-large-latest,racisme,haine_explicite,tri_manuel,racisme,0.95,,640,1,,2026-08-20T19:43:11
rxa_1474,mistral,mistral-large-latest,racisme,ambigu,generation_complement,xenophobie,0.85,,709,1,,2026-08-20T19:43:16
rxa_1369,mistral,mistral-large-latest,antisémitisme,ambigu,hardcase,antisemitisme,0.8,,649,5,,2026-08-20T19:44:00
rxa_0439,mistral,mistral-large-latest,racisme,haine_explicite,generation_originale,xenophobie,0.9,,719,1,,2026-08-20T19:44:05
rxa_0318,mistral,mistral-large-latest,xénophobie,sarcasme,tri_manuel,xenophobie,0.95,,693,1,,2026-08-20T19:44:10
rxa_0897,mistral,mistral-large-latest,xénophobie,ambigu,hardcase,xenophobie,0.95,,568,1,,2026-08-20T19:44:15
rxa_0243,mistral,mistral-large-latest,racisme,haine_explicite,tri_manuel,racisme,0.95,,2070,5,,2026-08-20T19:45:00
rxa_0244,mistral,mistral-large-latest,xénophobie,complotisme,tri_manuel,xenophobie,0.9,,764,1,,2026-08-20T19:45:05
rxa_0911,mistral,mistral-large-latest,xénophobie,dog_whistle,hardcase,xenophobie,0.8,,787,1,,2026-08-20T19:45:11
rxa_0900,mistral,mistral-large-latest,xénophobie,haine_implicite,hardcase,xenophobie,0.85,,879,1,,2026-08-20T19:45:16
rxa_1064,mistral,mistral-large-latest,antisémitisme,complotisme,transfert_racisme_antisemitisme,antisemitisme,0.98,,2232,5,,2026-08-20T19:46:01
rxa_1336,mistral,mistral-large-latest,antisémitisme,stereotype,hardcase,antisemitisme,0.85,,840,1,,2026-08-20T19:46:06
rxa_0973,mistral,mistral-large-latest,antisémitisme,stereotype,transfert_racisme_antisemitisme,antisemitisme,0.95,,601,1,,2026-08-20T19:46:11
rxa_1055,mistral,mistral-large-latest,antisémitisme,hostilite_religieuse,transfert_racisme_antisemitisme,antisemitisme,0.98,,751,1,,2026-08-20T19:46:16
rxa_1045,mistral,mistral-large-latest,antisémitisme,exclusion,transfert_racisme_antisemitisme,antisemitisme,0.98,,659,5,,2026-08-20T19:47:01
rxa_0407,mistral,mistral-large-latest,xénophobie,exclusion,tri_manuel,racisme,0.95,,542,1,,2026-08-20T19:47:05
rxa_1463,mistral,mistral-large-latest,racisme,sarcasme,generation_complement,xenophobie,0.7,,581,1,,2026-08-20T19:47:10
rxa_1157,mistral,mistral-large-latest,antisémitisme,haine_explicite,generation_originale,antisemitisme,1.0,,659,1,,2026-08-20T19:47:16
rxa_0684,mistral,mistral-large-latest,xénophobie,haine_explicite,generation_originale,xenophobie,0.95,,659,5,,2026-08-20T19:48:00
rxa_1394,mistral,mistral-large-latest,antisémitisme,stereotype,hardcase,antisemitisme,0.85,,1655,1,,2026-08-20T19:48:06
rxa_0433,mistral,mistral-large-latest,racisme,haine_explicite,generation_originale,racisme,0.95,,2516,1,,2026-08-20T19:48:13
rxa_0790,mistral,mistral-large-latest,xénophobie,sarcasme,generation_originale,xenophobie,0.95,,1621,1,,2026-08-22T14:28:46
rxa_0858,mistral,mistral-large-latest,xénophobie,exclusion,hardcase,xenophobie,0.8,,649,1,,2026-08-22T14:28:51
rxa_0705,mistral,mistral-large-latest,xénophobie,haine_explicite,generation_originale,xenophobie,0.95,,678,1,,2026-08-22T14:28:57
rxa_0138,mistral,mistral-large-latest,racisme,stereotype,tri_manuel,racisme,0.95,,583,1,,2026-08-22T14:29:01
rxa_0469,mistral,mistral-large-latest,racisme,haine_implicite,generation_originale,xenophobie,0.9,,669,1,,2026-08-22T14:29:07
rxa_1422,mistral,mistral-large-latest,racisme,haine_explicite,generation_complement,racisme,0.95,,578,1,,2026-08-22T14:29:12
rxa_0474,mistral,mistral-large-latest,racisme,haine_implicite,generation_originale,xenophobie,0.8,,697,1,,2026-08-22T14:29:17
rxa_0463,mistral,mistral-large-latest,racisme,haine_implicite,generation_originale,racisme,0.9,,760,5,,2026-08-22T14:30:01
rxa_1167,mistral,mistral-large-latest,antisémitisme,haine_explicite,generation_originale,antisemitisme,0.98,,617,1,,2026-08-22T14:30:06
rxa_0548,mistral,mistral-large-latest,xénophobie,haine_explicite,transfert_racisme_xenophobie,xenophobie,0.95,,638,1,,2026-08-22T14:30:11
rxa_0144,mistral,mistral-large-latest,racisme,stereotype,tri_manuel,racisme,0.9,,600,1,,2026-08-22T14:30:16
rxa_0116,mistral,mistral-large-latest,racisme,exclusion,tri_manuel,xenophobie,0.95,,596,6,,2026-08-22T14:31:32
rxa_0784,mistral,mistral-large-latest,xénophobie,sarcasme,generation_originale,xenophobie,0.9,,567,1,,2026-08-22T14:31:37
rxa_0682,mistral,mistral-large-latest,xénophobie,haine_explicite,generation_originale,xenophobie,0.95,,635,1,,2026-08-22T14:31:42
rxa_0020,mistral,mistral-large-latest,racisme,stereotype,tri_manuel,racisme,0.9,,602,1,,2026-08-22T14:31:47
rxa_0829,mistral,mistral-large-latest,xénophobie,ambigu,hardcase,xenophobie,0.3,,1299,3,,2026-08-22T14:32:03
rxa_0683,mistral,mistral-large-latest,xénophobie,haine_explicite,generation_originale,xenophobie,0.95,,687,1,,2026-08-22T14:32:08
rxa_1114,mistral,mistral-large-latest,antisémitisme,stereotype,transfert_racisme_antisemitisme,antisemitisme,0.95,,805,1,,2026-08-22T14:32:13
rxa_0337,mistral,mistral-large-latest,racisme,haine_explicite,tri_manuel,racisme,0.95,,516,1,,2026-08-22T14:32:18
rxa_0237,mistral,mistral-large-latest,racisme,haine_explicite,tri_manuel,racisme,0.98,,623,5,,2026-08-22T14:33:02
rxa_0859,mistral,mistral-large-latest,xénophobie,exclusion,hardcase,xenophobie,0.8,,556,1,,2026-08-22T14:33:07
rxa_1460,mistral,mistral-large-latest,racisme,sarcasme,generation_complement,xenophobie,0.8,,636,1,,2026-08-22T14:33:12
rxa_0045,mistral,mistral-large-latest,racisme,exclusion,tri_manuel,xenophobie,0.95,,1433,1,,2026-08-22T14:35:08
rxa_0692,mistral,mistral-large-latest,xénophobie,haine_explicite,generation_originale,xenophobie,0.95,,689,1,,2026-08-22T14:35:14
rxa_0082,mistral,mistral-large-latest,racisme,exclusion,tri_manuel,xenophobie,0.85,,637,1,,2026-08-22T14:35:19
rxa_1299,mistral,mistral-large-latest,antisémitisme,haine_implicite,hardcase,antisemitisme,0.9,,599,1,,2026-08-22T14:35:24
rxa_0700,mistral,mistral-large-latest,xénophobie,haine_explicite,generation_originale,xenophobie,0.95,,706,5,,2026-08-22T14:36:07
rxa_1106,mistral,mistral-large-latest,antisémitisme,haine_explicite,transfert_racisme_antisemitisme,antisemitisme,0.95,,761,1,,2026-08-22T14:36:12
rxa_0751,mistral,mistral-large-latest,xénophobie,haine_implicite,generation_originale,xenophobie,0.8,,649,1,,2026-08-22T14:36:18
rxa_0899,mistral,mistral-large-latest,xénophobie,haine_implicite,hardcase,xenophobie,0.95,,615,1,,2026-08-22T14:36:23
rxa_0489,mistral,mistral-large-latest,racisme,stereotype,generation_originale,racisme,0.95,,730,5,,2026-08-22T14:37:05
rxa_1026,mistral,mistral-large-latest,antisémitisme,complotisme,transfert_racisme_antisemitisme,antisemitisme,0.95,,622,1,,2026-08-22T14:37:10
rxa_0051,mistral,mistral-large-latest,racisme,haine_explicite,tri_manuel,xenophobie,0.9,,581,1,,2026-08-22T14:37:15
rxa_0129,mistral,mistral-large-latest,racisme,stereotype,tri_manuel,racisme,0.95,,574,1,,2026-08-22T14:37:20
rxa_1350,mistral,mistral-large-latest,antisémitisme,haine_implicite,hardcase,antisemitisme,0.85,,632,5,,2026-08-22T14:38:03
rxa_0086,mistral,mistral-large-latest,racisme,haine_explicite,tri_manuel,xenophobie,0.9,,600,1,,2026-08-22T14:38:08
rxa_0380,mistral,mistral-large-latest,racisme,haine_explicite,tri_manuel,racisme,0.95,,544,1,,2026-08-22T14:38:13
rxa_0187,mistral,mistral-large-latest,xénophobie,dog_whistle,tri_manuel,xenophobie,0.95,,605,1,,2026-08-22T14:38:18
rxa_0192,mistral,mistral-large-latest,xénophobie,hostilite_religieuse,tri_manuel,xenophobie,0.9,,1158,5,,2026-08-22T14:39:03
rxa_0985,mistral,mistral-large-latest,antisémitisme,stereotype,transfert_racisme_antisemitisme,antisemitisme,0.95,,633,1,,2026-08-22T14:39:08
rxa_0356,mistral,mistral-large-latest,xénophobie,dog_whistle,tri_manuel,xenophobie,0.9,,829,1,,2026-08-22T14:39:13
rxa_0639,mistral,mistral-large-latest,xénophobie,dog_whistle,transfert_racisme_xenophobie,xenophobie,0.8,,600,1,,2026-08-22T14:39:18
rxa_0001,mistral,mistral-large-latest,racisme,stereotype,tri_manuel,racisme,0.95,,644,5,,2026-08-22T14:40:02
rxa_1143,mistral,mistral-large-latest,antisémitisme,haine_explicite,transfert_racisme_antisemitisme,antisemitisme,0.98,,608,1,,2026-08-22T14:40:07
rxa_1003,mistral,mistral-large-latest,antisémitisme,haine_explicite,transfert_racisme_antisemitisme,antisemitisme,0.95,,625,1,,2026-08-22T14:40:12
rxa_1092,mistral,mistral-large-latest,antisémitisme,haine_explicite,transfert_racisme_antisemitisme,antisemitisme,0.98,,811,1,,2026-08-22T14:40:17
rxa_1450,mistral,mistral-large-latest,racisme,stereotype,generation_complement,xenophobie,0.9,,906,5,,2026-08-22T14:41:02
rxa_0175,mistral,mistral-large-latest,racisme,haine_explicite,tri_manuel,racisme,0.98,,561,1,,2026-08-22T14:41:07
rxa_1465,mistral,mistral-large-latest,racisme,dog_whistle,generation_complement,xenophobie,0.95,,707,1,,2026-08-22T14:41:12
rxa_1401,mistral,mistral-large-latest,antisémitisme,ambigu,hardcase,xenophobie,0.7,,753,1,,2026-08-22T14:41:17
rxa_1222,mistral,mistral-large-latest,antisémitisme,haine_implicite,generation_originale,antisemitisme,0.8,,679,5,,2026-08-22T14:42:00
rxa_1285,mistral,mistral-large-latest,antisémitisme,dog_whistle,generation_originale,antisemitisme,0.9,,688,1,,2026-08-22T14:42:05
rxa_0026,mistral,mistral-large-latest,racisme,haine_explicite,tri_manuel,xenophobie,0.9,,606,1,,2026-08-22T14:42:10
rxa_0472,mistral,mistral-large-latest,racisme,haine_implicite,generation_originale,racisme,0.7,,1685,1,,2026-08-22T14:42:17
rxa_0868,mistral,mistral-large-latest,xénophobie,exclusion,hardcase,xenophobie,0.9,,617,5,,2026-08-22T14:43:00
rxa_1456,mistral,mistral-large-latest,racisme,sarcasme,generation_complement,racisme,0.85,,667,1,,2026-08-22T14:43:05
rxa_1152,mistral,mistral-large-latest,antisémitisme,haine_explicite,generation_originale,antisemitisme,1.0,,955,1,,2026-08-22T14:43:10
rxa_0080,mistral,mistral-large-latest,racisme,dog_whistle,tri_manuel,xenophobie,0.95,,705,1,,2026-08-22T14:43:16
rxa_0140,mistral,mistral-large-latest,racisme,stereotype,tri_manuel,racisme,0.9,,1947,5,,2026-08-22T14:44:01
rxa_0134,mistral,mistral-large-latest,racisme,haine_implicite,tri_manuel,xenophobie,0.85,,643,1,,2026-08-22T14:44:06
rxa_1391,mistral,mistral-large-latest,antisémitisme,dog_whistle,hardcase,antisemitisme,0.9,,899,1,,2026-08-22T14:44:11
rxa_0263,mistral,mistral-large-latest,racisme,haine_implicite,tri_manuel,racisme,0.95,,579,1,,2026-08-22T14:44:16
rxa_0435,mistral,mistral-large-latest,racisme,haine_explicite,generation_originale,racisme,0.95,,757,5,,2026-08-22T14:45:00
rxa_0222,mistral,mistral-large-latest,racisme,haine_explicite,tri_manuel,racisme,0.95,,566,1,,2026-08-22T14:45:05
rxa_1411,mistral,mistral-large-latest,antisémitisme,haine_implicite,hardcase,antisemitisme,0.85,,629,1,,2026-08-22T14:45:10
rxa_0591,mistral,mistral-large-latest,xénophobie,haine_implicite,transfert_racisme_xenophobie,xenophobie,0.95,,567,1,,2026-08-22T14:45:15
rxa_0988,mistral,mistral-large-latest,antisémitisme,complotisme,transfert_racisme_antisemitisme,antisemitisme,0.8,,2212,5,,2026-08-22T14:46:01
rxa_0722,mistral,mistral-large-latest,xénophobie,haine_implicite,generation_originale,xenophobie,0.7,,888,1,,2026-08-22T14:46:06
rxa_1237,mistral,mistral-large-latest,antisémitisme,stereotype,generation_originale,antisemitisme,0.9,,660,1,,2026-08-22T14:46:11
rxa_1095,mistral,mistral-large-latest,antisémitisme,haine_explicite,transfert_racisme_antisemitisme,antisemitisme,0.95,,641,1,,2026-08-22T14:46:16
rxa_1000,mistral,mistral-large-latest,antisémitisme,hostilite_religieuse,transfert_racisme_antisemitisme,antisemitisme,0.95,,2251,5,,2026-08-22T14:47:01
rxa_0662,mistral,mistral-large-latest,xénophobie,ambigu,transfert_racisme_xenophobie,xenophobie,0.8,,704,1,,2026-08-22T14:47:06
rxa_1183,mistral,mistral-large-latest,antisémitisme,haine_explicite,generation_originale,antisemitisme,0.98,,740,1,,2026-08-22T14:47:11
rxa_1275,mistral,mistral-large-latest,antisémitisme,dog_whistle,generation_originale,antisemitisme,0.9,,571,1,,2026-08-22T14:47:16
rxa_1277,mistral,mistral-large-latest,antisémitisme,dog_whistle,generation_originale,antisemitisme,0.85,,2132,1,,2026-08-22T17:03:05
rxa_0483,mistral,mistral-large-latest,racisme,stereotype,generation_originale,racisme,0.95,,579,1,,2026-08-22T17:03:10
rxa_0125,mistral,mistral-large-latest,racisme,haine_implicite,tri_manuel,xenophobie,0.9,,753,1,,2026-08-22T17:03:16
rxa_0673,mistral,mistral-large-latest,xénophobie,haine_explicite,generation_originale,xenophobie,0.95,,659,1,,2026-08-22T17:03:21
rxa_0143,mistral,mistral-large-latest,racisme,stereotype,tri_manuel,racisme,0.9,,702,5,,2026-08-22T17:04:05
rxa_1253,mistral,mistral-large-latest,antisémitisme,stereotype,generation_originale,antisemitisme,0.8,,537,1,,2026-08-22T17:04:10
rxa_0180,mistral,mistral-large-latest,racisme,haine_explicite,tri_manuel,racisme,0.95,,583,1,,2026-08-22T17:04:15
rxa_0693,mistral,mistral-large-latest,xénophobie,haine_explicite,generation_originale,xenophobie,0.95,,1048,1,,2026-08-22T17:04:20
rxa_0866,mistral,mistral-large-latest,xénophobie,exclusion,hardcase,racisme,0.85,,857,5,,2026-08-22T17:05:04
rxa_0728,mistral,mistral-large-latest,xénophobie,haine_implicite,generation_originale,xenophobie,0.8,,8471,1,,2026-08-22T17:05:17
rxa_1062,mistral,mistral-large-latest,antisémitisme,complotisme,transfert_racisme_antisemitisme,antisemitisme,0.98,,715,1,,2026-08-22T17:05:22
rxa_0993,mistral,mistral-large-latest,antisémitisme,stereotype,transfert_racisme_antisemitisme,antisemitisme,0.95,,696,1,,2026-08-22T17:05:27
rxa_0651,mistral,mistral-large-latest,xénophobie,dog_whistle,transfert_racisme_xenophobie,xenophobie,0.9,,775,5,,2026-08-22T17:06:10
rxa_0580,mistral,mistral-large-latest,xénophobie,haine_implicite,transfert_racisme_xenophobie,xenophobie,0.9,,667,1,,2026-08-22T17:06:15
rxa_0146,mistral,mistral-large-latest,racisme,stereotype,tri_manuel,racisme,0.9,,564,1,,2026-08-22T17:06:20
rxa_1107,mistral,mistral-large-latest,antisémitisme,haine_explicite,transfert_racisme_antisemitisme,antisemitisme,0.99,,619,1,,2026-08-22T17:06:26
rxa_1084,mistral,mistral-large-latest,antisémitisme,haine_explicite,transfert_racisme_antisemitisme,antisemitisme,0.95,,804,5,,2026-08-22T17:07:09
rxa_0365,mistral,mistral-large-latest,racisme,haine_explicite,tri_manuel,racisme,0.98,,1058,1,,2026-08-22T17:07:15
rxa_0647,mistral,mistral-large-latest,xénophobie,dog_whistle,transfert_racisme_xenophobie,xenophobie,0.95,,1388,1,,2026-08-22T17:07:20
rxa_0378,mistral,mistral-large-latest,antisémitisme,haine_explicite,tri_manuel,antisemitisme,0.98,,892,1,,2026-08-22T17:07:26
rxa_0636,mistral,mistral-large-latest,xénophobie,dog_whistle,transfert_racisme_xenophobie,xenophobie,0.9,,1099,5,,2026-08-22T17:08:10
rxa_0742,mistral,mistral-large-latest,xénophobie,haine_implicite,generation_originale,xenophobie,0.8,,746,1,,2026-08-22T17:08:15
rxa_1271,mistral,mistral-large-latest,antisémitisme,sarcasme,generation_originale,antisemitisme,0.7,,585,1,,2026-08-22T17:08:20
rxa_0581,mistral,mistral-large-latest,xénophobie,haine_implicite,transfert_racisme_xenophobie,xenophobie,0.95,,615,1,,2026-08-22T17:08:25
rxa_1467,mistral,mistral-large-latest,racisme,dog_whistle,generation_complement,xenophobie,0.85,,726,5,,2026-08-22T17:09:09
rxa_0501,mistral,mistral-large-latest,racisme,stereotype,generation_originale,xenophobie,0.9,,585,1,,2026-08-22T17:09:14
rxa_0048,mistral,mistral-large-latest,racisme,stereotype,tri_manuel,xenophobie,0.9,,928,1,,2026-08-22T17:09:19
rxa_1185,mistral,mistral-large-latest,antisémitisme,haine_explicite,generation_originale,antisemitisme,0.98,,628,1,,2026-08-22T17:09:24
rxa_0537,mistral,mistral-large-latest,xénophobie,haine_explicite,transfert_racisme_xenophobie,xenophobie,0.9,,670,5,,2026-08-22T17:10:07
rxa_1435,mistral,mistral-large-latest,racisme,haine_implicite,generation_complement,xenophobie,0.9,,640,1,,2026-08-22T17:10:12
rxa_1482,mistral,mistral-large-latest,xénophobie,haine_explicite,generation_complement,xenophobie,0.95,,852,1,,2026-08-22T17:10:18
rxa_0643,mistral,mistral-large-latest,xénophobie,dog_whistle,transfert_racisme_xenophobie,xenophobie,0.95,,707,1,,2026-08-22T17:10:23
rxa_1050,mistral,mistral-large-latest,antisémitisme,stereotype,transfert_racisme_antisemitisme,antisemitisme,0.95,,4775,5,,2026-08-22T17:11:10
rxa_0923,mistral,mistral-large-latest,xénophobie,sarcasme,hardcase,racisme,0.9,,806,1,,2026-08-22T17:11:15
rxa_0612,mistral,mistral-large-latest,xénophobie,exclusion,transfert_racisme_xenophobie,racisme,0.95,,1902,1,,2026-08-22T17:11:21
rxa_1165,mistral,mistral-large-latest,antisémitisme,haine_explicite,generation_originale,antisemitisme,0.98,,579,1,,2026-08-22T17:11:26
rxa_0283,mistral,mistral-large-latest,xénophobie,exclusion,tri_manuel,xenophobie,0.95,,702,5,,2026-08-22T17:12:10
rxa_0761,mistral,mistral-large-latest,xénophobie,stereotype,generation_originale,xenophobie,0.85,,698,1,,2026-08-22T17:12:16
rxa_0171,mistral,mistral-large-latest,racisme,haine_explicite,tri_manuel,racisme,0.98,,2133,1,,2026-08-22T17:12:22
rxa_1179,mistral,mistral-large-latest,antisémitisme,haine_explicite,generation_originale,antisemitisme,0.98,,593,1,,2026-08-22T17:12:27
rxa_0602,mistral,mistral-large-latest,xénophobie,exclusion,transfert_racisme_xenophobie,xenophobie,0.95,,623,5,,2026-08-22T17:13:10
rxa_0214,mistral,mistral-large-latest,antisémitisme,haine_explicite,tri_manuel,antisemitisme,0.98,,714,1,,2026-08-22T17:13:15
rxa_0354,mistral,mistral-large-latest,racisme,haine_explicite,tri_manuel,racisme,0.95,,509,1,,2026-08-22T17:13:20
rxa_0060,mistral,mistral-large-latest,racisme,stereotype,tri_manuel,xenophobie,0.9,,864,1,,2026-08-22T17:13:25
rxa_1368,mistral,mistral-large-latest,antisémitisme,stereotype,hardcase,racisme,0.9,,6304,5,,2026-08-22T17:14:16
rxa_0744,mistral,mistral-large-latest,xénophobie,haine_implicite,generation_originale,xenophobie,0.7,,599,1,,2026-08-22T17:14:21
rxa_0343,mistral,mistral-large-latest,racisme,haine_explicite,tri_manuel,racisme,0.95,,601,1,,2026-08-22T17:14:26
rxa_0230,mistral,mistral-large-latest,xénophobie,dog_whistle,tri_manuel,xenophobie,0.95,,572,1,,2026-08-22T17:14:31
rxa_0083,mistral,mistral-large-latest,racisme,exclusion,tri_manuel,xenophobie,0.85,,828,5,,2026-08-22T17:15:15
rxa_0150,mistral,mistral-large-latest,racisme,hostilite_religieuse,tri_manuel,xenophobie,0.7,,598,1,,2026-08-22T17:15:20
rxa_0717,mistral,mistral-large-latest,xénophobie,haine_implicite,generation_originale,xenophobie,0.7,,791,1,,2026-08-22T17:15:25
rxa_0671,mistral,mistral-large-latest,xénophobie,haine_explicite,generation_originale,xenophobie,0.95,,637,1,,2026-08-22T17:15:30
rxa_0884,mistral,mistral-large-latest,xénophobie,ambigu,hardcase,xenophobie,0.85,,989,5,,2026-08-22T17:16:15
rxa_1425,mistral,mistral-large-latest,racisme,haine_explicite,generation_complement,racisme,0.95,,593,1,,2026-08-22T17:16:20
rxa_0304,mistral,mistral-large-latest,racisme,haine_explicite,tri_manuel,racisme,0.95,,670,1,,2026-08-22T17:16:25
rxa_1273,mistral,mistral-large-latest,antisémitisme,dog_whistle,generation_originale,antisemitisme,0.95,,558,1,,2026-08-22T17:16:30
rxa_0719,mistral,mistral-large-latest,xénophobie,haine_implicite,generation_originale,xenophobie,0.95,,686,5,,2026-08-22T17:17:14
rxa_0282,mistral,mistral-large-latest,racisme,haine_explicite,tri_manuel,racisme,0.95,,551,1,,2026-08-22T17:17:18
rxa_1153,mistral,mistral-large-latest,antisémitisme,haine_explicite,generation_originale,antisemitisme,0.98,,1043,1,,2026-08-22T17:17:24
rxa_1398,mistral,mistral-large-latest,antisémitisme,haine_implicite,hardcase,antisemitisme,0.9,,687,1,,2026-08-22T17:17:29
rxa_1175,mistral,mistral-large-latest,antisémitisme,haine_explicite,generation_originale,antisemitisme,0.98,,4013,5,,2026-08-22T17:18:16
rxa_1354,mistral,mistral-large-latest,antisémitisme,haine_implicite,hardcase,antisemitisme,0.8,,608,1,,2026-08-22T17:18:21
rxa_1126,mistral,mistral-large-latest,antisémitisme,complotisme,transfert_racisme_antisemitisme,antisemitisme,0.98,,590,1,,2026-08-22T17:18:26
rxa_1119,mistral,mistral-large-latest,antisémitisme,haine_implicite,transfert_racisme_antisemitisme,antisemitisme,0.95,,10508,1,,2026-08-22T17:18:41
rxa_1307,mistral,mistral-large-latest,antisémitisme,stereotype,hardcase,antisemitisme,0.85,,604,4,,2026-08-22T17:19:06
rxa_1224,mistral,mistral-large-latest,antisémitisme,haine_implicite,generation_originale,antisemitisme,0.85,,646,1,,2026-08-22T17:19:11
rxa_1304,mistral,mistral-large-latest,antisémitisme,haine_implicite,hardcase,antisemitisme,0.85,,690,1,,2026-08-22T17:19:16
rxa_0152,mistral,mistral-large-latest,xénophobie,exclusion,tri_manuel,xenophobie,0.6,,562,1,,2026-08-22T17:19:21
rxa_0678,mistral,mistral-large-latest,xénophobie,haine_explicite,generation_originale,xenophobie,0.95,,1035,5,,2026-08-22T17:20:06
rxa_0030,mistral,mistral-large-latest,racisme,stereotype,tri_manuel,racisme,0.8,,555,1,,2026-08-22T17:20:11
rxa_1063,mistral,mistral-large-latest,antisémitisme,complotisme,transfert_racisme_antisemitisme,antisemitisme,0.98,,618,1,,2026-08-22T17:20:16
rxa_1174,mistral,mistral-large-latest,antisémitisme,haine_explicite,generation_originale,antisemitisme,0.98,,994,1,,2026-08-22T17:20:22
rxa_0676,mistral,mistral-large-latest,xénophobie,haine_explicite,generation_originale,xenophobie,0.95,,777,5,,2026-08-22T17:21:05
rxa_0352,mistral,mistral-large-latest,racisme,haine_explicite,tri_manuel,racisme,0.95,,555,1,,2026-08-22T17:21:09
rxa_0557,mistral,mistral-large-latest,xénophobie,haine_explicite,transfert_racisme_xenophobie,xenophobie,0.95,,550,1,,2026-08-22T17:21:14
rxa_0127,mistral,mistral-large-latest,xénophobie,dog_whistle,tri_manuel,xenophobie,0.9,,612,1,,2026-08-22T17:21:19
rxa_0400,mistral,mistral-large-latest,racisme,haine_explicite,tri_manuel,racisme,0.95,,621,5,,2026-08-22T17:22:03
rxa_0021,mistral,mistral-large-latest,racisme,stereotype,tri_manuel,racisme,0.9,,687,1,,2026-08-22T17:22:08
rxa_0958,mistral,mistral-large-latest,antisémitisme,stereotype,transfert_racisme_antisemitisme,antisemitisme,0.95,,665,1,,2026-08-22T17:22:13
rxa_0436,mistral,mistral-large-latest,racisme,haine_explicite,generation_originale,racisme,0.95,,556,1,,2026-08-22T17:22:18
rxa_0657,mistral,mistral-large-latest,xénophobie,ambigu,transfert_racisme_xenophobie,xenophobie,0.9,,676,5,,2026-08-22T17:23:02
rxa_0972,mistral,mistral-large-latest,antisémitisme,stereotype,transfert_racisme_antisemitisme,antisemitisme,0.95,,597,1,,2026-08-22T17:23:07
rxa_0711,mistral,mistral-large-latest,xénophobie,haine_explicite,generation_originale,xenophobie,0.95,,704,1,,2026-08-22T17:23:12
rxa_0111,mistral,mistral-large-latest,racisme,stereotype,tri_manuel,xenophobie,0.9,,642,1,,2026-08-22T17:23:17
rxa_0471,mistral,mistral-large-latest,racisme,haine_implicite,generation_originale,xenophobie,0.85,,928,5,,2026-08-22T17:24:01
rxa_0552,mistral,mistral-large-latest,xénophobie,haine_explicite,transfert_racisme_xenophobie,xenophobie,0.95,,672,1,,2026-08-22T17:24:06
rxa_0036,mistral,mistral-large-latest,racisme,stereotype,tri_manuel,xenophobie,0.95,,781,1,,2026-08-22T17:24:11
rxa_0012,mistral,mistral-large-latest,racisme,hostilite_religieuse,tri_manuel,xenophobie,0.8,,708,1,,2026-08-22T17:24:16
rxa_0803,mistral,mistral-large-latest,xénophobie,dog_whistle,generation_originale,xenophobie,0.7,,904,5,,2026-08-22T17:25:00
rxa_1433,mistral,mistral-large-latest,racisme,haine_implicite,generation_complement,xenophobie,0.85,,778,1,,2026-08-22T17:25:06
rxa_1249,mistral,mistral-large-latest,antisémitisme,stereotype,generation_originale,antisemitisme,0.8,,602,1,,2026-08-22T17:25:11
rxa_1487,mistral,mistral-large-latest,xénophobie,haine_implicite,generation_complement,xenophobie,0.95,,699,1,,2026-08-22T17:25:16
rxa_0835,mistral,mistral-large-latest,xénophobie,haine_implicite,hardcase,xenophobie,0.8,,683,5,,2026-08-22T17:25:59
rxa_0626,mistral,mistral-large-latest,xénophobie,sarcasme,transfert_racisme_xenophobie,xenophobie,0.85,,750,1,,2026-08-22T17:26:04
rxa_0338,mistral,mistral-large-latest,xénophobie,exclusion,tri_manuel,xenophobie,0.95,,629,1,,2026-08-22T17:26:09
rxa_0381,mistral,mistral-large-latest,racisme,haine_explicite,tri_manuel,racisme,0.95,,826,1,,2026-08-22T17:26:15
rxa_1355,mistral,mistral-large-latest,antisémitisme,sarcasme,hardcase,antisemitisme,0.7,,1104,5,,2026-08-22T17:26:59
rxa_0879,mistral,mistral-large-latest,xénophobie,haine_implicite,hardcase,xenophobie,0.7,,1202,1,,2026-08-22T17:27:05
rxa_1303,mistral,mistral-large-latest,antisémitisme,stereotype,hardcase,antisemitisme,0.95,,907,1,,2026-08-22T17:27:10
rxa_0874,mistral,mistral-large-latest,xénophobie,haine_implicite,hardcase,xenophobie,0.7,,1345,1,,2026-08-22T17:27:16
rxa_0956,mistral,mistral-large-latest,antisémitisme,stereotype,transfert_racisme_antisemitisme,antisemitisme,0.98,,661,5,,2026-08-22T17:28:00
rxa_0697,mistral,mistral-large-latest,xénophobie,haine_explicite,generation_originale,xenophobie,0.95,,585,1,,2026-08-22T17:28:05
rxa_1446,mistral,mistral-large-latest,racisme,stereotype,generation_complement,racisme,0.95,,652,1,,2026-08-22T17:28:10
rxa_0023,mistral,mistral-large-latest,racisme,stereotype,tri_manuel,racisme,0.85,,1042,1,,2026-08-22T17:28:15
rxa_0640,mistral,mistral-large-latest,xénophobie,dog_whistle,transfert_racisme_xenophobie,xenophobie,0.95,,2158,5,,2026-08-22T17:29:00
rxa_0069,mistral,mistral-large-latest,racisme,haine_explicite,tri_manuel,racisme,0.95,,587,1,,2026-08-22T17:29:05
rxa_0997,mistral,mistral-large-latest,antisémitisme,complotisme,transfert_racisme_antisemitisme,antisemitisme,0.98,,635,1,,2026-08-22T17:29:10
rxa_1189,mistral,mistral-large-latest,antisémitisme,haine_explicite,generation_originale,antisemitisme,0.98,,5484,1,,2026-08-22T17:29:20
rxa_1177,mistral,mistral-large-latest,antisémitisme,haine_explicite,generation_originale,antisemitisme,0.95,,716,5,,2026-08-22T17:30:04
rxa_0804,mistral,mistral-large-latest,xénophobie,dog_whistle,generation_originale,xenophobie,0.95,,652,1,,2026-08-22T17:30:09
rxa_1139,mistral,mistral-large-latest,antisémitisme,haine_explicite,transfert_racisme_antisemitisme,antisemitisme,0.98,,889,1,,2026-08-22T17:30:14
rxa_1265,mistral,mistral-large-latest,antisémitisme,sarcasme,generation_originale,antisemitisme,0.8,,835,1,,2026-08-22T17:30:20
rxa_0701,mistral,mistral-large-latest,xénophobie,haine_explicite,generation_originale,xenophobie,0.95,,1004,5,,2026-08-22T17:31:06
rxa_0516,mistral,mistral-large-latest,racisme,dog_whistle,generation_originale,xenophobie,0.95,,616,1,,2026-08-22T17:31:11
rxa_0367,mistral,mistral-large-latest,racisme,haine_explicite,tri_manuel,racisme,0.95,,566,1,,2026-08-22T17:31:16
rxa_1454,mistral,mistral-large-latest,racisme,stereotype,generation_complement,racisme,0.95,,1365,1,,2026-08-22T17:34:30
rxa_1319,mistral,mistral-large-latest,antisémitisme,stereotype,hardcase,antisemitisme,0.9,,709,1,,2026-08-22T17:34:35
rxa_0235,mistral,mistral-large-latest,antisémitisme,haine_explicite,tri_manuel,antisemitisme,0.95,,566,1,,2026-08-22T17:34:40
rxa_0514,mistral,mistral-large-latest,racisme,dog_whistle,generation_originale,xenophobie,0.95,,550,1,,2026-08-22T17:34:45
rxa_0933,mistral,mistral-large-latest,xénophobie,haine_implicite,hardcase,xenophobie,0.7,,788,3,,2026-08-22T17:35:00
rxa_0505,mistral,mistral-large-latest,racisme,sarcasme,generation_originale,xenophobie,0.9,,724,1,,2026-08-22T17:35:05
rxa_1021,mistral,mistral-large-latest,antisémitisme,haine_implicite,transfert_racisme_antisemitisme,antisemitisme,0.95,,833,1,,2026-08-22T17:35:11
rxa_1144,mistral,mistral-large-latest,antisémitisme,haine_implicite,transfert_racisme_antisemitisme,antisemitisme,0.98,,618,1,,2026-08-22T17:35:16
rxa_0185,mistral,mistral-large-latest,racisme,haine_explicite,tri_manuel,racisme,0.95,,630,5,,2026-08-22T17:36:00
rxa_1030,mistral,mistral-large-latest,antisémitisme,exclusion,transfert_racisme_antisemitisme,antisemitisme,0.95,,579,1,,2026-08-22T17:36:05
rxa_0573,mistral,mistral-large-latest,xénophobie,haine_implicite,transfert_racisme_xenophobie,xenophobie,0.9,,630,1,,2026-08-22T17:36:10
rxa_0473,mistral,mistral-large-latest,racisme,haine_implicite,generation_originale,racisme,0.6,,1237,1,,2026-08-22T17:36:15
rxa_0845,mistral,mistral-large-latest,xénophobie,sarcasme,hardcase,xenophobie,0.85,,943,5,,2026-08-22T17:37:00
rxa_0827,mistral,mistral-large-latest,xénophobie,exclusion,hardcase,xenophobie,0.85,,529,1,,2026-08-22T17:37:05
rxa_0968,mistral,mistral-large-latest,antisémitisme,hostilite_religieuse,transfert_racisme_antisemitisme,antisemitisme,0.95,,573,1,,2026-08-22T17:37:10
rxa_1200,mistral,mistral-large-latest,antisémitisme,haine_implicite,generation_originale,antisemitisme,0.85,,576,1,,2026-08-22T17:37:15
rxa_1121,mistral,mistral-large-latest,antisémitisme,haine_explicite,transfert_racisme_antisemitisme,antisemitisme,0.98,,2161,5,,2026-08-22T17:37:59
rxa_0492,mistral,mistral-large-latest,racisme,stereotype,generation_originale,racisme,0.95,,605,1,,2026-08-22T17:38:04
rxa_0822,mistral,mistral-large-latest,xénophobie,exclusion,hardcase,racisme,0.85,,582,1,,2026-08-22T17:38:09
rxa_0954,mistral,mistral-large-latest,xénophobie,haine_implicite,hardcase,racisme,0.7,,591,1,,2026-08-22T17:38:14
rxa_0415,mistral,mistral-large-latest,racisme,haine_explicite,generation_originale,xenophobie,0.9,,1568,1,,2026-08-22T17:39:01
rxa_0043,mistral,mistral-large-latest,racisme,haine_implicite,tri_manuel,xenophobie,0.9,,1942,1,,2026-08-22T17:39:07
rxa_0131,mistral,mistral-large-latest,racisme,stereotype,tri_manuel,xenophobie,0.95,,865,1,,2026-08-22T17:39:13
rxa_1159,mistral,mistral-large-latest,antisémitisme,haine_explicite,generation_originale,antisemitisme,1.0,,640,1,,2026-08-22T17:39:18
rxa_1348,mistral,mistral-large-latest,antisémitisme,haine_implicite,hardcase,racisme,0.8,,634,5,,2026-08-22T17:40:01
rxa_1408,mistral,mistral-large-latest,antisémitisme,sarcasme,hardcase,antisemitisme,0.85,,588,1,,2026-08-22T17:40:06
rxa_0715,mistral,mistral-large-latest,xénophobie,haine_explicite,generation_originale,xenophobie,0.95,,631,1,,2026-08-22T17:40:11
rxa_0394,mistral,mistral-large-latest,antisémitisme,haine_explicite,tri_manuel,antisemitisme,0.98,,666,1,,2026-08-22T17:40:16
rxa_1387,mistral,mistral-large-latest,antisémitisme,ambigu,hardcase,antisemitisme,0.7,,973,5,,2026-08-22T17:41:00
rxa_0014,mistral,mistral-large-latest,racisme,hostilite_religieuse,tri_manuel,xenophobie,0.8,,887,1,,2026-08-22T17:41:05
rxa_1337,mistral,mistral-large-latest,antisémitisme,haine_implicite,hardcase,antisemitisme,0.9,,547,1,,2026-08-22T17:41:10
rxa_1261,mistral,mistral-large-latest,antisémitisme,sarcasme,generation_originale,racisme,0.8,,578,1,,2026-08-22T17:41:15
rxa_1218,mistral,mistral-large-latest,antisémitisme,haine_implicite,generation_originale,antisemitisme,0.7,,5528,5,,2026-08-22T17:42:03
rxa_0098,mistral,mistral-large-latest,racisme,stereotype,tri_manuel,racisme,0.95,,582,1,,2026-08-22T17:42:08
rxa_1338,mistral,mistral-large-latest,antisémitisme,ambigu,hardcase,antisemitisme,0.85,,673,1,,2026-08-22T17:42:14
rxa_1193,mistral,mistral-large-latest,antisémitisme,haine_implicite,generation_originale,antisemitisme,0.9,,604,1,,2026-08-22T17:42:19
rxa_0429,mistral,mistral-large-latest,racisme,haine_explicite,generation_originale,xenophobie,0.95,,639,5,,2026-08-22T17:43:02
rxa_1297,mistral,mistral-large-latest,antisémitisme,stereotype,hardcase,antisemitisme,0.95,,729,1,,2026-08-22T17:43:07
rxa_1347,mistral,mistral-large-latest,antisémitisme,ambigu,hardcase,antisemitisme,0.8,,543,1,,2026-08-22T17:43:12
rxa_0231,mistral,mistral-large-latest,racisme,haine_explicite,tri_manuel,racisme,0.95,,534,1,,2026-08-22T17:43:17
rxa_0814,mistral,mistral-large-latest,xénophobie,ambigu,generation_originale,xenophobie,0.7,,661,5,,2026-08-22T17:44:00
rxa_0585,mistral,mistral-large-latest,xénophobie,haine_implicite,transfert_racisme_xenophobie,xenophobie,0.95,,706,1,,2026-08-22T17:44:05
rxa_0917,mistral,mistral-large-latest,xénophobie,sarcasme,hardcase,xenophobie,0.9,,550,1,,2026-08-22T17:44:10
rxa_0047,mistral,mistral-large-latest,racisme,exclusion,tri_manuel,xenophobie,0.95,,867,1,,2026-08-22T17:44:16
rxa_0142,mistral,mistral-large-latest,racisme,haine_explicite,tri_manuel,racisme,0.7,,1037,5,,2026-08-22T17:45:00
rxa_0174,mistral,mistral-large-latest,racisme,haine_explicite,tri_manuel,racisme,0.98,,584,1,,2026-08-22T17:45:05
rxa_0278,mistral,mistral-large-latest,racisme,haine_implicite,tri_manuel,xenophobie,0.9,,680,1,,2026-08-22T17:45:10
rxa_0563,mistral,mistral-large-latest,xénophobie,haine_explicite,transfert_racisme_xenophobie,xenophobie,0.95,,679,1,,2026-08-22T17:45:15
rxa_1072,mistral,mistral-large-latest,antisémitisme,stereotype,transfert_racisme_antisemitisme,antisemitisme,0.98,,765,5,,2026-08-22T17:45:59
rxa_1426,mistral,mistral-large-latest,racisme,haine_explicite,generation_complement,xenophobie,0.95,,659,1,,2026-08-22T17:46:04
rxa_1164,mistral,mistral-large-latest,antisémitisme,haine_explicite,generation_originale,antisemitisme,0.98,,609,1,,2026-08-22T17:46:09
rxa_0797,mistral,mistral-large-latest,xénophobie,dog_whistle,generation_originale,xenophobie,0.85,,687,1,,2026-08-22T17:46:14
rxa_1284,mistral,mistral-large-latest,antisémitisme,dog_whistle,generation_originale,xenophobie,0.8,,14757,5,,2026-08-22T17:47:12
rxa_0091,mistral,mistral-large-latest,xénophobie,haine_implicite,tri_manuel,xenophobie,0.95,,11332,1,,2026-08-22T17:47:27
rxa_0549,mistral,mistral-large-latest,xénophobie,haine_explicite,transfert_racisme_xenophobie,xenophobie,0.95,,663,1,,2026-08-22T17:47:32
rxa_0186,mistral,mistral-large-latest,racisme,stereotype,tri_manuel,racisme,0.95,,1211,1,,2026-08-22T17:47:38
rxa_0808,mistral,mistral-large-latest,xénophobie,dog_whistle,generation_originale,xenophobie,0.7,,746,4,,2026-08-22T17:48:04
rxa_1052,mistral,mistral-large-latest,antisémitisme,stereotype,transfert_racisme_antisemitisme,antisemitisme,0.95,,14009,1,,2026-08-22T17:48:22
rxa_0361,mistral,mistral-large-latest,racisme,haine_explicite,tri_manuel,racisme,0.95,,617,1,,2026-08-22T17:48:27
rxa_1255,mistral,mistral-large-latest,antisémitisme,stereotype,generation_originale,antisemitisme,0.85,,831,1,,2026-08-22T17:48:32
rxa_1272,mistral,mistral-large-latest,antisémitisme,dog_whistle,generation_originale,antisemitisme,0.95,,1357,1,,2026-08-22T17:49:43
rxa_0656,mistral,mistral-large-latest,xénophobie,ambigu,transfert_racisme_xenophobie,xenophobie,0.85,,899,1,,2026-08-22T17:49:48
rxa_1320,mistral,mistral-large-latest,antisémitisme,haine_implicite,hardcase,antisemitisme,0.85,,829,1,,2026-08-22T17:49:53
rxa_0053,mistral,mistral-large-latest,racisme,stereotype,tri_manuel,xenophobie,0.85,,1062,1,,2026-08-22T17:49:59
rxa_0340,mistral,mistral-large-latest,racisme,sarcasme,tri_manuel,racisme,0.95,,551,1,,2026-08-22T17:50:04
rxa_0716,mistral,mistral-large-latest,xénophobie,haine_implicite,generation_originale,xenophobie,0.9,,568,1,,2026-08-22T17:50:09
rxa_0696,mistral,mistral-large-latest,xénophobie,haine_explicite,generation_originale,xenophobie,0.95,,1764,1,,2026-08-22T17:50:15
rxa_1378,mistral,mistral-large-latest,antisémitisme,ambigu,hardcase,antisemitisme,0.7,,1545,5,,2026-08-22T17:51:00
rxa_1485,mistral,mistral-large-latest,xénophobie,haine_explicite,generation_complement,xenophobie,0.95,,678,1,,2026-08-22T17:51:05
rxa_0293,mistral,mistral-large-latest,racisme,haine_implicite,tri_manuel,racisme,0.95,,859,1,,2026-08-22T17:51:10
rxa_0713,mistral,mistral-large-latest,xénophobie,haine_explicite,generation_originale,xenophobie,0.95,,677,1,,2026-08-22T17:51:15
rxa_0694,mistral,mistral-large-latest,xénophobie,haine_explicite,generation_originale,xenophobie,0.95,,834,5,,2026-08-22T17:51:59
rxa_0306,mistral,mistral-large-latest,racisme,haine_explicite,tri_manuel,racisme,0.95,,584,1,,2026-08-22T17:52:04
rxa_0578,mistral,mistral-large-latest,xénophobie,haine_implicite,transfert_racisme_xenophobie,xenophobie,0.8,,617,1,,2026-08-22T17:52:09
rxa_1472,mistral,mistral-large-latest,racisme,dog_whistle,generation_complement,xenophobie,0.8,,689,1,,2026-08-22T17:52:14
rxa_0970,mistral,mistral-large-latest,antisémitisme,exclusion,transfert_racisme_antisemitisme,antisemitisme,0.95,,2215,5,,2026-08-22T17:52:59
rxa_0947,mistral,mistral-large-latest,xénophobie,ambigu,hardcase,xenophobie,0.85,,1183,1,,2026-08-22T17:53:04
rxa_0648,mistral,mistral-large-latest,xénophobie,dog_whistle,transfert_racisme_xenophobie,xenophobie,0.95,,576,1,,2026-08-22T17:53:09
rxa_1318,mistral,mistral-large-latest,antisémitisme,haine_implicite,hardcase,antisemitisme,0.85,,569,1,,2026-08-22T17:53:14
rxa_1416,mistral,mistral-large-latest,antisémitisme,ambigu,hardcase,antisemitisme,0.7,,3442,6,,2026-08-22T17:54:34
rxa_1187,mistral,mistral-large-latest,antisémitisme,haine_explicite,generation_originale,antisemitisme,0.98,,630,1,,2026-08-22T17:54:39
rxa_0699,mistral,mistral-large-latest,xénophobie,haine_explicite,generation_originale,xenophobie,0.95,,915,1,,2026-08-22T17:54:45
rxa_0284,mistral,mistral-large-latest,racisme,haine_implicite,tri_manuel,racisme,0.95,,669,1,,2026-08-22T17:54:50
rxa_1075,mistral,mistral-large-latest,antisémitisme,exclusion,transfert_racisme_antisemitisme,antisemitisme,0.95,,629,2,,2026-08-22T17:54:59
rxa_0100,mistral,mistral-large-latest,racisme,haine_explicite,tri_manuel,xenophobie,0.9,,662,1,,2026-08-22T17:55:04
rxa_1044,mistral,mistral-large-latest,antisémitisme,stereotype,transfert_racisme_antisemitisme,antisemitisme,0.98,,599,1,,2026-08-22T17:55:09
rxa_0882,mistral,mistral-large-latest,xénophobie,haine_implicite,hardcase,racisme,0.7,,562,1,,2026-08-22T17:55:14
rxa_0148,mistral,mistral-large-latest,racisme,hostilite_religieuse,tri_manuel,xenophobie,0.85,,2264,5,,2026-08-22T17:55:59
rxa_0057,mistral,mistral-large-latest,racisme,stereotype,tri_manuel,racisme,0.95,,611,1,,2026-08-22T17:56:04
rxa_1389,mistral,mistral-large-latest,antisémitisme,stereotype,hardcase,antisemitisme,0.9,,660,1,,2026-08-22T17:56:09
rxa_1142,mistral,mistral-large-latest,antisémitisme,haine_explicite,transfert_racisme_antisemitisme,antisemitisme,0.98,,633,1,,2026-08-22T17:56:14
rxa_0066,mistral,mistral-large-latest,racisme,stereotype,tri_manuel,racisme,0.9,,2003,5,,2026-08-22T17:56:59
rxa_0220,mistral,mistral-large-latest,racisme,haine_explicite,tri_manuel,racisme,0.98,,10620,1,,2026-08-22T17:57:14
rxa_1315,mistral,mistral-large-latest,antisémitisme,haine_implicite,hardcase,antisemitisme,0.8,,607,1,,2026-08-22T17:57:19
rxa_0168,mistral,mistral-large-latest,racisme,haine_explicite,tri_manuel,racisme,0.95,,644,1,,2026-08-22T17:57:25
rxa_1031,mistral,mistral-large-latest,antisémitisme,exclusion,transfert_racisme_antisemitisme,antisemitisme,0.95,,636,5,,2026-08-22T17:58:08
rxa_1096,mistral,mistral-large-latest,antisémitisme,haine_explicite,transfert_racisme_antisemitisme,antisemitisme,1.0,,592,1,,2026-08-22T17:58:13
rxa_1386,mistral,mistral-large-latest,antisémitisme,haine_implicite,hardcase,antisemitisme,0.85,,1126,1,,2026-08-22T17:58:19
rxa_0135,mistral,mistral-large-latest,racisme,stereotype,tri_manuel,racisme,0.95,,816,1,,2026-08-22T17:58:24
rxa_1409,mistral,mistral-large-latest,antisémitisme,stereotype,hardcase,antisemitisme,0.8,,2409,1,,2026-08-23T13:24:08
rxa_1431,mistral,mistral-large-latest,racisme,haine_implicite,generation_complement,racisme,0.95,,585,1,,2026-08-23T13:24:13
rxa_0785,mistral,mistral-large-latest,xénophobie,sarcasme,generation_originale,xenophobie,0.95,,632,1,,2026-08-23T13:24:18
rxa_0077,mistral,mistral-large-latest,racisme,haine_implicite,tri_manuel,xenophobie,0.9,,2006,1,,2026-08-23T13:24:25
rxa_0757,mistral,mistral-large-latest,xénophobie,stereotype,generation_originale,xenophobie,0.95,,13848,5,,2026-08-23T13:25:21
rxa_1464,mistral,mistral-large-latest,racisme,sarcasme,generation_complement,xenophobie,0.85,,616,1,,2026-08-23T13:25:26
rxa_1043,mistral,mistral-large-latest,antisémitisme,stereotype,transfert_racisme_antisemitisme,antisemitisme,0.98,,641,1,,2026-08-23T13:25:31
rxa_0674,mistral,mistral-large-latest,xénophobie,haine_explicite,generation_originale,xenophobie,0.98,,634,1,,2026-08-23T13:25:36
rxa_0395,mistral,mistral-large-latest,racisme,haine_explicite,tri_manuel,racisme,0.95,,616,4,,2026-08-23T13:26:02
rxa_0223,mistral,mistral-large-latest,antisémitisme,haine_explicite,tri_manuel,antisemitisme,0.98,,791,1,,2026-08-23T13:26:08
rxa_0936,mistral,mistral-large-latest,xénophobie,haine_implicite,hardcase,xenophobie,0.3,,620,1,,2026-08-23T13:26:13
rxa_1477,mistral,mistral-large-latest,racisme,ambigu,generation_complement,xenophobie,0.9,,677,1,,2026-08-23T13:26:18
rxa_0219,mistral,mistral-large-latest,racisme,haine_explicite,tri_manuel,racisme,0.95,,1027,5,,2026-08-23T13:27:02
rxa_0197,mistral,mistral-large-latest,racisme,haine_explicite,tri_manuel,racisme,0.98,,848,1,,2026-08-23T13:27:08
rxa_1342,mistral,mistral-large-latest,antisémitisme,dog_whistle,hardcase,antisemitisme,0.85,,701,1,,2026-08-23T13:27:13
rxa_1086,mistral,mistral-large-latest,antisémitisme,haine_explicite,transfert_racisme_antisemitisme,antisemitisme,0.95,,634,1,,2026-08-23T13:27:18
rxa_0595,mistral,mistral-large-latest,xénophobie,haine_implicite,transfert_racisme_xenophobie,xenophobie,0.95,,698,5,,2026-08-23T13:28:01
rxa_1421,mistral,mistral-large-latest,racisme,haine_explicite,generation_complement,xenophobie,0.95,,1199,1,,2026-08-23T13:28:06
rxa_1070,mistral,mistral-large-latest,antisémitisme,complotisme,transfert_racisme_antisemitisme,antisemitisme,0.85,,11267,1,,2026-08-23T13:28:22
rxa_0213,mistral,mistral-large-latest,xénophobie,dog_whistle,tri_manuel,xenophobie,0.95,,7065,1,,2026-08-23T13:28:33
rxa_0905,mistral,mistral-large-latest,xénophobie,dog_whistle,hardcase,xenophobie,0.8,,676,4,,2026-08-23T13:28:59
rxa_1104,mistral,mistral-large-latest,antisémitisme,haine_explicite,transfert_racisme_antisemitisme,antisemitisme,0.98,,713,1,,2026-08-23T13:29:04
rxa_0593,mistral,mistral-large-latest,xénophobie,haine_implicite,transfert_racisme_xenophobie,xenophobie,0.95,,11421,1,,2026-08-23T13:29:19
rxa_0762,mistral,mistral-large-latest,xénophobie,stereotype,generation_originale,xenophobie,0.95,,563,1,,2026-08-23T13:29:24
rxa_0406,mistral,mistral-large-latest,antisémitisme,haine_explicite,tri_manuel,antisemitisme,1.0,,721,5,,2026-08-23T13:30:09
rxa_1393,mistral,mistral-large-latest,antisémitisme,haine_implicite,hardcase,antisemitisme,0.7,,13558,1,,2026-08-23T13:30:27
rxa_0666,mistral,mistral-large-latest,xénophobie,ambigu,transfert_racisme_xenophobie,xenophobie,0.95,,701,1,,2026-08-23T13:30:32
rxa_1060,mistral,mistral-large-latest,antisémitisme,complotisme,transfert_racisme_antisemitisme,antisemitisme,0.95,,648,1,,2026-08-23T13:30:37
rxa_0619,mistral,mistral-large-latest,xénophobie,sarcasme,transfert_racisme_xenophobie,xenophobie,0.95,,612,4,,2026-08-23T13:31:02
rxa_0123,mistral,mistral-large-latest,racisme,stereotype,tri_manuel,xenophobie,0.95,,569,1,,2026-08-23T13:31:07
rxa_0357,mistral,mistral-large-latest,racisme,haine_explicite,tri_manuel,racisme,0.95,,577,1,,2026-08-23T13:31:12
rxa_0110,mistral,mistral-large-latest,racisme,stereotype,tri_manuel,racisme,0.95,,536,1,,2026-08-23T13:31:17
rxa_0379,mistral,mistral-large-latest,racisme,haine_explicite,tri_manuel,racisme,0.95,,1478,1,,2026-08-23T13:32:16
rxa_0292,mistral,mistral-large-latest,racisme,haine_implicite,tri_manuel,racisme,0.9,,595,1,,2026-08-23T13:32:21
rxa_0842,mistral,mistral-large-latest,xénophobie,sarcasme,hardcase,xenophobie,0.95,,23077,1,,2026-08-23T13:32:48
rxa_0885,mistral,mistral-large-latest,xénophobie,haine_implicite,hardcase,xenophobie,0.95,,792,1,,2026-08-23T13:32:53
rxa_0510,mistral,mistral-large-latest,racisme,sarcasme,generation_originale,xenophobie,0.85,,620,1,,2026-08-23T13:32:58
rxa_0250,mistral,mistral-large-latest,racisme,haine_implicite,tri_manuel,xenophobie,0.95,,569,1,,2026-08-23T13:33:03
rxa_0484,mistral,mistral-large-latest,racisme,stereotype,generation_originale,racisme,0.95,,774,1,,2026-08-23T13:33:09
rxa_0935,mistral,mistral-large-latest,xénophobie,haine_implicite,hardcase,racisme,0.7,,593,1,,2026-08-23T13:33:14
rxa_0546,mistral,mistral-large-latest,xénophobie,haine_explicite,transfert_racisme_xenophobie,xenophobie,0.95,,1118,5,,2026-08-23T13:33:58
rxa_1215,mistral,mistral-large-latest,antisémitisme,haine_implicite,generation_originale,antisemitisme,0.8,,584,1,,2026-08-23T13:34:03
rxa_0625,mistral,mistral-large-latest,xénophobie,sarcasme,transfert_racisme_xenophobie,xenophobie,0.9,,641,1,,2026-08-23T13:34:08
rxa_0324,mistral,mistral-large-latest,xénophobie,dog_whistle,tri_manuel,xenophobie,0.9,,16305,1,,2026-08-23T13:34:28
rxa_1010,mistral,mistral-large-latest,antisémitisme,stereotype,transfert_racisme_antisemitisme,antisemitisme,0.98,,32426,5,,2026-08-23T13:35:43
rxa_1083,mistral,mistral-large-latest,antisémitisme,stereotype,transfert_racisme_antisemitisme,antisemitisme,0.8,,601,1,,2026-08-23T13:35:48
rxa_0233,mistral,mistral-large-latest,racisme,haine_explicite,tri_manuel,racisme,0.98,,607,1,,2026-08-23T13:35:53
rxa_0010,mistral,mistral-large-latest,racisme,stereotype,tri_manuel,racisme,0.9,,645,1,,2026-08-23T13:35:58
rxa_0238,mistral,mistral-large-latest,racisme,haine_explicite,tri_manuel,racisme,0.95,,559,1,,2026-08-23T13:36:03
rxa_0289,mistral,mistral-large-latest,xénophobie,haine_implicite,tri_manuel,xenophobie,0.95,,26921,1,,2026-08-23T13:36:34
rxa_1197,mistral,mistral-large-latest,antisémitisme,haine_implicite,generation_originale,antisemitisme,0.85,,668,1,,2026-08-23T13:36:39
rxa_0831,mistral,mistral-large-latest,xénophobie,haine_implicite,hardcase,xenophobie,0.9,,816,4,,2026-08-23T13:37:05
rxa_0444,mistral,mistral-large-latest,racisme,haine_explicite,generation_originale,racisme,0.95,,46975,1,,2026-08-23T13:37:56
rxa_0547,mistral,mistral-large-latest,xénophobie,haine_explicite,transfert_racisme_xenophobie,xenophobie,0.95,,533,1,,2026-08-23T13:38:01
rxa_0258,mistral,mistral-large-latest,racisme,haine_explicite,tri_manuel,racisme,0.95,,720,1,,2026-08-23T13:38:06
rxa_1365,mistral,mistral-large-latest,antisémitisme,dog_whistle,hardcase,antisemitisme,0.85,,885,1,,2026-08-23T13:38:12
rxa_1243,mistral,mistral-large-latest,antisémitisme,stereotype,generation_originale,antisemitisme,0.8,,972,1,,2026-08-23T13:38:17
rxa_0179,mistral,mistral-large-latest,xénophobie,dog_whistle,tri_manuel,racisme,0.95,,587,5,,2026-08-23T13:39:00
rxa_0195,mistral,mistral-large-latest,racisme,haine_explicite,tri_manuel,racisme,0.95,,13566,1,,2026-08-23T13:39:18
rxa_1040,mistral,mistral-large-latest,antisémitisme,haine_explicite,transfert_racisme_antisemitisme,antisemitisme,1.0,,606,1,,2026-08-23T13:39:23
rxa_0914,mistral,mistral-large-latest,xénophobie,sarcasme,hardcase,xenophobie,0.9,,886,1,,2026-08-23T13:39:28
rxa_0241,mistral,mistral-large-latest,racisme,haine_explicite,tri_manuel,racisme,0.95,,46116,5,,2026-08-23T13:40:57
rxa_1495,mistral,mistral-large-latest,xénophobie,dog_whistle,generation_complement,xenophobie,0.9,,626,1,,2026-08-23T13:41:02
rxa_0847,mistral,mistral-large-latest,xénophobie,dog_whistle,hardcase,xenophobie,0.95,,642,1,,2026-08-23T13:41:07
rxa_0810,mistral,mistral-large-latest,xénophobie,dog_whistle,generation_originale,xenophobie,0.95,,656,1,,2026-08-23T13:41:12
rxa_0302,mistral,mistral-large-latest,racisme,haine_explicite,tri_manuel,racisme,0.95,,675,1,,2026-08-23T13:41:17
rxa_1326,mistral,mistral-large-latest,antisémitisme,ambigu,hardcase,antisemitisme,0.85,,700,5,,2026-08-23T13:42:02
rxa_0430,mistral,mistral-large-latest,racisme,haine_explicite,generation_originale,racisme,0.95,,600,1,,2026-08-23T13:42:07
rxa_1097,mistral,mistral-large-latest,antisémitisme,haine_explicite,transfert_racisme_antisemitisme,antisemitisme,1.0,,23119,1,,2026-08-23T13:42:34
rxa_0408,mistral,mistral-large-latest,racisme,haine_explicite,tri_manuel,racisme,0.95,,508,1,,2026-08-23T13:42:39
rxa_1203,mistral,mistral-large-latest,antisémitisme,haine_implicite,generation_originale,antisemitisme,0.8,,34704,4,,2026-08-23T13:43:39
rxa_0172,mistral,mistral-large-latest,racisme,stereotype,tri_manuel,racisme,0.95,,588,1,,2026-08-23T13:43:44
rxa_0773,mistral,mistral-large-latest,xénophobie,stereotype,generation_originale,xenophobie,0.95,,580,1,,2026-08-23T13:43:49
rxa_0350,mistral,mistral-large-latest,antisémitisme,haine_explicite,tri_manuel,antisemitisme,0.95,,755,1,,2026-08-23T13:43:54
rxa_0860,mistral,mistral-large-latest,xénophobie,exclusion,hardcase,xenophobie,0.85,,647,1,,2026-08-23T13:43:59
rxa_0088,mistral,mistral-large-latest,racisme,haine_implicite,tri_manuel,racisme,0.95,,654,1,,2026-08-23T13:44:04
rxa_0431,mistral,mistral-large-latest,racisme,haine_explicite,generation_originale,racisme,0.98,,549,1,,2026-08-23T13:44:09
rxa_0509,mistral,mistral-large-latest,racisme,sarcasme,generation_originale,xenophobie,0.9,,1110,1,,2026-08-23T13:44:14
rxa_0133,mistral,mistral-large-latest,racisme,stereotype,tri_manuel,xenophobie,0.95,,1409,5,,2026-08-23T13:45:00
rxa_0553,mistral,mistral-large-latest,xénophobie,haine_explicite,transfert_racisme_xenophobie,xenophobie,0.98,,770,1,,2026-08-23T13:45:05
rxa_0841,mistral,mistral-large-latest,xénophobie,sarcasme,hardcase,xenophobie,0.85,,31823,1,,2026-08-23T13:45:41
rxa_0322,mistral,mistral-large-latest,antisémitisme,haine_explicite,tri_manuel,antisemitisme,0.98,,3875,1,,2026-08-23T13:45:50
rxa_0038,mistral,mistral-large-latest,racisme,haine_implicite,tri_manuel,xenophobie,0.95,,979,2,,2026-08-23T13:46:00
rxa_1024,mistral,mistral-large-latest,antisémitisme,complotisme,transfert_racisme_antisemitisme,antisemitisme,0.95,,638,1,,2026-08-23T13:46:05
rxa_1432,mistral,mistral-large-latest,racisme,haine_implicite,generation_complement,racisme,0.95,,584,1,,2026-08-23T13:46:10
rxa_0055,mistral,mistral-large-latest,racisme,exclusion,tri_manuel,xenophobie,0.95,,595,1,,2026-08-23T13:46:15
rxa_0875,mistral,mistral-large-latest,xénophobie,haine_implicite,hardcase,racisme,0.8,,603,5,,2026-08-23T13:46:59
rxa_1074,mistral,mistral-large-latest,antisémitisme,exclusion,transfert_racisme_antisemitisme,antisemitisme,0.95,,42171,1,,2026-08-23T13:47:46
rxa_0819,mistral,mistral-large-latest,xénophobie,ambigu,generation_originale,xenophobie,0.7,,572,1,,2026-08-23T13:47:51
rxa_0025,mistral,mistral-large-latest,racisme,haine_explicite,tri_manuel,xenophobie,0.9,,14711,1,,2026-08-23T13:48:10
rxa_0000,mistral,mistral-large-latest,racisme,stereotype,tri_manuel,racisme,0.95,,3760,1,,2026-08-23T13:48:18
rxa_1049,mistral,mistral-large-latest,antisémitisme,stereotype,transfert_racisme_antisemitisme,antisemitisme,0.95,,610,1,,2026-08-23T13:48:23
rxa_1054,mistral,mistral-large-latest,antisémitisme,hostilite_religieuse,transfert_racisme_antisemitisme,antisemitisme,0.95,,1053,1,,2026-08-23T13:48:28
rxa_1120,mistral,mistral-large-latest,antisémitisme,haine_explicite,transfert_racisme_antisemitisme,antisemitisme,0.95,,23706,1,,2026-08-23T13:48:56
rxa_1067,mistral,mistral-large-latest,antisémitisme,complotisme,transfert_racisme_antisemitisme,antisemitisme,0.98,,623,1,,2026-08-23T13:49:01
rxa_0677,mistral,mistral-large-latest,xénophobie,haine_explicite,generation_originale,xenophobie,0.95,,688,1,,2026-08-23T13:49:07
rxa_0542,mistral,mistral-large-latest,xénophobie,haine_explicite,transfert_racisme_xenophobie,xenophobie,0.95,,6682,1,,2026-08-23T13:49:18
rxa_0991,mistral,mistral-large-latest,antisémitisme,stereotype,transfert_racisme_antisemitisme,antisemitisme,0.95,,621,1,,2026-08-23T13:49:23
rxa_1263,mistral,mistral-large-latest,antisémitisme,sarcasme,generation_originale,antisemitisme,0.9,,696,5,,2026-08-23T13:50:07
rxa_0891,mistral,mistral-large-latest,xénophobie,haine_implicite,hardcase,xenophobie,0.85,,638,1,,2026-08-23T13:50:12
rxa_0681,mistral,mistral-large-latest,xénophobie,haine_explicite,generation_originale,xenophobie,0.95,,583,1,,2026-08-23T13:50:17
rxa_1032,mistral,mistral-large-latest,antisémitisme,haine_implicite,transfert_racisme_antisemitisme,antisemitisme,0.95,,608,1,,2026-08-23T13:50:22
rxa_0720,mistral,mistral-large-latest,xénophobie,haine_implicite,generation_originale,xenophobie,0.95,,799,5,,2026-08-23T13:51:06
rxa_1276,mistral,mistral-large-latest,antisémitisme,dog_whistle,generation_originale,antisemitisme,0.85,,583,1,,2026-08-23T13:51:11
rxa_0420,mistral,mistral-large-latest,racisme,haine_explicite,generation_originale,racisme,0.95,,809,1,,2026-08-23T13:51:16
rxa_1250,mistral,mistral-large-latest,antisémitisme,stereotype,generation_originale,antisemitisme,0.85,,744,1,,2026-08-23T13:51:21
rxa_0615,mistral,mistral-large-latest,xénophobie,exclusion,transfert_racisme_xenophobie,xenophobie,0.95,,651,5,,2026-08-23T13:52:04
rxa_0983,mistral,mistral-large-latest,antisémitisme,stereotype,transfert_racisme_antisemitisme,antisemitisme,0.95,,629,1,,2026-08-23T13:52:09
rxa_0173,mistral,mistral-large-latest,racisme,haine_explicite,tri_manuel,racisme,0.95,,14094,1,,2026-08-23T13:52:28
rxa_1306,mistral,mistral-large-latest,antisémitisme,dog_whistle,hardcase,antisemitisme,0.9,,680,1,,2026-08-23T13:52:33
rxa_0232,mistral,mistral-large-latest,xénophobie,dog_whistle,tri_manuel,xenophobie,0.95,,789,4,,2026-08-23T13:52:58
rxa_1375,mistral,mistral-large-latest,antisémitisme,stereotype,hardcase,antisemitisme,0.85,,583,1,,2026-08-23T13:53:03
rxa_0969,mistral,mistral-large-latest,antisémitisme,exclusion,transfert_racisme_antisemitisme,antisemitisme,0.95,,1799,1,,2026-08-23T13:53:09
rxa_0493,mistral,mistral-large-latest,racisme,stereotype,generation_originale,racisme,0.9,,723,1,,2026-08-23T13:53:14
rxa_0772,mistral,mistral-large-latest,xénophobie,stereotype,generation_originale,xenophobie,0.95,,1203,5,,2026-08-23T13:53:58
rxa_1461,mistral,mistral-large-latest,racisme,sarcasme,generation_complement,xenophobie,0.85,,905,1,,2026-08-23T13:54:03
rxa_1208,mistral,mistral-large-latest,antisémitisme,haine_implicite,generation_originale,antisemitisme,0.85,,10776,1,,2026-08-23T13:54:19
rxa_0755,mistral,mistral-large-latest,xénophobie,haine_implicite,generation_originale,xenophobie,0.9,,690,1,,2026-08-23T13:54:24
rxa_1256,mistral,mistral-large-latest,antisémitisme,stereotype,generation_originale,antisemitisme,0.9,,675,5,,2026-08-23T13:55:08
rxa_0944,mistral,mistral-large-latest,xénophobie,haine_implicite,hardcase,racisme,0.85,,565,1,,2026-08-23T13:55:13
rxa_0421,mistral,mistral-large-latest,racisme,haine_explicite,generation_originale,racisme,0.95,,606,1,,2026-08-23T13:55:18
rxa_0103,mistral,mistral-large-latest,racisme,haine_explicite,tri_manuel,xenophobie,0.9,,547,1,,2026-08-23T13:55:23
rxa_1090,mistral,mistral-large-latest,antisémitisme,haine_explicite,transfert_racisme_antisemitisme,antisemitisme,0.95,,34385,5,,2026-08-23T13:56:40
rxa_0864,mistral,mistral-large-latest,xénophobie,exclusion,hardcase,xenophobie,0.9,,712,1,,2026-08-23T13:56:45
rxa_1012,mistral,mistral-large-latest,antisémitisme,hostilite_religieuse,transfert_racisme_antisemitisme,antisemitisme,0.95,,610,1,,2026-08-23T13:56:50
rxa_1436,mistral,mistral-large-latest,racisme,haine_implicite,generation_complement,racisme,0.9,,563,1,,2026-08-23T13:56:55
rxa_1295,mistral,mistral-large-latest,antisémitisme,ambigu,generation_originale,antisemitisme,0.9,,722,1,,2026-08-23T13:57:00
rxa_0453,mistral,mistral-large-latest,racisme,haine_implicite,generation_originale,xenophobie,0.6,,739,1,,2026-08-23T13:57:06
rxa_1497,mistral,mistral-large-latest,xénophobie,stereotype,generation_complement,xenophobie,0.85,,34679,1,,2026-08-23T13:57:45
rxa_0198,mistral,mistral-large-latest,racisme,haine_implicite,tri_manuel,racisme,0.95,,498,1,,2026-08-23T13:57:50
rxa_0556,mistral,mistral-large-latest,xénophobie,haine_explicite,transfert_racisme_xenophobie,xenophobie,0.98,,538,2,,2026-08-23T13:57:59
rxa_0967,mistral,mistral-large-latest,antisémitisme,hostilite_religieuse,transfert_racisme_antisemitisme,antisemitisme,0.95,,572,1,,2026-08-23T13:58:04
rxa_1053,mistral,mistral-large-latest,antisémitisme,stereotype,transfert_racisme_antisemitisme,antisemitisme,0.95,,982,1,,2026-08-23T13:58:09
rxa_0981,mistral,mistral-large-latest,antisémitisme,hostilite_religieuse,transfert_racisme_antisemitisme,antisemitisme,0.95,,547,1,,2026-08-23T13:58:14
rxa_0703,mistral,mistral-large-latest,xénophobie,haine_explicite,generation_originale,xenophobie,0.95,,1343,5,,2026-08-23T13:58:58
rxa_0907,mistral,mistral-large-latest,xénophobie,dog_whistle,hardcase,xenophobie,0.85,,615,1,,2026-08-23T13:59:03
rxa_0520,mistral,mistral-large-latest,racisme,dog_whistle,generation_originale,xenophobie,0.7,,578,1,,2026-08-23T13:59:08
rxa_0544,mistral,mistral-large-latest,xénophobie,haine_explicite,transfert_racisme_xenophobie,racisme,0.95,,580,1,,2026-08-23T13:59:13
rxa_1112,mistral,mistral-large-latest,antisémitisme,haine_explicite,transfert_racisme_antisemitisme,antisemitisme,0.95,,3435,5,,2026-08-23T13:59:59
rxa_0011,mistral,mistral-large-latest,racisme,stereotype,tri_manuel,racisme,0.9,,1350,1,,2026-08-23T14:00:05
rxa_0738,mistral,mistral-large-latest,xénophobie,haine_implicite,generation_originale,xenophobie,0.8,,803,1,,2026-08-23T14:00:10
rxa_0792,mistral,mistral-large-latest,xénophobie,sarcasme,generation_originale,xenophobie,0.95,,665,1,,2026-08-23T14:00:15
rxa_0655,mistral,mistral-large-latest,xénophobie,dog_whistle,transfert_racisme_xenophobie,xenophobie,0.85,,657,5,,2026-08-23T14:00:58
rxa_0097,mistral,mistral-large-latest,racisme,stereotype,tri_manuel,racisme,0.95,,791,1,,2026-08-23T14:01:03
rxa_0387,mistral,mistral-large-latest,racisme,haine_explicite,tri_manuel,racisme,0.95,,587,1,,2026-08-23T14:01:08
rxa_0158,mistral,mistral-large-latest,racisme,haine_explicite,tri_manuel,racisme,0.98,,566,1,,2026-08-23T14:01:13
rxa_0896,mistral,mistral-large-latest,xénophobie,haine_implicite,hardcase,xenophobie,0.9,,546,6,,2026-08-23T14:02:30
rxa_0974,mistral,mistral-large-latest,antisémitisme,stereotype,transfert_racisme_antisemitisme,antisemitisme,0.95,,659,1,,2026-08-23T14:02:35
rxa_0609,mistral,mistral-large-latest,xénophobie,exclusion,transfert_racisme_xenophobie,xenophobie,0.95,,655,1,,2026-08-23T14:02:40
rxa_0068,mistral,mistral-large-latest,racisme,stereotype,tri_manuel,racisme,0.9,,751,1,,2026-08-23T14:02:45
rxa_0741,mistral,mistral-large-latest,xénophobie,haine_implicite,generation_originale,xenophobie,0.9,,723,3,,2026-08-23T14:03:00
rxa_0236,mistral,mistral-large-latest,racisme,haine_explicite,tri_manuel,racisme,0.95,,1405,1,,2026-08-23T14:03:05
rxa_1434,mistral,mistral-large-latest,racisme,haine_implicite,generation_complement,racisme,0.85,,608,1,,2026-08-23T14:03:10
rxa_0363,mistral,mistral-large-latest,racisme,sarcasme,tri_manuel,racisme,0.95,,596,1,,2026-08-23T14:03:15
rxa_0850,mistral,mistral-large-latest,xénophobie,dog_whistle,hardcase,xenophobie,0.95,,733,5,,2026-08-23T14:03:58
rxa_0389,mistral,mistral-large-latest,racisme,haine_explicite,tri_manuel,racisme,0.95,,569,1,,2026-08-23T14:04:03
rxa_0863,mistral,mistral-large-latest,xénophobie,exclusion,hardcase,xenophobie,0.85,,697,1,,2026-08-23T14:04:08
rxa_1448,mistral,mistral-large-latest,racisme,stereotype,generation_complement,racisme,0.95,,614,1,,2026-08-23T14:04:13
rxa_0061,mistral,mistral-large-latest,racisme,stereotype,tri_manuel,racisme,0.9,,1845,1,,2026-08-23T14:11:36
rxa_0136,mistral,mistral-large-latest,racisme,stereotype,tri_manuel,racisme,0.95,,569,1,,2026-08-23T14:11:41
rxa_0476,mistral,mistral-large-latest,racisme,haine_implicite,generation_originale,xenophobie,0.7,,662,1,,2026-08-23T14:11:46
rxa_0631,mistral,mistral-large-latest,xénophobie,sarcasme,transfert_racisme_xenophobie,xenophobie,0.95,,624,1,,2026-08-23T14:11:51
rxa_1417,mistral,mistral-large-latest,racisme,haine_explicite,generation_complement,racisme,0.98,,2443,1,,2026-08-23T14:11:58
rxa_0704,mistral,mistral-large-latest,xénophobie,haine_explicite,generation_originale,xenophobie,0.95,,880,1,,2026-08-23T14:12:03
rxa_0252,mistral,mistral-large-latest,racisme,haine_explicite,tri_manuel,racisme,0.98,,641,1,,2026-08-23T14:12:09
rxa_0927,mistral,mistral-large-latest,xénophobie,ambigu,hardcase,xenophobie,0.9,,954,1,,2026-08-23T14:12:14
rxa_0128,mistral,mistral-large-latest,xénophobie,dog_whistle,tri_manuel,xenophobie,0.9,,681,5,,2026-08-23T14:12:58
rxa_1298,mistral,mistral-large-latest,antisémitisme,haine_implicite,hardcase,antisemitisme,0.8,,577,1,,2026-08-23T14:13:03
rxa_0203,mistral,mistral-large-latest,racisme,haine_explicite,tri_manuel,racisme,0.95,,897,1,,2026-08-23T14:13:08
rxa_0999,mistral,mistral-large-latest,antisémitisme,exclusion,transfert_racisme_antisemitisme,antisemitisme,0.95,,872,1,,2026-08-23T14:13:14
rxa_0029,mistral,mistral-large-latest,racisme,hostilite_religieuse,tri_manuel,xenophobie,0.8,,588,5,,2026-08-23T14:13:58
rxa_0786,mistral,mistral-large-latest,xénophobie,sarcasme,generation_originale,racisme,0.9,,3368,1,,2026-08-23T14:14:06
rxa_0737,mistral,mistral-large-latest,xénophobie,haine_implicite,generation_originale,xenophobie,0.85,,553,1,,2026-08-23T14:14:11
rxa_1442,mistral,mistral-large-latest,racisme,stereotype,generation_complement,racisme,0.95,,630,1,,2026-08-23T14:14:16
rxa_1289,mistral,mistral-large-latest,antisémitisme,ambigu,generation_originale,antisemitisme,0.8,,622,5,,2026-08-23T14:15:00
rxa_0371,mistral,mistral-large-latest,racisme,haine_explicite,tri_manuel,racisme,0.95,,593,1,,2026-08-23T14:15:05
rxa_0002,mistral,mistral-large-latest,racisme,stereotype,tri_manuel,xenophobie,0.9,,602,1,,2026-08-23T14:15:10
rxa_0601,mistral,mistral-large-latest,xénophobie,exclusion,transfert_racisme_xenophobie,xenophobie,0.85,,570,1,,2026-08-23T14:15:15
rxa_0017,mistral,mistral-large-latest,racisme,haine_implicite,tri_manuel,xenophobie,0.8,,750,5,,2026-08-23T14:15:59
rxa_0305,mistral,mistral-large-latest,antisémitisme,haine_explicite,tri_manuel,antisemitisme,0.98,,718,1,,2026-08-23T14:16:04
rxa_1071,mistral,mistral-large-latest,antisémitisme,stereotype,transfert_racisme_antisemitisme,antisemitisme,0.98,,766,1,,2026-08-23T14:16:09
rxa_1014,mistral,mistral-large-latest,antisémitisme,hostilite_religieuse,transfert_racisme_antisemitisme,antisemitisme,0.98,,564,1,,2026-08-23T14:16:14
rxa_1038,mistral,mistral-large-latest,antisémitisme,stereotype,transfert_racisme_antisemitisme,antisemitisme,0.98,,911,5,,2026-08-23T14:16:58
rxa_0156,mistral,mistral-large-latest,racisme,sarcasme,tri_manuel,racisme,0.95,,606,1,,2026-08-23T14:17:03
rxa_1077,mistral,mistral-large-latest,antisémitisme,stereotype,transfert_racisme_antisemitisme,antisemitisme,0.95,,581,1,,2026-08-23T14:17:08
rxa_1198,mistral,mistral-large-latest,antisémitisme,haine_implicite,generation_originale,antisemitisme,0.9,,609,1,,2026-08-23T14:17:13
rxa_1396,mistral,mistral-large-latest,antisémitisme,sarcasme,hardcase,antisemitisme,0.8,,637,6,,2026-08-23T14:18:30
rxa_1322,mistral,mistral-large-latest,antisémitisme,dog_whistle,hardcase,antisemitisme,0.85,,581,1,,2026-08-23T14:18:35
rxa_0659,mistral,mistral-large-latest,xénophobie,ambigu,transfert_racisme_xenophobie,xenophobie,0.9,,719,1,,2026-08-23T14:18:40
rxa_1195,mistral,mistral-large-latest,antisémitisme,haine_implicite,generation_originale,antisemitisme,0.85,,809,1,,2026-08-23T14:18:45
rxa_1496,mistral,mistral-large-latest,xénophobie,stereotype,generation_complement,xenophobie,0.95,,856,3,,2026-08-23T14:19:00
rxa_0419,mistral,mistral-large-latest,racisme,haine_explicite,generation_originale,xenophobie,0.9,,664,1,,2026-08-23T14:19:05
rxa_0307,mistral,mistral-large-latest,racisme,haine_explicite,tri_manuel,racisme,0.95,,696,1,,2026-08-23T14:19:11
rxa_1288,mistral,mistral-large-latest,antisémitisme,ambigu,generation_originale,antisemitisme,0.8,,580,1,,2026-08-23T14:19:16
rxa_0457,mistral,mistral-large-latest,racisme,haine_implicite,generation_originale,xenophobie,0.8,,735,5,,2026-08-23T14:19:59
rxa_1016,mistral,mistral-large-latest,antisémitisme,stereotype,transfert_racisme_antisemitisme,antisemitisme,0.95,,3092,1,,2026-08-23T14:20:07
rxa_1418,mistral,mistral-large-latest,racisme,haine_explicite,generation_complement,xenophobie,0.95,,575,1,,2026-08-23T14:20:12
rxa_0856,mistral,mistral-large-latest,xénophobie,exclusion,hardcase,xenophobie,0.9,,1252,1,,2026-08-23T14:20:17
rxa_1124,mistral,mistral-large-latest,antisémitisme,haine_explicite,transfert_racisme_antisemitisme,antisemitisme,0.98,,842,5,,2026-08-23T14:21:01
rxa_1110,mistral,mistral-large-latest,antisémitisme,haine_explicite,transfert_racisme_antisemitisme,antisemitisme,0.98,,1082,1,,2026-08-23T14:21:06
rxa_0608,mistral,mistral-large-latest,xénophobie,exclusion,transfert_racisme_xenophobie,xenophobie,0.95,,599,1,,2026-08-23T14:21:11
rxa_0950,mistral,mistral-large-latest,xénophobie,sarcasme,hardcase,xenophobie,0.9,,668,1,,2026-08-23T14:21:16
rxa_0477,mistral,mistral-large-latest,racisme,haine_implicite,generation_originale,racisme,0.85,,621,5,,2026-08-23T14:22:00
rxa_0229,mistral,mistral-large-latest,racisme,haine_explicite,tri_manuel,racisme,0.95,,586,1,,2026-08-23T14:22:05
rxa_1130,mistral,mistral-large-latest,antisémitisme,stereotype,transfert_racisme_antisemitisme,antisemitisme,0.98,,554,1,,2026-08-23T14:22:10
rxa_0795,mistral,mistral-large-latest,xénophobie,sarcasme,generation_originale,xenophobie,0.9,,588,1,,2026-08-23T14:22:15
rxa_0767,mistral,mistral-large-latest,xénophobie,stereotype,generation_originale,xenophobie,0.95,,689,5,,2026-08-23T14:22:59
rxa_1385,mistral,mistral-large-latest,antisémitisme,sarcasme,hardcase,antisemitisme,0.8,,654,1,,2026-08-23T14:23:04
rxa_0461,mistral,mistral-large-latest,racisme,haine_implicite,generation_originale,racisme,0.8,,548,1,,2026-08-23T14:23:09
rxa_1001,mistral,mistral-large-latest,antisémitisme,hostilite_religieuse,transfert_racisme_antisemitisme,antisemitisme,0.95,,667,1,,2026-08-23T14:23:14
rxa_0331,mistral,mistral-large-latest,racisme,haine_explicite,tri_manuel,racisme,0.95,,2069,5,,2026-08-23T14:23:58
rxa_0653,mistral,mistral-large-latest,xénophobie,dog_whistle,transfert_racisme_xenophobie,xenophobie,0.95,,703,1,,2026-08-23T14:24:03
rxa_0087,mistral,mistral-large-latest,racisme,haine_implicite,tri_manuel,xenophobie,0.8,,827,1,,2026-08-23T14:24:08
rxa_1313,mistral,mistral-large-latest,antisémitisme,sarcasme,hardcase,antisemitisme,0.7,,769,1,,2026-08-23T14:24:14
rxa_0663,mistral,mistral-large-latest,xénophobie,ambigu,transfert_racisme_xenophobie,xenophobie,0.9,,2548,5,,2026-08-23T14:24:58
rxa_1402,mistral,mistral-large-latest,antisémitisme,stereotype,hardcase,antisemitisme,0.7,,789,1,,2026-08-23T14:25:03
rxa_1132,mistral,mistral-large-latest,antisémitisme,haine_explicite,transfert_racisme_antisemitisme,antisemitisme,0.98,,691,1,,2026-08-23T14:25:08
rxa_0281,mistral,mistral-large-latest,racisme,haine_explicite,tri_manuel,racisme,0.95,,757,1,,2026-08-23T14:25:14
rxa_0396,mistral,mistral-large-latest,racisme,haine_explicite,tri_manuel,racisme,0.95,,1755,5,,2026-08-23T14:25:59
rxa_0132,mistral,mistral-large-latest,racisme,sarcasme,tri_manuel,xenophobie,0.85,,611,1,,2026-08-23T14:26:04
rxa_0388,mistral,mistral-large-latest,racisme,haine_explicite,tri_manuel,racisme,0.95,,542,1,,2026-08-23T14:26:09
rxa_0368,mistral,mistral-large-latest,racisme,haine_explicite,tri_manuel,racisme,0.95,,859,1,,2026-08-23T14:26:14
rxa_0691,mistral,mistral-large-latest,xénophobie,haine_explicite,generation_originale,xenophobie,0.95,,1593,5,,2026-08-23T14:26:59
rxa_1244,mistral,mistral-large-latest,antisémitisme,stereotype,generation_originale,antisemitisme,0.85,,632,1,,2026-08-23T14:27:04
rxa_0921,mistral,mistral-large-latest,xénophobie,sarcasme,hardcase,xenophobie,0.85,,634,1,,2026-08-23T14:27:09
rxa_0479,mistral,mistral-large-latest,racisme,haine_implicite,generation_originale,racisme,0.85,,571,1,,2026-08-23T14:27:14
rxa_1216,mistral,mistral-large-latest,antisémitisme,haine_implicite,generation_originale,antisemitisme,0.9,,1128,5,,2026-08-23T14:27:58
rxa_0765,mistral,mistral-large-latest,xénophobie,stereotype,generation_originale,xenophobie,0.95,,737,1,,2026-08-23T14:28:03
rxa_0965,mistral,mistral-large-latest,antisémitisme,hostilite_religieuse,transfert_racisme_antisemitisme,antisemitisme,0.95,,564,1,,2026-08-23T14:28:08
rxa_0253,mistral,mistral-large-latest,racisme,haine_explicite,tri_manuel,racisme,0.95,,547,1,,2026-08-23T14:28:13
rxa_1170,mistral,mistral-large-latest,antisémitisme,haine_explicite,generation_originale,antisemitisme,0.98,,2266,5,,2026-08-23T14:28:58
rxa_0151,mistral,mistral-large-latest,xénophobie,exclusion,tri_manuel,xenophobie,0.9,,566,1,,2026-08-23T14:29:03
rxa_1471,mistral,mistral-large-latest,racisme,dog_whistle,generation_complement,xenophobie,0.95,,889,1,,2026-08-23T14:29:08
rxa_1217,mistral,mistral-large-latest,antisémitisme,haine_implicite,generation_originale,antisemitisme,0.8,,585,1,,2026-08-23T14:29:13
rxa_1004,mistral,mistral-large-latest,antisémitisme,haine_explicite,transfert_racisme_antisemitisme,antisemitisme,0.95,,2497,5,,2026-08-23T14:29:58
rxa_0776,mistral,mistral-large-latest,xénophobie,stereotype,generation_originale,xenophobie,0.9,,775,1,,2026-08-23T14:30:03
rxa_0793,mistral,mistral-large-latest,xénophobie,sarcasme,generation_originale,xenophobie,0.95,,669,1,,2026-08-23T14:30:08
rxa_0513,mistral,mistral-large-latest,racisme,dog_whistle,generation_originale,xenophobie,0.95,,745,1,,2026-08-23T14:30:13
rxa_1057,mistral,mistral-large-latest,antisémitisme,hostilite_religieuse,transfert_racisme_antisemitisme,antisemitisme,0.95,,2139,5,,2026-08-23T14:30:58
rxa_0536,mistral,mistral-large-latest,xénophobie,haine_explicite,transfert_racisme_xenophobie,xenophobie,0.95,,700,1,,2026-08-23T14:31:03
rxa_0094,mistral,mistral-large-latest,racisme,haine_implicite,tri_manuel,xenophobie,0.8,,590,1,,2026-08-23T14:31:08
rxa_0539,mistral,mistral-large-latest,xénophobie,haine_explicite,transfert_racisme_xenophobie,xenophobie,0.95,,623,1,,2026-08-23T14:31:13
rxa_1343,mistral,mistral-large-latest,antisémitisme,sarcasme,hardcase,antisemitisme,0.9,,2248,5,,2026-08-23T14:31:58
rxa_0994,mistral,mistral-large-latest,antisémitisme,stereotype,transfert_racisme_antisemitisme,antisemitisme,0.95,,7240,1,,2026-08-23T14:32:10
rxa_0883,mistral,mistral-large-latest,xénophobie,haine_implicite,hardcase,antisemitisme,0.7,,570,1,,2026-08-23T14:32:15
rxa_0218,mistral,mistral-large-latest,xénophobie,exclusion,tri_manuel,xenophobie,0.95,,639,1,,2026-08-23T14:32:20
rxa_0946,mistral,mistral-large-latest,xénophobie,ambigu,hardcase,racisme,0.8,,572,5,,2026-08-23T14:33:03
rxa_0766,mistral,mistral-large-latest,xénophobie,stereotype,generation_originale,xenophobie,0.95,,585,1,,2026-08-23T14:33:08
rxa_1188,mistral,mistral-large-latest,antisémitisme,haine_explicite,generation_originale,antisemitisme,0.95,,611,1,,2026-08-23T14:33:13
rxa_1129,mistral,mistral-large-latest,antisémitisme,haine_explicite,transfert_racisme_antisemitisme,antisemitisme,0.98,,686,1,,2026-08-23T14:33:18
rxa_0550,mistral,mistral-large-latest,xénophobie,haine_explicite,transfert_racisme_xenophobie,xenophobie,0.98,,1312,5,,2026-08-23T14:34:02
rxa_0422,mistral,mistral-large-latest,racisme,haine_explicite,generation_originale,xenophobie,0.95,,809,1,,2026-08-23T14:34:07
rxa_0078,mistral,mistral-large-latest,racisme,dog_whistle,tri_manuel,xenophobie,0.95,,1194,1,,2026-08-23T14:34:12
rxa_0259,mistral,mistral-large-latest,racisme,haine_implicite,tri_manuel,racisme,0.95,,2129,1,,2026-08-23T14:34:19
rxa_0147,mistral,mistral-large-latest,racisme,stereotype,tri_manuel,racisme,0.9,,597,5,,2026-08-23T14:35:03
rxa_0369,mistral,mistral-large-latest,racisme,haine_explicite,tri_manuel,racisme,0.95,,650,1,,2026-08-23T14:35:08
rxa_1229,mistral,mistral-large-latest,antisémitisme,haine_implicite,generation_originale,antisemitisme,0.9,,928,1,,2026-08-23T14:35:13
rxa_1169,mistral,mistral-large-latest,antisémitisme,haine_explicite,generation_originale,antisemitisme,0.98,,604,1,,2026-08-23T14:35:18
rxa_0583,mistral,mistral-large-latest,xénophobie,haine_implicite,transfert_racisme_xenophobie,racisme,0.85,,627,5,,2026-08-23T14:36:02
rxa_0495,mistral,mistral-large-latest,racisme,stereotype,generation_originale,racisme,0.95,,538,1,,2026-08-23T14:36:07
rxa_0664,mistral,mistral-large-latest,xénophobie,ambigu,transfert_racisme_xenophobie,xenophobie,0.85,,566,1,,2026-08-23T14:36:12
rxa_1494,mistral,mistral-large-latest,xénophobie,dog_whistle,generation_complement,xenophobie,0.85,,660,1,,2026-08-23T14:36:17
rxa_0920,mistral,mistral-large-latest,xénophobie,sarcasme,hardcase,xenophobie,0.7,,617,5,,2026-08-23T14:37:01
rxa_1447,mistral,mistral-large-latest,racisme,stereotype,generation_complement,racisme,0.95,,577,1,,2026-08-23T14:37:06
rxa_1148,mistral,mistral-large-latest,antisémitisme,haine_implicite,transfert_racisme_antisemitisme,antisemitisme,0.98,,2451,1,,2026-08-23T14:37:13
rxa_1341,mistral,mistral-large-latest,antisémitisme,stereotype,hardcase,antisemitisme,0.8,,570,1,,2026-08-23T14:37:18
rxa_1228,mistral,mistral-large-latest,antisémitisme,haine_implicite,generation_originale,antisemitisme,0.8,,645,5,,2026-08-23T14:38:01
rxa_0558,mistral,mistral-large-latest,xénophobie,haine_explicite,transfert_racisme_xenophobie,xenophobie,0.95,,626,1,,2026-08-23T14:38:06
rxa_1069,mistral,mistral-large-latest,antisémitisme,complotisme,transfert_racisme_antisemitisme,antisemitisme,0.98,,1560,1,,2026-08-23T14:38:12
rxa_0941,mistral,mistral-large-latest,xénophobie,dog_whistle,hardcase,antisemitisme,0.8,,872,1,,2026-08-23T14:38:17
rxa_0475,mistral,mistral-large-latest,racisme,haine_implicite,generation_originale,xenophobie,0.9,,612,5,,2026-08-23T14:39:02
rxa_0273,mistral,mistral-large-latest,racisme,sarcasme,tri_manuel,racisme,0.95,,561,1,,2026-08-23T14:39:07
rxa_1274,mistral,mistral-large-latest,antisémitisme,dog_whistle,generation_originale,antisemitisme,0.95,,13513,1,,2026-08-23T14:39:25
rxa_0336,mistral,mistral-large-latest,xénophobie,dog_whistle,tri_manuel,xenophobie,0.95,,614,1,,2026-08-23T14:39:30
rxa_0982,mistral,mistral-large-latest,antisémitisme,hostilite_religieuse,transfert_racisme_antisemitisme,antisemitisme,0.95,,614,5,,2026-08-23T14:40:13
rxa_0588,mistral,mistral-large-latest,xénophobie,haine_implicite,transfert_racisme_xenophobie,xenophobie,0.95,,633,1,,2026-08-23T14:40:18
rxa_0455,mistral,mistral-large-latest,racisme,haine_implicite,generation_originale,racisme,0.9,,574,1,,2026-08-23T14:40:23
rxa_0871,mistral,mistral-large-latest,xénophobie,ambigu,hardcase,xenophobie,0.85,,603,1,,2026-08-23T14:40:28
rxa_0567,mistral,mistral-large-latest,xénophobie,haine_explicite,transfert_racisme_xenophobie,xenophobie,0.95,,605,5,,2026-08-23T14:41:12
rxa_0848,mistral,mistral-large-latest,xénophobie,dog_whistle,hardcase,racisme,0.85,,1194,1,,2026-08-23T14:41:17
rxa_1061,mistral,mistral-large-latest,antisémitisme,complotisme,transfert_racisme_antisemitisme,antisemitisme,0.95,,1705,1,,2026-08-23T14:41:24
rxa_0346,mistral,mistral-large-latest,antisémitisme,haine_explicite,tri_manuel,antisemitisme,0.98,,598,1,,2026-08-23T14:41:29
rxa_1078,mistral,mistral-large-latest,antisémitisme,stereotype,transfert_racisme_antisemitisme,antisemitisme,0.95,,557,5,,2026-08-23T14:42:12
rxa_0007,mistral,mistral-large-latest,racisme,hostilite_religieuse,tri_manuel,xenophobie,0.8,,1071,1,,2026-08-23T14:42:18
rxa_1317,mistral,mistral-large-latest,antisémitisme,ambigu,hardcase,antisemitisme,0.8,,523,1,,2026-08-23T14:42:22
rxa_0126,mistral,mistral-large-latest,xénophobie,dog_whistle,tri_manuel,xenophobie,0.95,,676,1,,2026-08-23T14:42:28
rxa_0904,mistral,mistral-large-latest,xénophobie,dog_whistle,hardcase,xenophobie,0.8,,621,5,,2026-08-23T14:43:12
rxa_0538,mistral,mistral-large-latest,xénophobie,haine_explicite,transfert_racisme_xenophobie,xenophobie,0.95,,704,1,,2026-08-23T14:43:17
rxa_1441,mistral,mistral-large-latest,racisme,stereotype,generation_complement,racisme,0.95,,529,1,,2026-08-23T14:43:22
rxa_0610,mistral,mistral-large-latest,xénophobie,exclusion,transfert_racisme_xenophobie,xenophobie,0.95,,688,1,,2026-08-23T14:43:27
rxa_0035,mistral,mistral-large-latest,racisme,hostilite_religieuse,tri_manuel,xenophobie,0.7,,692,5,,2026-08-23T14:44:10
rxa_0686,mistral,mistral-large-latest,xénophobie,haine_explicite,generation_originale,xenophobie,0.95,,701,1,,2026-08-23T14:44:15
rxa_0321,mistral,mistral-large-latest,racisme,haine_explicite,tri_manuel,racisme,0.95,,2531,1,,2026-08-23T14:44:22
rxa_0603,mistral,mistral-large-latest,xénophobie,exclusion,transfert_racisme_xenophobie,xenophobie,0.8,,665,1,,2026-08-23T14:44:27
rxa_1357,mistral,mistral-large-latest,antisémitisme,haine_implicite,hardcase,antisemitisme,0.85,,595,5,,2026-08-23T14:45:11
rxa_0312,mistral,mistral-large-latest,racisme,haine_explicite,tri_manuel,xenophobie,0.9,,729,1,,2026-08-23T14:45:17
rxa_1323,mistral,mistral-large-latest,antisémitisme,haine_implicite,hardcase,antisemitisme,0.7,,2224,1,,2026-08-23T14:45:23
rxa_0310,mistral,mistral-large-latest,antisémitisme,haine_explicite,tri_manuel,antisemitisme,0.98,,585,1,,2026-08-23T14:45:28
rxa_0434,mistral,mistral-large-latest,racisme,haine_explicite,generation_originale,racisme,0.95,,550,5,,2026-08-23T14:46:11
rxa_0328,mistral,mistral-large-latest,racisme,stereotype,tri_manuel,racisme,0.95,,557,1,,2026-08-23T14:46:16
rxa_0890,mistral,mistral-large-latest,xénophobie,haine_implicite,hardcase,xenophobie,0.9,,549,1,,2026-08-23T14:46:21
rxa_0254,mistral,mistral-large-latest,antisémitisme,exclusion,tri_manuel,antisemitisme,0.95,,583,1,,2026-08-23T14:46:26
rxa_0217,mistral,mistral-large-latest,racisme,haine_explicite,tri_manuel,racisme,0.95,,566,5,,2026-08-23T14:47:10
rxa_0551,mistral,mistral-large-latest,xénophobie,haine_explicite,transfert_racisme_xenophobie,xenophobie,0.98,,799,1,,2026-08-23T14:47:15
rxa_1344,mistral,mistral-large-latest,antisémitisme,sarcasme,hardcase,antisemitisme,0.95,,653,1,,2026-08-23T14:47:20
rxa_0326,mistral,mistral-large-latest,racisme,haine_explicite,tri_manuel,racisme,0.95,,1060,1,,2026-08-23T14:47:25
rxa_0789,mistral,mistral-large-latest,xénophobie,sarcasme,generation_originale,xenophobie,0.95,,841,5,,2026-08-23T14:48:09
rxa_1231,mistral,mistral-large-latest,antisémitisme,haine_implicite,generation_originale,antisemitisme,0.9,,675,1,,2026-08-23T14:48:14
rxa_0726,mistral,mistral-large-latest,xénophobie,haine_implicite,generation_originale,xenophobie,0.8,,729,1,,2026-08-23T14:48:19
rxa_0374,mistral,mistral-large-latest,racisme,haine_explicite,tri_manuel,racisme,0.98,,536,1,,2026-08-23T14:48:24
rxa_1359,mistral,mistral-large-latest,antisémitisme,stereotype,hardcase,xenophobie,0.8,,1278,5,,2026-08-23T14:49:09
rxa_0447,mistral,mistral-large-latest,racisme,haine_explicite,generation_originale,racisme,0.95,,647,1,,2026-08-23T14:49:14
rxa_0101,mistral,mistral-large-latest,racisme,haine_explicite,tri_manuel,xenophobie,0.95,,4695,1,,2026-08-23T14:49:23
rxa_1156,mistral,mistral-large-latest,antisémitisme,haine_explicite,generation_originale,antisemitisme,0.98,,723,1,,2026-08-23T14:49:28
rxa_0332,mistral,mistral-large-latest,racisme,haine_implicite,tri_manuel,racisme,0.95,,620,5,,2026-08-23T14:50:12
rxa_1260,mistral,mistral-large-latest,antisémitisme,sarcasme,generation_originale,antisemitisme,0.9,,15288,1,,2026-08-23T14:50:31
rxa_1452,mistral,mistral-large-latest,racisme,stereotype,generation_complement,xenophobie,0.9,,917,1,,2026-08-23T14:50:37
rxa_0480,mistral,mistral-large-latest,racisme,haine_implicite,generation_originale,xenophobie,0.7,,2886,1,,2026-08-23T14:50:44
rxa_1115,mistral,mistral-large-latest,antisémitisme,haine_explicite,transfert_racisme_antisemitisme,antisemitisme,0.98,,691,3,,2026-08-23T14:50:58
rxa_0881,mistral,mistral-large-latest,xénophobie,haine_implicite,hardcase,xenophobie,0.9,,899,1,,2026-08-23T14:51:04
rxa_0614,mistral,mistral-large-latest,xénophobie,exclusion,transfert_racisme_xenophobie,xenophobie,0.95,,689,1,,2026-08-23T14:51:09
rxa_0688,mistral,mistral-large-latest,xénophobie,haine_explicite,generation_originale,xenophobie,0.95,,708,1,,2026-08-23T14:51:14
rxa_1419,mistral,mistral-large-latest,racisme,haine_explicite,generation_complement,racisme,0.98,,618,5,,2026-08-23T14:51:58
rxa_0224,mistral,mistral-large-latest,racisme,haine_explicite,tri_manuel,racisme,0.98,,594,1,,2026-08-23T14:52:03
rxa_1280,mistral,mistral-large-latest,antisémitisme,dog_whistle,generation_originale,xenophobie,0.85,,29426,1,,2026-08-23T14:52:37
rxa_1122,mistral,mistral-large-latest,antisémitisme,haine_explicite,transfert_racisme_antisemitisme,antisemitisme,0.98,,6521,1,,2026-08-23T14:52:48
rxa_0027,mistral,mistral-large-latest,racisme,hostilite_religieuse,tri_manuel,xenophobie,0.8,,1132,2,,2026-08-23T14:52:58
rxa_1379,mistral,mistral-large-latest,antisémitisme,sarcasme,hardcase,racisme,0.8,,533,1,,2026-08-23T14:53:03
rxa_0928,mistral,mistral-large-latest,xénophobie,exclusion,hardcase,xenophobie,0.85,,647,1,,2026-08-23T14:53:08
rxa_1388,mistral,mistral-large-latest,antisémitisme,haine_implicite,hardcase,antisemitisme,0.85,,1010,1,,2026-08-23T14:53:13
rxa_0599,mistral,mistral-large-latest,xénophobie,exclusion,transfert_racisme_xenophobie,xenophobie,0.95,,2124,5,,2026-08-23T14:53:58
rxa_0268,mistral,mistral-large-latest,racisme,haine_explicite,tri_manuel,racisme,0.95,,854,1,,2026-08-23T14:54:03
rxa_1105,mistral,mistral-large-latest,antisémitisme,haine_explicite,transfert_racisme_antisemitisme,antisemitisme,0.98,,29463,1,,2026-08-23T14:54:37
rxa_1400,mistral,mistral-large-latest,antisémitisme,haine_implicite,hardcase,racisme,0.85,,3196,1,,2026-08-23T14:54:44
rxa_1440,mistral,mistral-large-latest,racisme,haine_implicite,generation_complement,xenophobie,0.85,,578,3,,2026-08-23T14:54:59
rxa_0403,mistral,mistral-large-latest,racisme,haine_explicite,tri_manuel,racisme,0.95,,609,1,,2026-08-23T14:55:04
rxa_0267,mistral,mistral-large-latest,xénophobie,exclusion,tri_manuel,xenophobie,0.95,,683,1,,2026-08-23T14:55:09
rxa_0234,mistral,mistral-large-latest,racisme,sarcasme,tri_manuel,racisme,0.95,,527,1,,2026-08-23T14:55:14
rxa_1427,mistral,mistral-large-latest,racisme,haine_explicite,generation_complement,racisme,0.95,,761,5,,2026-08-23T14:55:58
rxa_1449,mistral,mistral-large-latest,racisme,stereotype,generation_complement,xenophobie,0.9,,2123,1,,2026-08-23T14:56:05
rxa_0202,mistral,mistral-large-latest,racisme,haine_explicite,tri_manuel,racisme,0.95,,604,1,,2026-08-23T14:56:10
rxa_0360,mistral,mistral-large-latest,racisme,haine_explicite,tri_manuel,racisme,0.98,,583,1,,2026-08-23T14:56:15
rxa_1036,mistral,mistral-large-latest,antisémitisme,haine_implicite,transfert_racisme_antisemitisme,antisemitisme,0.95,,844,5,,2026-08-23T14:56:58
rxa_0783,mistral,mistral-large-latest,xénophobie,sarcasme,generation_originale,xenophobie,0.95,,3182,1,,2026-08-23T14:57:06
rxa_0166,mistral,mistral-large-latest,xénophobie,exclusion,tri_manuel,xenophobie,0.95,,555,1,,2026-08-23T14:57:11
rxa_0425,mistral,mistral-large-latest,racisme,haine_explicite,generation_originale,xenophobie,0.95,,922,1,,2026-08-23T14:57:16
rxa_1330,mistral,mistral-large-latest,antisémitisme,sarcasme,hardcase,antisemitisme,0.85,,631,5,,2026-08-23T14:57:58
rxa_0833,mistral,mistral-large-latest,xénophobie,dog_whistle,hardcase,xenophobie,0.7,,637,1,,2026-08-23T14:58:03
rxa_1374,mistral,mistral-large-latest,antisémitisme,haine_implicite,hardcase,antisemitisme,0.7,,714,1,,2026-08-23T14:58:08
rxa_0498,mistral,mistral-large-latest,racisme,stereotype,generation_originale,racisme,0.95,,665,1,,2026-08-23T14:58:13
rxa_1163,mistral,mistral-large-latest,antisémitisme,haine_explicite,generation_originale,antisemitisme,0.98,,2048,5,,2026-08-23T14:58:58
rxa_0627,mistral,mistral-large-latest,xénophobie,sarcasme,transfert_racisme_xenophobie,xenophobie,0.9,,638,1,,2026-08-23T14:59:03
rxa_0096,mistral,mistral-large-latest,racisme,stereotype,tri_manuel,racisme,0.95,,576,1,,2026-08-23T14:59:08
rxa_0079,mistral,mistral-large-latest,xénophobie,exclusion,tri_manuel,xenophobie,0.9,,863,1,,2026-08-23T14:59:14
rxa_1108,mistral,mistral-large-latest,antisémitisme,haine_explicite,transfert_racisme_antisemitisme,antisemitisme,0.98,,9295,5,,2026-08-23T15:00:06
rxa_0239,mistral,mistral-large-latest,racisme,haine_explicite,tri_manuel,racisme,0.98,,534,1,,2026-08-23T15:00:11
rxa_0586,mistral,mistral-large-latest,xénophobie,haine_implicite,transfert_racisme_xenophobie,xenophobie,0.9,,1429,1,,2026-08-23T15:00:16
rxa_1232,mistral,mistral-large-latest,antisémitisme,stereotype,generation_originale,antisemitisme,0.9,,2363,1,,2026-08-23T15:00:23
rxa_0285,mistral,mistral-large-latest,antisémitisme,haine_explicite,tri_manuel,antisemitisme,1.0,,671,5,,2026-08-23T15:01:07
rxa_0426,mistral,mistral-large-latest,racisme,haine_explicite,generation_originale,xenophobie,0.9,,665,1,,2026-08-23T15:01:12
rxa_0598,mistral,mistral-large-latest,xénophobie,exclusion,transfert_racisme_xenophobie,xenophobie,0.9,,849,1,,2026-08-23T15:01:17
rxa_0517,mistral,mistral-large-latest,racisme,dog_whistle,generation_originale,xenophobie,0.9,,643,1,,2026-08-23T15:01:22
rxa_0723,mistral,mistral-large-latest,xénophobie,haine_implicite,generation_originale,xenophobie,0.8,,13370,5,,2026-08-23T15:02:18
rxa_0113,mistral,mistral-large-latest,racisme,haine_implicite,tri_manuel,racisme,0.9,,619,1,,2026-08-23T15:02:23
rxa_1267,mistral,mistral-large-latest,antisémitisme,sarcasme,generation_originale,antisemitisme,0.85,,681,1,,2026-08-23T15:02:29
rxa_0618,mistral,mistral-large-latest,xénophobie,sarcasme,transfert_racisme_xenophobie,xenophobie,0.8,,583,1,,2026-08-23T15:02:34
rxa_1109,mistral,mistral-large-latest,antisémitisme,haine_explicite,transfert_racisme_antisemitisme,antisemitisme,0.98,,27429,4,,2026-08-23T15:03:26
rxa_0582,mistral,mistral-large-latest,xénophobie,haine_implicite,transfert_racisme_xenophobie,xenophobie,0.85,,2725,1,,2026-08-23T15:03:33
rxa_1005,mistral,mistral-large-latest,antisémitisme,haine_explicite,transfert_racisme_antisemitisme,antisemitisme,0.95,,795,1,,2026-08-23T15:03:38
rxa_0193,mistral,mistral-large-latest,xénophobie,complotisme,tri_manuel,xenophobie,0.95,,16579,1,,2026-08-23T15:03:59
rxa_0064,mistral,mistral-large-latest,racisme,hostilite_religieuse,tri_manuel,xenophobie,0.8,,547,1,,2026-08-23T15:04:04
rxa_0070,mistral,mistral-large-latest,racisme,haine_explicite,tri_manuel,racisme,0.95,,593,1,,2026-08-23T15:04:09
rxa_1080,mistral,mistral-large-latest,antisémitisme,stereotype,transfert_racisme_antisemitisme,antisemitisme,0.98,,578,1,,2026-08-23T15:04:14
rxa_1235,mistral,mistral-large-latest,antisémitisme,stereotype,generation_originale,antisemitisme,0.85,,575,1,,2026-08-23T15:04:19
rxa_0260,mistral,mistral-large-latest,racisme,haine_explicite,tri_manuel,racisme,0.95,,13676,5,,2026-08-23T15:05:17
rxa_1248,mistral,mistral-large-latest,antisémitisme,stereotype,generation_originale,antisemitisme,0.85,,703,1,,2026-08-23T15:05:22
rxa_1373,mistral,mistral-large-latest,antisémitisme,dog_whistle,hardcase,antisemitisme,0.85,,651,1,,2026-08-23T15:05:27
rxa_0009,mistral,mistral-large-latest,racisme,stereotype,tri_manuel,xenophobie,0.8,,811,1,,2026-08-23T15:05:32
rxa_0344,mistral,mistral-large-latest,racisme,haine_explicite,tri_manuel,racisme,0.95,,2134,4,,2026-08-23T15:05:58
rxa_0347,mistral,mistral-large-latest,racisme,haine_explicite,tri_manuel,racisme,0.95,,503,1,,2026-08-23T15:06:03
rxa_0734,mistral,mistral-large-latest,xénophobie,haine_implicite,generation_originale,xenophobie,0.85,,624,1,,2026-08-23T15:06:08
rxa_1316,mistral,mistral-large-latest,antisémitisme,stereotype,hardcase,antisemitisme,0.8,,665,1,,2026-08-23T15:06:13
rxa_0629,mistral,mistral-large-latest,xénophobie,sarcasme,transfert_racisme_xenophobie,xenophobie,0.9,,1330,6,,2026-08-23T15:07:31
rxa_1270,mistral,mistral-large-latest,antisémitisme,sarcasme,generation_originale,antisemitisme,0.85,,634,1,,2026-08-23T15:07:36
rxa_1382,mistral,mistral-large-latest,antisémitisme,haine_implicite,hardcase,antisemitisme,0.7,,716,1,,2026-08-23T15:07:41
rxa_0529,mistral,mistral-large-latest,racisme,ambigu,generation_originale,xenophobie,0.7,,47412,1,,2026-08-23T15:08:33
rxa_1151,mistral,mistral-large-latest,antisémitisme,haine_explicite,generation_originale,antisemitisme,0.98,,1268,1,,2026-08-23T15:08:38
rxa_1140,mistral,mistral-large-latest,antisémitisme,haine_explicite,transfert_racisme_antisemitisme,antisemitisme,0.98,,1066,1,,2026-08-23T15:08:44
rxa_1475,mistral,mistral-large-latest,racisme,ambigu,generation_complement,xenophobie,0.8,,584,1,,2026-08-23T15:08:49
rxa_0892,mistral,mistral-large-latest,xénophobie,haine_implicite,hardcase,xenophobie,0.9,,644,2,,2026-08-23T15:08:58
rxa_0796,mistral,mistral-large-latest,xénophobie,dog_whistle,generation_originale,xenophobie,0.95,,663,1,,2026-08-23T15:09:03
rxa_0724,mistral,mistral-large-latest,xénophobie,haine_implicite,generation_originale,xenophobie,0.85,,1830,1,,2026-08-23T15:09:09
rxa_0015,mistral,mistral-large-latest,racisme,exclusion,tri_manuel,xenophobie,0.9,,12602,1,,2026-08-23T15:09:26
rxa_1002,mistral,mistral-large-latest,antisémitisme,hostilite_religieuse,transfert_racisme_antisemitisme,antisemitisme,0.95,,844,5,,2026-08-23T15:10:09
rxa_0006,mistral,mistral-large-latest,racisme,hostilite_religieuse,tri_manuel,xenophobie,0.7,,3923,1,,2026-08-23T15:10:17
rxa_0932,mistral,mistral-large-latest,xénophobie,haine_implicite,hardcase,racisme,0.85,,5202,1,,2026-08-23T15:10:27
rxa_0385,mistral,mistral-large-latest,racisme,haine_explicite,tri_manuel,xenophobie,0.95,,608,1,,2026-08-23T15:10:32
rxa_0199,mistral,mistral-large-latest,xénophobie,exclusion,tri_manuel,xenophobie,0.95,,728,4,,2026-08-23T15:10:58
rxa_0299,mistral,mistral-large-latest,racisme,haine_explicite,tri_manuel,racisme,0.95,,843,1,,2026-08-23T15:11:03
rxa_1162,mistral,mistral-large-latest,antisémitisme,haine_explicite,generation_originale,antisemitisme,0.98,,619,1,,2026-08-23T15:11:08
rxa_0849,mistral,mistral-large-latest,xénophobie,dog_whistle,hardcase,antisemitisme,0.9,,566,1,,2026-08-23T15:11:13
rxa_0418,mistral,mistral-large-latest,racisme,haine_explicite,generation_originale,racisme,0.98,,2181,5,,2026-08-23T15:11:58
rxa_0812,mistral,mistral-large-latest,xénophobie,ambigu,generation_originale,xenophobie,0.7,,11089,1,,2026-08-23T15:12:13
rxa_0843,mistral,mistral-large-latest,xénophobie,sarcasme,hardcase,xenophobie,0.7,,710,1,,2026-08-23T15:12:18
rxa_1079,mistral,mistral-large-latest,antisémitisme,stereotype,transfert_racisme_antisemitisme,antisemitisme,0.95,,810,1,,2026-08-23T15:12:24
rxa_1230,mistral,mistral-large-latest,antisémitisme,haine_implicite,generation_originale,antisemitisme,0.8,,685,5,,2026-08-23T15:13:06
rxa_0632,mistral,mistral-large-latest,xénophobie,sarcasme,transfert_racisme_xenophobie,xenophobie,0.95,,1487,1,,2026-08-23T15:13:12
rxa_1429,mistral,mistral-large-latest,racisme,haine_implicite,generation_complement,racisme,0.85,,696,1,,2026-08-23T15:13:17
rxa_0276,mistral,mistral-large-latest,antisémitisme,haine_explicite,tri_manuel,antisemitisme,0.98,,582,1,,2026-08-23T15:13:22
rxa_1116,mistral,mistral-large-latest,antisémitisme,haine_explicite,transfert_racisme_antisemitisme,antisemitisme,0.95,,809,5,,2026-08-23T15:14:06
rxa_1221,mistral,mistral-large-latest,antisémitisme,haine_implicite,generation_originale,antisemitisme,0.7,,591,1,,2026-08-23T15:14:11
rxa_1492,mistral,mistral-large-latest,xénophobie,sarcasme,generation_complement,xenophobie,0.95,,1954,1,,2026-08-23T15:14:18
rxa_0390,mistral,mistral-large-latest,racisme,haine_explicite,tri_manuel,racisme,0.95,,785,1,,2026-08-23T15:14:23
rxa_0262,mistral,mistral-large-latest,racisme,stereotype,tri_manuel,racisme,0.95,,543,5,,2026-08-23T15:15:06
rxa_1424,mistral,mistral-large-latest,racisme,haine_explicite,generation_complement,racisme,0.98,,537,1,,2026-08-23T15:15:11
rxa_1333,mistral,mistral-large-latest,antisémitisme,dog_whistle,hardcase,antisemitisme,0.85,,2105,1,,2026-08-23T15:18:35
rxa_0964,mistral,mistral-large-latest,antisémitisme,hostilite_religieuse,transfert_racisme_antisemitisme,antisemitisme,0.95,,966,1,,2026-08-23T15:18:40
rxa_0031,mistral,mistral-large-latest,racisme,stereotype,tri_manuel,racisme,0.8,,794,1,,2026-08-23T15:18:45
rxa_1293,mistral,mistral-large-latest,antisémitisme,ambigu,generation_originale,antisemitisme,0.85,,654,1,,2026-08-23T15:18:50
rxa_0319,mistral,mistral-large-latest,racisme,haine_explicite,tri_manuel,xenophobie,0.95,,658,2,,2026-08-23T15:18:59
rxa_0736,mistral,mistral-large-latest,xénophobie,haine_implicite,generation_originale,xenophobie,0.85,,609,1,,2026-08-23T15:19:04
rxa_0206,mistral,mistral-large-latest,racisme,haine_explicite,tri_manuel,racisme,0.95,,539,1,,2026-08-23T15:19:09
rxa_0370,mistral,mistral-large-latest,racisme,haine_explicite,tri_manuel,racisme,0.98,,532,1,,2026-08-23T15:19:14
rxa_0120,mistral,mistral-large-latest,racisme,haine_implicite,tri_manuel,xenophobie,0.9,,12976,5,,2026-08-23T15:20:11
rxa_0115,mistral,mistral-large-latest,racisme,exclusion,tri_manuel,xenophobie,0.95,,541,1,,2026-08-23T15:20:16
rxa_0541,mistral,mistral-large-latest,xénophobie,haine_explicite,transfert_racisme_xenophobie,xenophobie,0.95,,797,1,,2026-08-23T15:20:21
rxa_0341,mistral,mistral-large-latest,antisémitisme,haine_explicite,tri_manuel,antisemitisme,0.98,,563,1,,2026-08-23T15:20:26
rxa_1453,mistral,mistral-large-latest,racisme,stereotype,generation_complement,racisme,0.95,,658,5,,2026-08-23T15:21:09
rxa_0521,mistral,mistral-large-latest,racisme,dog_whistle,generation_originale,xenophobie,0.8,,558,1,,2026-08-23T15:21:14
rxa_1154,mistral,mistral-large-latest,antisémitisme,haine_explicite,generation_originale,antisemitisme,0.98,,684,1,,2026-08-23T15:21:19
rxa_0441,mistral,mistral-large-latest,racisme,haine_explicite,generation_originale,racisme,0.95,,82828,1,,2026-08-23T15:22:47
rxa_1352,mistral,mistral-large-latest,antisémitisme,stereotype,hardcase,antisemitisme,0.85,,624,1,,2026-08-23T15:22:52
rxa_1125,mistral,mistral-large-latest,antisémitisme,haine_explicite,transfert_racisme_antisemitisme,antisemitisme,0.98,,624,1,,2026-08-23T15:22:57
rxa_0768,mistral,mistral-large-latest,xénophobie,stereotype,generation_originale,xenophobie,0.9,,864,1,,2026-08-23T15:23:02
rxa_1459,mistral,mistral-large-latest,racisme,sarcasme,generation_complement,xenophobie,0.9,,474,1,,2026-08-23T15:23:07
rxa_0154,mistral,mistral-large-latest,xénophobie,exclusion,tri_manuel,xenophobie,0.9,,569,1,,2026-08-23T15:23:12
rxa_0971,mistral,mistral-large-latest,antisémitisme,exclusion,transfert_racisme_antisemitisme,antisemitisme,0.9,,656,1,,2026-08-23T15:23:17
rxa_0075,mistral,mistral-large-latest,racisme,haine_implicite,tri_manuel,xenophobie,0.85,,933,5,,2026-08-23T15:24:02
rxa_0872,mistral,mistral-large-latest,xénophobie,ambigu,hardcase,xenophobie,0.9,,686,1,,2026-08-23T15:24:07
rxa_1331,mistral,mistral-large-latest,antisémitisme,haine_implicite,hardcase,antisemitisme,0.85,,724,1,,2026-08-23T15:24:12
rxa_0839,mistral,mistral-large-latest,xénophobie,sarcasme,hardcase,xenophobie,0.7,,659,1,,2026-08-23T15:24:17
rxa_0502,mistral,mistral-large-latest,racisme,sarcasme,generation_originale,racisme,0.9,,631,5,,2026-08-23T15:25:01
rxa_1029,mistral,mistral-large-latest,antisémitisme,exclusion,transfert_racisme_antisemitisme,antisemitisme,0.95,,622,1,,2026-08-23T15:25:06
rxa_1011,mistral,mistral-large-latest,antisémitisme,hostilite_religieuse,transfert_racisme_antisemitisme,antisemitisme,0.95,,8443,1,,2026-08-23T15:25:19
rxa_1458,mistral,mistral-large-latest,racisme,sarcasme,generation_complement,racisme,0.9,,597,1,,2026-08-23T15:25:24
rxa_0895,mistral,mistral-large-latest,xénophobie,haine_implicite,hardcase,xenophobie,0.9,,545,5,,2026-08-23T15:26:07
rxa_0649,mistral,mistral-large-latest,xénophobie,dog_whistle,transfert_racisme_xenophobie,racisme,0.95,,557,1,,2026-08-23T15:26:12
rxa_0876,mistral,mistral-large-latest,xénophobie,haine_implicite,hardcase,xenophobie,0.7,,598,1,,2026-08-23T15:26:17
rxa_0634,mistral,mistral-large-latest,xénophobie,sarcasme,transfert_racisme_xenophobie,racisme,0.9,,1143,1,,2026-08-23T15:26:22
rxa_0743,mistral,mistral-large-latest,xénophobie,haine_implicite,generation_originale,xenophobie,0.7,,718,5,,2026-08-23T15:27:06
rxa_0953,mistral,mistral-large-latest,xénophobie,exclusion,hardcase,xenophobie,0.85,,569,1,,2026-08-23T15:27:11
rxa_1190,mistral,mistral-large-latest,antisémitisme,haine_explicite,generation_originale,antisemitisme,0.95,,696,1,,2026-08-23T15:27:16
rxa_0823,mistral,mistral-large-latest,xénophobie,ambigu,hardcase,xenophobie,0.95,,645,1,,2026-08-23T15:27:21
rxa_0802,mistral,mistral-large-latest,xénophobie,dog_whistle,generation_originale,xenophobie,0.95,,765,5,,2026-08-23T15:28:05
rxa_1171,mistral,mistral-large-latest,antisémitisme,haine_explicite,generation_originale,antisemitisme,0.95,,673,1,,2026-08-23T15:28:10
rxa_0334,mistral,mistral-large-latest,racisme,haine_explicite,tri_manuel,xenophobie,0.7,,901,1,,2026-08-23T15:28:15
rxa_0201,mistral,mistral-large-latest,antisémitisme,haine_explicite,tri_manuel,antisemitisme,0.98,,664,1,,2026-08-23T15:28:20
rxa_1207,mistral,mistral-large-latest,antisémitisme,haine_implicite,generation_originale,antisemitisme,0.8,,888,5,,2026-08-23T15:29:05
rxa_1196,mistral,mistral-large-latest,antisémitisme,haine_implicite,generation_originale,antisemitisme,0.9,,649,1,,2026-08-23T15:29:10
rxa_0107,mistral,mistral-large-latest,racisme,exclusion,tri_manuel,xenophobie,0.95,,579,1,,2026-08-23T15:29:15
rxa_0508,mistral,mistral-large-latest,racisme,sarcasme,generation_originale,xenophobie,0.7,,1072,1,,2026-08-23T15:29:20
rxa_1309,mistral,mistral-large-latest,antisémitisme,haine_implicite,hardcase,antisemitisme,0.7,,596,5,,2026-08-23T15:30:03
rxa_0221,mistral,mistral-large-latest,antisémitisme,ambigu,tri_manuel,antisemitisme,0.95,,603,1,,2026-08-23T15:30:08
rxa_0169,mistral,mistral-large-latest,racisme,haine_explicite,tri_manuel,racisme,0.98,,910,1,,2026-08-23T15:30:13
rxa_1480,mistral,mistral-large-latest,racisme,ambigu,generation_complement,xenophobie,0.7,,585,1,,2026-08-23T15:30:18
rxa_0531,mistral,mistral-large-latest,racisme,ambigu,generation_originale,racisme,0.6,,898,5,,2026-08-23T15:31:02
rxa_1059,mistral,mistral-large-latest,antisémitisme,hostilite_religieuse,transfert_racisme_antisemitisme,antisemitisme,0.95,,610,1,,2026-08-23T15:31:08
rxa_0818,mistral,mistral-large-latest,xénophobie,ambigu,generation_originale,xenophobie,0.8,,771,1,,2026-08-23T15:31:13
rxa_0753,mistral,mistral-large-latest,xénophobie,haine_implicite,generation_originale,xenophobie,0.7,,521,1,,2026-08-23T15:31:18
rxa_0996,mistral,mistral-large-latest,antisémitisme,complotisme,transfert_racisme_antisemitisme,antisemitisme,0.98,,767,5,,2026-08-23T15:32:02
rxa_0504,mistral,mistral-large-latest,racisme,sarcasme,generation_originale,xenophobie,0.85,,692,1,,2026-08-23T15:32:07
rxa_0119,mistral,mistral-large-latest,racisme,stereotype,tri_manuel,xenophobie,0.9,,649,1,,2026-08-23T15:32:12
rxa_0072,mistral,mistral-large-latest,racisme,stereotype,tri_manuel,racisme,0.95,,616,1,,2026-08-23T15:32:17
rxa_0330,mistral,mistral-large-latest,xénophobie,exclusion,tri_manuel,xenophobie,0.95,,651,5,,2026-08-23T15:33:00
rxa_0980,mistral,mistral-large-latest,antisémitisme,hostilite_religieuse,transfert_racisme_antisemitisme,antisemitisme,0.95,,755,1,,2026-08-23T15:33:06
rxa_0291,mistral,mistral-large-latest,xénophobie,haine_implicite,tri_manuel,xenophobie,0.95,,619,1,,2026-08-23T15:33:11
rxa_1290,mistral,mistral-large-latest,antisémitisme,ambigu,generation_originale,antisemitisme,0.7,,932,1,,2026-08-23T15:33:16
rxa_0196,mistral,mistral-large-latest,xénophobie,dog_whistle,tri_manuel,xenophobie,0.95,,660,5,,2026-08-23T15:34:00
rxa_0033,mistral,mistral-large-latest,racisme,hostilite_religieuse,tri_manuel,xenophobie,0.85,,679,1,,2026-08-23T15:34:05
rxa_0679,mistral,mistral-large-latest,xénophobie,haine_explicite,generation_originale,xenophobie,0.95,,590,1,,2026-08-23T15:34:10
rxa_0826,mistral,mistral-large-latest,xénophobie,ambigu,hardcase,xenophobie,0.6,,1405,1,,2026-08-23T15:34:16
rxa_0606,mistral,mistral-large-latest,xénophobie,exclusion,transfert_racisme_xenophobie,xenophobie,0.95,,6215,5,,2026-08-23T15:35:05
rxa_1361,mistral,mistral-large-latest,antisémitisme,haine_implicite,hardcase,antisemitisme,0.85,,673,1,,2026-08-23T15:35:10
rxa_0865,mistral,mistral-large-latest,xénophobie,exclusion,hardcase,xenophobie,0.85,,771,1,,2026-08-23T15:35:15
rxa_1430,mistral,mistral-large-latest,racisme,haine_implicite,generation_complement,racisme,0.95,,603,1,,2026-08-23T15:35:20
rxa_1478,mistral,mistral-large-latest,racisme,ambigu,generation_complement,xenophobie,0.6,,764,5,,2026-08-23T15:36:04
rxa_0630,mistral,mistral-large-latest,xénophobie,sarcasme,transfert_racisme_xenophobie,xenophobie,0.85,,775,1,,2026-08-23T15:36:09
rxa_1033,mistral,mistral-large-latest,antisémitisme,haine_explicite,transfert_racisme_antisemitisme,antisemitisme,0.98,,612,1,,2026-08-23T15:36:14
rxa_1206,mistral,mistral-large-latest,antisémitisme,haine_implicite,generation_originale,antisemitisme,0.85,,1339,1,,2026-08-23T15:36:20
rxa_0208,mistral,mistral-large-latest,racisme,haine_explicite,tri_manuel,racisme,0.95,,620,5,,2026-08-23T15:37:03
rxa_0512,mistral,mistral-large-latest,racisme,dog_whistle,generation_originale,xenophobie,0.95,,610,1,,2026-08-23T15:37:08
rxa_0759,mistral,mistral-large-latest,xénophobie,stereotype,generation_originale,xenophobie,0.95,,576,1,,2026-08-23T15:37:13
rxa_0668,mistral,mistral-large-latest,xénophobie,ambigu,transfert_racisme_xenophobie,xenophobie,0.7,,4233,1,,2026-08-23T15:37:21
rxa_0540,mistral,mistral-large-latest,xénophobie,haine_explicite,transfert_racisme_xenophobie,xenophobie,0.95,,682,5,,2026-08-23T15:38:06
rxa_1412,mistral,mistral-large-latest,antisémitisme,ambigu,hardcase,antisemitisme,0.8,,632,1,,2026-08-23T15:38:11
rxa_0957,mistral,mistral-large-latest,antisémitisme,stereotype,transfert_racisme_antisemitisme,antisemitisme,0.98,,896,1,,2026-08-23T15:38:16
rxa_0240,mistral,mistral-large-latest,antisémitisme,complotisme,tri_manuel,antisemitisme,0.98,,619,1,,2026-08-23T15:38:21
rxa_0121,mistral,mistral-large-latest,racisme,hostilite_religieuse,tri_manuel,racisme,0.85,,598,5,,2026-08-23T15:39:06
rxa_0837,mistral,mistral-large-latest,xénophobie,sarcasme,hardcase,xenophobie,0.9,,564,1,,2026-08-23T15:39:11
rxa_0074,mistral,mistral-large-latest,racisme,stereotype,tri_manuel,racisme,0.95,,591,1,,2026-08-23T15:39:16
rxa_0592,mistral,mistral-large-latest,xénophobie,haine_implicite,transfert_racisme_xenophobie,xenophobie,0.95,,782,1,,2026-08-23T15:39:21
rxa_1479,mistral,mistral-large-latest,racisme,ambigu,generation_complement,xenophobie,0.7,,574,5,,2026-08-23T15:40:04
rxa_1184,mistral,mistral-large-latest,antisémitisme,haine_explicite,generation_originale,antisemitisme,0.98,,595,1,,2026-08-23T15:40:09
rxa_0569,mistral,mistral-large-latest,xénophobie,haine_implicite,transfert_racisme_xenophobie,xenophobie,0.85,,648,1,,2026-08-23T15:40:14
rxa_0274,mistral,mistral-large-latest,racisme,haine_explicite,tri_manuel,racisme,0.95,,586,1,,2026-08-23T15:40:19
rxa_0353,mistral,mistral-large-latest,racisme,haine_explicite,tri_manuel,racisme,0.95,,641,5,,2026-08-23T15:41:03
rxa_1415,mistral,mistral-large-latest,antisémitisme,stereotype,hardcase,antisemitisme,0.9,,2044,1,,2026-08-23T15:41:10
rxa_0613,mistral,mistral-large-latest,xénophobie,exclusion,transfert_racisme_xenophobie,xenophobie,0.95,,1223,1,,2026-08-23T15:41:15
rxa_0402,mistral,mistral-large-latest,antisémitisme,haine_explicite,tri_manuel,antisemitisme,0.95,,743,1,,2026-08-23T15:41:21
rxa_0071,mistral,mistral-large-latest,racisme,haine_explicite,tri_manuel,racisme,0.95,,1149,5,,2026-08-23T15:42:05
rxa_0104,mistral,mistral-large-latest,racisme,haine_explicite,tri_manuel,xenophobie,0.9,,1997,1,,2026-08-23T15:42:11
rxa_0589,mistral,mistral-large-latest,xénophobie,haine_implicite,transfert_racisme_xenophobie,xenophobie,0.85,,655,1,,2026-08-23T15:42:16
rxa_1300,mistral,mistral-large-latest,antisémitisme,ambigu,hardcase,antisemitisme,0.85,,638,1,,2026-08-23T15:42:21
rxa_1451,mistral,mistral-large-latest,racisme,stereotype,generation_complement,racisme,0.95,,3922,5,,2026-08-23T15:43:08
rxa_0454,mistral,mistral-large-latest,racisme,haine_implicite,generation_originale,xenophobie,0.85,,574,1,,2026-08-23T15:43:13
rxa_0256,mistral,mistral-large-latest,racisme,haine_explicite,tri_manuel,racisme,0.95,,875,1,,2026-08-23T15:43:18
rxa_0937,mistral,mistral-large-latest,xénophobie,haine_implicite,hardcase,xenophobie,0.9,,27351,1,,2026-08-23T15:43:50
rxa_1302,mistral,mistral-large-latest,antisémitisme,sarcasme,hardcase,antisemitisme,0.95,,564,2,,2026-08-23T15:43:59
rxa_0646,mistral,mistral-large-latest,xénophobie,dog_whistle,transfert_racisme_xenophobie,xenophobie,0.95,,551,1,,2026-08-23T15:44:04
rxa_0506,mistral,mistral-large-latest,racisme,sarcasme,generation_originale,racisme,0.8,,876,1,,2026-08-23T15:44:10
rxa_0092,mistral,mistral-large-latest,xénophobie,haine_implicite,tri_manuel,xenophobie,0.95,,580,1,,2026-08-23T15:44:15
rxa_1227,mistral,mistral-large-latest,antisémitisme,haine_implicite,generation_originale,antisemitisme,0.85,,888,5,,2026-08-23T15:45:00
rxa_0771,mistral,mistral-large-latest,xénophobie,stereotype,generation_originale,xenophobie,0.95,,558,1,,2026-08-23T15:45:05
rxa_1346,mistral,mistral-large-latest,antisémitisme,haine_implicite,hardcase,antisemitisme,0.8,,821,1,,2026-08-23T15:45:10
rxa_0004,mistral,mistral-large-latest,racisme,stereotype,tri_manuel,xenophobie,0.85,,548,1,,2026-08-23T15:45:15
rxa_0164,mistral,mistral-large-latest,xénophobie,exclusion,tri_manuel,xenophobie,0.98,,590,5,,2026-08-23T15:45:59
rxa_0445,mistral,mistral-large-latest,racisme,haine_explicite,generation_originale,xenophobie,0.95,,637,1,,2026-08-23T15:46:04
rxa_0756,mistral,mistral-large-latest,xénophobie,stereotype,generation_originale,xenophobie,0.95,,694,1,,2026-08-23T15:46:09
rxa_0740,mistral,mistral-large-latest,xénophobie,haine_implicite,generation_originale,xenophobie,0.9,,632,1,,2026-08-23T15:46:14
rxa_0382,mistral,mistral-large-latest,racisme,haine_explicite,tri_manuel,racisme,0.95,,736,5,,2026-08-23T15:46:58
rxa_0022,mistral,mistral-large-latest,racisme,stereotype,tri_manuel,racisme,0.9,,628,1,,2026-08-23T15:47:03
rxa_0571,mistral,mistral-large-latest,xénophobie,haine_implicite,transfert_racisme_xenophobie,xenophobie,0.85,,606,1,,2026-08-23T15:47:08
rxa_1035,mistral,mistral-large-latest,antisémitisme,haine_implicite,transfert_racisme_antisemitisme,antisemitisme,0.95,,611,1,,2026-08-23T15:47:13
rxa_0939,mistral,mistral-large-latest,xénophobie,haine_implicite,hardcase,xenophobie,0.9,,12192,5,,2026-08-23T15:48:08
rxa_1328,mistral,mistral-large-latest,antisémitisme,haine_implicite,hardcase,racisme,0.7,,752,1,,2026-08-23T15:48:13
rxa_0906,mistral,mistral-large-latest,xénophobie,dog_whistle,hardcase,xenophobie,0.9,,847,1,,2026-08-23T15:48:18
rxa_1457,mistral,mistral-large-latest,racisme,sarcasme,generation_complement,xenophobie,0.85,,1022,1,,2026-08-23T15:48:24
rxa_0062,mistral,mistral-large-latest,racisme,stereotype,tri_manuel,racisme,0.9,,9364,5,,2026-08-23T15:49:16
rxa_0635,mistral,mistral-large-latest,xénophobie,sarcasme,transfert_racisme_xenophobie,xenophobie,0.95,,594,1,,2026-08-23T15:49:21
rxa_0255,mistral,mistral-large-latest,xénophobie,haine_explicite,tri_manuel,xenophobie,0.95,,663,1,,2026-08-23T15:49:26
rxa_0194,mistral,mistral-large-latest,xénophobie,haine_explicite,tri_manuel,racisme,0.95,,534,1,,2026-08-23T15:49:31
rxa_1178,mistral,mistral-large-latest,antisémitisme,haine_explicite,generation_originale,antisemitisme,0.95,,587,5,,2026-08-23T15:50:14
rxa_0913,mistral,mistral-large-latest,xénophobie,ambigu,hardcase,xenophobie,0.8,,856,1,,2026-08-23T15:50:19
rxa_0409,mistral,mistral-large-latest,xénophobie,dog_whistle,tri_manuel,xenophobie,0.95,,535,1,,2026-08-23T15:50:24
rxa_0044,mistral,mistral-large-latest,racisme,stereotype,tri_manuel,xenophobie,0.9,,12750,1,,2026-08-23T15:50:41
rxa_0163,mistral,mistral-large-latest,xénophobie,exclusion,tri_manuel,xenophobie,0.95,,672,4,,2026-08-23T15:51:06
rxa_0623,mistral,mistral-large-latest,xénophobie,sarcasme,transfert_racisme_xenophobie,xenophobie,0.95,,685,1,,2026-08-23T15:51:11
rxa_1376,mistral,mistral-large-latest,antisémitisme,sarcasme,hardcase,antisemitisme,0.9,,530,1,,2026-08-23T15:51:16
rxa_0731,mistral,mistral-large-latest,xénophobie,haine_implicite,generation_originale,xenophobie,0.95,,554,1,,2026-08-23T15:51:21
rxa_0417,mistral,mistral-large-latest,racisme,haine_explicite,generation_originale,xenophobie,0.95,,1775,5,,2026-08-23T15:52:07
rxa_0725,mistral,mistral-large-latest,xénophobie,haine_implicite,generation_originale,xenophobie,0.85,,582,1,,2026-08-23T15:52:12
rxa_0782,mistral,mistral-large-latest,xénophobie,sarcasme,generation_originale,xenophobie,0.95,,558,1,,2026-08-23T15:52:17
rxa_0056,mistral,mistral-large-latest,racisme,exclusion,tri_manuel,xenophobie,0.95,,583,1,,2026-08-23T15:52:22
rxa_1406,mistral,mistral-large-latest,antisémitisme,sarcasme,hardcase,antisemitisme,0.85,,1620,5,,2026-08-23T15:53:07
rxa_1073,mistral,mistral-large-latest,antisémitisme,hostilite_religieuse,transfert_racisme_antisemitisme,antisemitisme,0.95,,592,1,,2026-08-23T15:53:12
rxa_0754,mistral,mistral-large-latest,xénophobie,haine_implicite,generation_originale,xenophobie,0.95,,535,1,,2026-08-23T15:53:17
rxa_0817,mistral,mistral-large-latest,xénophobie,ambigu,generation_originale,xenophobie,0.8,,672,1,,2026-08-23T15:53:22
rxa_0857,mistral,mistral-large-latest,xénophobie,exclusion,hardcase,xenophobie,0.7,,616,5,,2026-08-23T15:54:05
rxa_0959,mistral,mistral-large-latest,antisémitisme,stereotype,transfert_racisme_antisemitisme,antisemitisme,0.95,,652,1,,2026-08-23T15:54:11
rxa_0912,mistral,mistral-large-latest,xénophobie,haine_implicite,hardcase,xenophobie,0.8,,567,1,,2026-08-23T15:54:16
rxa_0800,mistral,mistral-large-latest,xénophobie,dog_whistle,generation_originale,xenophobie,0.9,,18263,1,,2026-08-23T15:54:38
rxa_0288,mistral,mistral-large-latest,antisémitisme,haine_explicite,tri_manuel,antisemitisme,0.95,,550,4,,2026-08-23T15:55:03
rxa_1278,mistral,mistral-large-latest,antisémitisme,dog_whistle,generation_originale,antisemitisme,0.85,,671,1,,2026-08-23T15:55:08
rxa_0225,mistral,mistral-large-latest,racisme,haine_explicite,tri_manuel,racisme,0.95,,531,1,,2026-08-23T15:55:13
rxa_1103,mistral,mistral-large-latest,antisémitisme,ambigu,transfert_racisme_antisemitisme,antisemitisme,0.95,,631,1,,2026-08-23T15:55:18
rxa_0942,mistral,mistral-large-latest,xénophobie,dog_whistle,hardcase,xenophobie,0.9,,607,5,,2026-08-23T15:56:01
rxa_1192,mistral,mistral-large-latest,antisémitisme,haine_implicite,generation_originale,racisme,0.85,,706,1,,2026-08-23T15:56:06
rxa_0090,mistral,mistral-large-latest,xénophobie,dog_whistle,tri_manuel,xenophobie,0.95,,645,1,,2026-08-23T15:56:11
rxa_0989,mistral,mistral-large-latest,antisémitisme,stereotype,transfert_racisme_antisemitisme,antisemitisme,0.98,,12599,1,,2026-08-23T15:56:28
rxa_1351,mistral,mistral-large-latest,antisémitisme,sarcasme,hardcase,xenophobie,0.7,,670,5,,2026-08-23T15:57:12
rxa_1068,mistral,mistral-large-latest,antisémitisme,complotisme,transfert_racisme_antisemitisme,antisemitisme,0.95,,9945,1,,2026-08-23T15:57:27
rxa_0040,mistral,mistral-large-latest,racisme,stereotype,tri_manuel,racisme,0.9,,1489,1,,2026-08-23T15:57:33
rxa_0811,mistral,mistral-large-latest,xénophobie,ambigu,generation_originale,xenophobie,0.6,,13139,1,,2026-08-23T15:57:50
rxa_0386,mistral,mistral-large-latest,antisémitisme,haine_explicite,tri_manuel,antisemitisme,0.98,,606,2,,2026-08-23T15:58:00
rxa_0870,mistral,mistral-large-latest,xénophobie,exclusion,hardcase,xenophobie,0.9,,724,1,,2026-08-23T15:58:05
rxa_1498,mistral,mistral-large-latest,xénophobie,ambigu,generation_complement,xenophobie,0.8,,574,1,,2026-08-23T15:58:10
rxa_0114,mistral,mistral-large-latest,racisme,exclusion,tri_manuel,xenophobie,0.9,,611,1,,2026-08-23T15:58:15
rxa_1340,mistral,mistral-large-latest,antisémitisme,haine_implicite,hardcase,antisemitisme,0.8,,1229,5,,2026-08-23T15:58:59
rxa_0945,mistral,mistral-large-latest,xénophobie,haine_implicite,hardcase,xenophobie,0.7,,33684,1,,2026-08-23T15:59:37
rxa_1311,mistral,mistral-large-latest,antisémitisme,stereotype,hardcase,antisemitisme,0.85,,14870,1,,2026-08-23T15:59:56
rxa_1027,mistral,mistral-large-latest,antisémitisme,exclusion,transfert_racisme_antisemitisme,antisemitisme,0.95,,9192,1,,2026-08-23T16:00:10
rxa_1204,mistral,mistral-large-latest,antisémitisme,haine_implicite,generation_originale,antisemitisme,0.85,,1259,1,,2026-08-23T16:00:16
rxa_0486,mistral,mistral-large-latest,racisme,stereotype,generation_originale,racisme,0.95,,2242,1,,2026-08-23T16:00:22
rxa_0590,mistral,mistral-large-latest,xénophobie,haine_implicite,transfert_racisme_xenophobie,xenophobie,0.95,,641,5,,2026-08-23T16:01:06
rxa_0824,mistral,mistral-large-latest,xénophobie,haine_implicite,hardcase,xenophobie,0.7,,7744,1,,2026-08-23T16:01:18
rxa_0204,mistral,mistral-large-latest,racisme,haine_explicite,tri_manuel,racisme,0.95,,10729,1,,2026-08-23T16:01:33
rxa_0729,mistral,mistral-large-latest,xénophobie,haine_implicite,generation_originale,xenophobie,0.7,,713,1,,2026-08-23T16:01:38
rxa_1349,mistral,mistral-large-latest,antisémitisme,dog_whistle,hardcase,antisemitisme,0.95,,671,4,,2026-08-23T16:02:03
rxa_1423,mistral,mistral-large-latest,racisme,haine_explicite,generation_complement,xenophobie,0.95,,1067,1,,2026-08-23T16:02:09
rxa_1266,mistral,mistral-large-latest,antisémitisme,sarcasme,generation_originale,racisme,0.7,,711,1,,2026-08-23T16:02:14
rxa_0496,mistral,mistral-large-latest,racisme,stereotype,generation_originale,racisme,0.95,,614,1,,2026-08-23T16:02:19
rxa_0909,mistral,mistral-large-latest,xénophobie,dog_whistle,hardcase,antisemitisme,0.7,,1100,5,,2026-08-23T16:03:03
rxa_0747,mistral,mistral-large-latest,xénophobie,haine_implicite,generation_originale,xenophobie,0.7,,668,1,,2026-08-23T16:03:08
rxa_0526,mistral,mistral-large-latest,racisme,ambigu,generation_originale,xenophobie,0.9,,573,1,,2026-08-23T16:03:13
rxa_0854,mistral,mistral-large-latest,xénophobie,dog_whistle,hardcase,xenophobie,0.85,,661,1,,2026-08-23T16:03:18
rxa_0774,mistral,mistral-large-latest,xénophobie,stereotype,generation_originale,xenophobie,0.95,,702,5,,2026-08-23T16:04:02
rxa_1145,mistral,mistral-large-latest,antisémitisme,haine_explicite,transfert_racisme_antisemitisme,antisemitisme,0.98,,626,1,,2026-08-23T16:04:07
rxa_0975,mistral,mistral-large-latest,antisémitisme,complotisme,transfert_racisme_antisemitisme,antisemitisme,0.95,,616,1,,2026-08-23T16:04:12
rxa_0176,mistral,mistral-large-latest,xénophobie,haine_explicite,tri_manuel,xenophobie,0.95,,19302,1,,2026-08-23T16:04:36
rxa_1225,mistral,mistral-large-latest,antisémitisme,haine_implicite,generation_originale,antisemitisme,0.8,,576,4,,2026-08-23T16:05:02
rxa_0685,mistral,mistral-large-latest,xénophobie,haine_explicite,generation_originale,xenophobie,0.95,,9805,1,,2026-08-23T16:05:16
rxa_1205,mistral,mistral-large-latest,antisémitisme,haine_implicite,generation_originale,antisemitisme,0.85,,554,1,,2026-08-23T16:05:21
rxa_0579,mistral,mistral-large-latest,xénophobie,haine_implicite,transfert_racisme_xenophobie,xenophobie,0.95,,1131,1,,2026-08-23T16:05:26
rxa_1489,mistral,mistral-large-latest,xénophobie,haine_implicite,generation_complement,xenophobie,0.95,,1077,5,,2026-08-23T16:06:10
rxa_0916,mistral,mistral-large-latest,xénophobie,sarcasme,hardcase,xenophobie,0.95,,8363,1,,2026-08-23T16:06:23
rxa_1241,mistral,mistral-large-latest,antisémitisme,stereotype,generation_originale,antisemitisme,0.85,,601,1,,2026-08-23T16:06:28
rxa_0159,mistral,mistral-large-latest,xénophobie,exclusion,tri_manuel,xenophobie,0.9,,553,1,,2026-08-23T16:06:33
rxa_1380,mistral,mistral-large-latest,antisémitisme,haine_implicite,hardcase,antisemitisme,0.85,,639,4,,2026-08-23T16:06:59
rxa_0929,mistral,mistral-large-latest,xénophobie,exclusion,hardcase,xenophobie,0.9,,642,1,,2026-08-23T16:07:04
rxa_0050,mistral,mistral-large-latest,racisme,stereotype,tri_manuel,xenophobie,0.85,,1223,1,,2026-08-23T16:07:10
rxa_1455,mistral,mistral-large-latest,racisme,sarcasme,generation_complement,xenophobie,0.9,,545,1,,2026-08-23T16:07:15
rxa_0373,mistral,mistral-large-latest,racisme,haine_explicite,tri_manuel,racisme,0.95,,34629,5,,2026-08-23T16:08:32
rxa_0405,mistral,mistral-large-latest,racisme,haine_explicite,tri_manuel,racisme,0.95,,635,1,,2026-08-23T16:08:37
rxa_0008,mistral,mistral-large-latest,racisme,hostilite_religieuse,tri_manuel,xenophobie,0.8,,1199,1,,2026-08-23T16:08:43
rxa_0702,mistral,mistral-large-latest,xénophobie,haine_explicite,generation_originale,xenophobie,0.95,,732,1,,2026-08-23T16:08:48
rxa_0384,mistral,mistral-large-latest,racisme,haine_explicite,tri_manuel,racisme,0.95,,1093,2,,2026-08-23T16:08:58
rxa_1428,mistral,mistral-large-latest,racisme,haine_explicite,generation_complement,xenophobie,0.95,,622,1,,2026-08-23T16:09:03
rxa_0298,mistral,mistral-large-latest,racisme,haine_explicite,tri_manuel,racisme,0.95,,608,1,,2026-08-23T16:09:08
rxa_0877,mistral,mistral-large-latest,xénophobie,haine_implicite,hardcase,xenophobie,0.9,,19758,1,,2026-08-23T16:09:32
rxa_0710,mistral,mistral-large-latest,xénophobie,haine_explicite,generation_originale,xenophobie,0.95,,2195,4,,2026-08-23T16:09:58
rxa_0572,mistral,mistral-large-latest,xénophobie,haine_implicite,transfert_racisme_xenophobie,xenophobie,0.9,,591,1,,2026-08-23T16:10:03
rxa_0801,mistral,mistral-large-latest,xénophobie,dog_whistle,generation_originale,xenophobie,0.8,,590,1,,2026-08-23T16:10:08
rxa_0620,mistral,mistral-large-latest,xénophobie,sarcasme,transfert_racisme_xenophobie,xenophobie,0.95,,616,1,,2026-08-23T16:10:13
rxa_0901,mistral,mistral-large-latest,xénophobie,dog_whistle,hardcase,xenophobie,0.85,,20654,6,,2026-08-23T16:11:50
rxa_1017,mistral,mistral-large-latest,antisémitisme,stereotype,transfert_racisme_antisemitisme,antisemitisme,1.0,,581,1,,2026-08-23T16:11:55
rxa_0228,mistral,mistral-large-latest,antisémitisme,haine_explicite,tri_manuel,antisemitisme,0.98,,806,1,,2026-08-23T16:12:00
rxa_0853,mistral,mistral-large-latest,xénophobie,dog_whistle,hardcase,xenophobie,0.85,,673,1,,2026-08-23T16:12:05
rxa_1246,mistral,mistral-large-latest,antisémitisme,stereotype,generation_originale,antisemitisme,0.85,,890,1,,2026-08-23T16:12:11
rxa_0794,mistral,mistral-large-latest,xénophobie,sarcasme,generation_originale,xenophobie,0.7,,27911,1,,2026-08-23T16:12:43
rxa_1493,mistral,mistral-large-latest,xénophobie,dog_whistle,generation_complement,xenophobie,0.95,,3732,3,,2026-08-23T16:13:01
rxa_0216,mistral,mistral-large-latest,xénophobie,complotisme,tri_manuel,xenophobie,0.9,,594,1,,2026-08-23T16:13:06
rxa_0791,mistral,mistral-large-latest,xénophobie,sarcasme,generation_originale,xenophobie,0.9,,580,1,,2026-08-23T16:13:11
rxa_0605,mistral,mistral-large-latest,xénophobie,exclusion,transfert_racisme_xenophobie,xenophobie,0.9,,670,1,,2026-08-23T16:13:16
rxa_0924,mistral,mistral-large-latest,xénophobie,sarcasme,hardcase,racisme,0.9,,637,5,,2026-08-23T16:14:00
rxa_1088,mistral,mistral-large-latest,antisémitisme,haine_explicite,transfert_racisme_antisemitisme,antisemitisme,0.98,,568,1,,2026-08-23T16:14:05
rxa_0976,mistral,mistral-large-latest,antisémitisme,complotisme,transfert_racisme_antisemitisme,antisemitisme,0.95,,1011,1,,2026-08-23T16:14:11
rxa_0532,mistral,mistral-large-latest,racisme,ambigu,generation_originale,antisemitisme,0.7,,626,1,,2026-08-23T16:14:16
rxa_0155,mistral,mistral-large-latest,racisme,stereotype,tri_manuel,racisme,0.95,,41936,5,,2026-08-23T16:15:40
rxa_1392,mistral,mistral-large-latest,antisémitisme,haine_implicite,hardcase,antisemitisme,0.9,,656,1,,2026-08-23T16:15:45
rxa_0990,mistral,mistral-large-latest,antisémitisme,stereotype,transfert_racisme_antisemitisme,antisemitisme,0.95,,1184,1,,2026-08-23T16:15:50
rxa_0271,mistral,mistral-large-latest,antisémitisme,ambigu,tri_manuel,antisemitisme,0.95,,1203,1,,2026-08-23T16:15:56
rxa_1329,mistral,mistral-large-latest,antisémitisme,sarcasme,hardcase,antisemitisme,0.85,,28392,1,,2026-08-23T16:16:29
rxa_1358,mistral,mistral-large-latest,antisémitisme,sarcasme,hardcase,xenophobie,0.85,,13171,1,,2026-08-23T16:16:46
rxa_1486,mistral,mistral-large-latest,xénophobie,haine_implicite,generation_complement,xenophobie,0.95,,25362,1,,2026-08-23T16:17:16
rxa_0303,mistral,mistral-large-latest,racisme,stereotype,tri_manuel,racisme,0.95,,525,1,,2026-08-23T16:17:21
rxa_0925,mistral,mistral-large-latest,xénophobie,ambigu,hardcase,xenophobie,0.85,,667,1,,2026-08-23T16:17:26
rxa_0183,mistral,mistral-large-latest,racisme,stereotype,tri_manuel,racisme,0.95,,1309,1,,2026-08-23T16:17:32
rxa_0652,mistral,mistral-large-latest,xénophobie,dog_whistle,transfert_racisme_xenophobie,xenophobie,0.85,,589,1,,2026-08-23T16:17:37
rxa_0464,mistral,mistral-large-latest,racisme,haine_implicite,generation_originale,xenophobie,0.8,,845,4,,2026-08-23T16:18:03
rxa_0478,mistral,mistral-large-latest,racisme,haine_implicite,generation_originale,xenophobie,0.7,,614,1,,2026-08-23T16:18:08
rxa_0424,mistral,mistral-large-latest,racisme,haine_explicite,generation_originale,racisme,0.98,,1053,1,,2026-08-23T16:18:13
rxa_0393,mistral,mistral-large-latest,racisme,haine_explicite,tri_manuel,racisme,0.95,,568,1,,2026-08-23T16:18:18
rxa_0714,mistral,mistral-large-latest,xénophobie,haine_explicite,generation_originale,xenophobie,0.95,,732,5,,2026-08-23T16:19:03
rxa_0577,mistral,mistral-large-latest,xénophobie,haine_implicite,transfert_racisme_xenophobie,xenophobie,0.9,,584,1,,2026-08-23T16:19:08
rxa_1269,mistral,mistral-large-latest,antisémitisme,sarcasme,generation_originale,antisemitisme,0.7,,530,1,,2026-08-23T16:19:13
rxa_0124,mistral,mistral-large-latest,racisme,stereotype,tri_manuel,xenophobie,0.9,,578,1,,2026-08-23T16:19:18
rxa_0272,mistral,mistral-large-latest,antisémitisme,haine_explicite,tri_manuel,antisemitisme,0.98,,630,5,,2026-08-23T16:20:01
rxa_0059,mistral,mistral-large-latest,racisme,stereotype,tri_manuel,racisme,0.95,,662,1,,2026-08-23T16:20:07
rxa_0934,mistral,mistral-large-latest,xénophobie,haine_implicite,hardcase,racisme,0.85,,544,1,,2026-08-23T16:20:12
rxa_1160,mistral,mistral-large-latest,antisémitisme,haine_explicite,generation_originale,antisemitisme,0.98,,549,1,,2026-08-23T16:20:16
rxa_0992,mistral,mistral-large-latest,antisémitisme,stereotype,transfert_racisme_antisemitisme,antisemitisme,0.95,,26522,5,,2026-08-23T16:21:27
rxa_0554,mistral,mistral-large-latest,xénophobie,haine_explicite,transfert_racisme_xenophobie,xenophobie,0.95,,656,1,,2026-08-23T16:21:32
rxa_0482,mistral,mistral-large-latest,racisme,stereotype,generation_originale,racisme,0.95,,574,1,,2026-08-23T16:21:37
rxa_1006,mistral,mistral-large-latest,antisémitisme,exclusion,transfert_racisme_antisemitisme,antisemitisme,0.98,,14471,1,,2026-08-23T16:21:56
rxa_0660,mistral,mistral-large-latest,xénophobie,ambigu,transfert_racisme_xenophobie,xenophobie,0.85,,898,1,,2026-08-23T16:22:01
rxa_0708,mistral,mistral-large-latest,xénophobie,haine_explicite,generation_originale,xenophobie,0.95,,630,1,,2026-08-23T16:22:06
rxa_0209,mistral,mistral-large-latest,racisme,haine_explicite,tri_manuel,racisme,0.95,,546,1,,2026-08-23T16:22:11
rxa_0576,mistral,mistral-large-latest,xénophobie,haine_implicite,transfert_racisme_xenophobie,xenophobie,0.7,,558,1,,2026-08-23T16:22:16
rxa_1149,mistral,mistral-large-latest,antisémitisme,haine_explicite,generation_originale,antisemitisme,0.98,,583,5,,2026-08-23T16:23:00
rxa_0903,mistral,mistral-large-latest,xénophobie,dog_whistle,hardcase,xenophobie,0.9,,646,1,,2026-08-23T16:23:05
rxa_1168,mistral,mistral-large-latest,antisémitisme,haine_explicite,generation_originale,antisemitisme,0.98,,662,1,,2026-08-23T16:23:10
rxa_0963,mistral,mistral-large-latest,antisémitisme,hostilite_religieuse,transfert_racisme_antisemitisme,antisemitisme,0.95,,18674,1,,2026-08-23T16:23:33
rxa_0832,mistral,mistral-large-latest,xénophobie,dog_whistle,hardcase,xenophobie,0.85,,632,4,,2026-08-23T16:23:59
rxa_0758,mistral,mistral-large-latest,xénophobie,stereotype,generation_originale,xenophobie,0.95,,33196,1,,2026-08-23T16:24:37
rxa_0644,mistral,mistral-large-latest,xénophobie,dog_whistle,transfert_racisme_xenophobie,xenophobie,0.95,,589,1,,2026-08-23T16:24:42
rxa_1082,mistral,mistral-large-latest,antisémitisme,stereotype,transfert_racisme_antisemitisme,antisemitisme,0.7,,46061,1,,2026-08-23T16:25:32
rxa_0650,mistral,mistral-large-latest,xénophobie,dog_whistle,transfert_racisme_xenophobie,xenophobie,0.85,,557,1,,2026-08-23T16:25:37
rxa_0046,mistral,mistral-large-latest,racisme,exclusion,tri_manuel,xenophobie,0.95,,911,1,,2026-08-23T16:25:43
rxa_0565,mistral,mistral-large-latest,xénophobie,haine_explicite,transfert_racisme_xenophobie,xenophobie,0.95,,557,1,,2026-08-23T16:25:48
rxa_1325,mistral,mistral-large-latest,antisémitisme,haine_implicite,hardcase,antisemitisme,0.85,,1080,2,,2026-08-23T16:25:58
rxa_0943,mistral,mistral-large-latest,xénophobie,haine_implicite,hardcase,racisme,0.8,,46149,1,,2026-08-23T16:26:48
rxa_0670,mistral,mistral-large-latest,xénophobie,ambigu,transfert_racisme_xenophobie,xenophobie,0.8,,647,1,,2026-08-23T16:26:53
rxa_0399,mistral,mistral-large-latest,racisme,haine_explicite,tri_manuel,racisme,0.95,,509,1,,2026-08-23T16:26:58
rxa_0712,mistral,mistral-large-latest,xénophobie,haine_explicite,generation_originale,xenophobie,0.95,,31974,1,,2026-08-23T16:27:35
rxa_1363,mistral,mistral-large-latest,antisémitisme,stereotype,hardcase,antisemitisme,0.85,,576,1,,2026-08-23T16:27:40
rxa_0887,mistral,mistral-large-latest,xénophobie,haine_implicite,hardcase,xenophobie,0.9,,46103,1,,2026-08-23T16:28:30
rxa_1286,mistral,mistral-large-latest,antisémitisme,dog_whistle,generation_originale,antisemitisme,0.9,,780,1,,2026-08-23T16:28:35
rxa_0813,mistral,mistral-large-latest,xénophobie,ambigu,generation_originale,xenophobie,0.7,,644,1,,2026-08-23T16:28:40
rxa_0412,mistral,mistral-large-latest,racisme,haine_explicite,generation_originale,xenophobie,0.95,,648,1,,2026-08-23T16:28:45
rxa_1294,mistral,mistral-large-latest,antisémitisme,ambigu,generation_originale,antisemitisme,0.7,,770,3,,2026-08-23T16:29:00
rxa_0188,mistral,mistral-large-latest,antisémitisme,haine_explicite,tri_manuel,antisemitisme,0.98,,851,1,,2026-08-23T16:29:05
rxa_0137,mistral,mistral-large-latest,racisme,sarcasme,tri_manuel,xenophobie,0.9,,18410,1,,2026-08-23T16:29:28
rxa_0616,mistral,mistral-large-latest,xénophobie,sarcasme,transfert_racisme_xenophobie,xenophobie,0.95,,607,1,,2026-08-23T16:29:33
rxa_1015,mistral,mistral-large-latest,antisémitisme,stereotype,transfert_racisme_antisemitisme,antisemitisme,0.98,,663,4,,2026-08-23T16:29:58
rxa_1176,mistral,mistral-large-latest,antisémitisme,haine_explicite,generation_originale,antisemitisme,0.95,,26979,1,,2026-08-23T16:30:30
rxa_0226,mistral,mistral-large-latest,racisme,haine_explicite,tri_manuel,racisme,0.95,,913,1,,2026-08-23T16:30:35
rxa_1476,mistral,mistral-large-latest,racisme,ambigu,generation_complement,xenophobie,0.6,,569,1,,2026-08-23T16:30:40
rxa_0265,mistral,mistral-large-latest,racisme,haine_explicite,tri_manuel,racisme,0.95,,731,4,,2026-08-23T16:31:05
rxa_0527,mistral,mistral-large-latest,racisme,ambigu,generation_originale,xenophobie,0.4,,604,1,,2026-08-23T16:31:10
rxa_1134,mistral,mistral-large-latest,antisémitisme,haine_explicite,transfert_racisme_antisemitisme,antisemitisme,0.98,,24869,1,,2026-08-23T16:31:39
rxa_0570,mistral,mistral-large-latest,xénophobie,haine_implicite,transfert_racisme_xenophobie,xenophobie,0.9,,522,1,,2026-08-23T16:31:44
rxa_0624,mistral,mistral-large-latest,xénophobie,sarcasme,transfert_racisme_xenophobie,xenophobie,0.9,,591,3,,2026-08-23T16:32:00
rxa_0211,mistral,mistral-large-latest,racisme,haine_explicite,tri_manuel,racisme,0.98,,29792,1,,2026-08-23T16:32:34
rxa_1384,mistral,mistral-large-latest,antisémitisme,ambigu,hardcase,antisemitisme,0.85,,744,1,,2026-08-23T16:32:39
rxa_0003,mistral,mistral-large-latest,racisme,stereotype,tri_manuel,xenophobie,0.85,,654,1,,2026-08-23T16:32:44
rxa_1242,mistral,mistral-large-latest,antisémitisme,stereotype,generation_originale,antisemitisme,0.85,,27181,3,,2026-08-23T16:33:26
rxa_1259,mistral,mistral-large-latest,antisémitisme,sarcasme,generation_originale,antisemitisme,0.95,,674,1,,2026-08-23T16:33:31
rxa_0931,mistral,mistral-large-latest,xénophobie,haine_implicite,hardcase,xenophobie,0.85,,681,1,,2026-08-23T16:33:36
rxa_1141,mistral,mistral-large-latest,antisémitisme,haine_explicite,transfert_racisme_antisemitisme,antisemitisme,0.98,,588,1,,2026-08-23T16:33:41
rxa_0739,mistral,mistral-large-latest,xénophobie,haine_implicite,generation_originale,xenophobie,0.95,,1591,3,,2026-08-23T16:33:58
rxa_0825,mistral,mistral-large-latest,xénophobie,haine_implicite,hardcase,xenophobie,0.6,,615,1,,2026-08-23T16:34:03
rxa_0345,mistral,mistral-large-latest,racisme,haine_explicite,tri_manuel,racisme,0.95,,4201,1,,2026-08-23T16:34:12
rxa_0645,mistral,mistral-large-latest,xénophobie,dog_whistle,transfert_racisme_xenophobie,xenophobie,0.9,,678,1,,2026-08-23T16:34:17
rxa_0787,mistral,mistral-large-latest,xénophobie,sarcasme,generation_originale,xenophobie,0.95,,714,5,,2026-08-23T16:35:00
rxa_0145,mistral,mistral-large-latest,racisme,stereotype,tri_manuel,racisme,0.8,,604,1,,2026-08-23T16:35:05
rxa_1020,mistral,mistral-large-latest,antisémitisme,stereotype,transfert_racisme_antisemitisme,antisemitisme,0.98,,865,1,,2026-08-23T16:35:10
rxa_1085,mistral,mistral-large-latest,antisémitisme,stereotype,transfert_racisme_antisemitisme,antisemitisme,0.98,,605,1,,2026-08-23T16:35:15
rxa_1226,mistral,mistral-large-latest,antisémitisme,haine_implicite,generation_originale,antisemitisme,0.85,,914,5,,2026-08-23T16:35:59
rxa_0488,mistral,mistral-large-latest,racisme,stereotype,generation_originale,xenophobie,0.85,,611,1,,2026-08-23T16:36:04
rxa_0562,mistral,mistral-large-latest,xénophobie,haine_explicite,transfert_racisme_xenophobie,xenophobie,0.95,,523,1,,2026-08-23T16:36:09
rxa_1131,mistral,mistral-large-latest,antisémitisme,haine_explicite,transfert_racisme_antisemitisme,antisemitisme,0.98,,549,1,,2026-08-23T16:36:14
rxa_0584,mistral,mistral-large-latest,xénophobie,haine_implicite,transfert_racisme_xenophobie,xenophobie,0.85,,650,5,,2026-08-23T16:36:58
rxa_0108,mistral,mistral-large-latest,racisme,stereotype,tri_manuel,racisme,0.95,,28168,1,,2026-08-23T16:37:30
rxa_0404,mistral,mistral-large-latest,xénophobie,exclusion,tri_manuel,racisme,0.95,,891,1,,2026-08-23T16:37:36
rxa_1310,mistral,mistral-large-latest,antisémitisme,ambigu,hardcase,antisemitisme,0.8,,552,1,,2026-08-23T16:37:41
rxa_0984,mistral,mistral-large-latest,antisémitisme,stereotype,transfert_racisme_antisemitisme,antisemitisme,0.95,,627,4,,2026-08-23T16:38:06
rxa_0966,mistral,mistral-large-latest,antisémitisme,hostilite_religieuse,transfert_racisme_antisemitisme,antisemitisme,0.95,,620,1,,2026-08-23T16:38:11
rxa_1101,mistral,mistral-large-latest,antisémitisme,haine_explicite,transfert_racisme_antisemitisme,antisemitisme,0.95,,618,1,,2026-08-23T16:38:16
rxa_0690,mistral,mistral-large-latest,xénophobie,haine_explicite,generation_originale,xenophobie,0.95,,630,1,,2026-08-23T16:38:21
rxa_1360,mistral,mistral-large-latest,antisémitisme,haine_implicite,hardcase,antisemitisme,0.7,,658,5,,2026-08-23T16:39:03
rxa_1283,mistral,mistral-large-latest,antisémitisme,dog_whistle,generation_originale,antisemitisme,0.8,,64751,1,,2026-08-23T16:40:12
rxa_1364,mistral,mistral-large-latest,antisémitisme,haine_implicite,hardcase,antisemitisme,0.8,,1665,1,,2026-08-23T16:40:18
rxa_1397,mistral,mistral-large-latest,antisémitisme,stereotype,hardcase,racisme,0.7,,1198,1,,2026-08-23T16:40:24
rxa_0545,mistral,mistral-large-latest,xénophobie,haine_explicite,transfert_racisme_xenophobie,xenophobie,0.95,,583,1,,2026-08-23T16:40:29
rxa_1443,mistral,mistral-large-latest,racisme,stereotype,generation_complement,racisme,0.95,,675,1,,2026-08-23T16:40:34
rxa_0160,mistral,mistral-large-latest,xénophobie,exclusion,tri_manuel,xenophobie,0.95,,11471,4,,2026-08-23T16:41:12
rxa_0611,mistral,mistral-large-latest,xénophobie,exclusion,transfert_racisme_xenophobie,xenophobie,0.95,,791,1,,2026-08-23T16:41:18
rxa_1239,mistral,mistral-large-latest,antisémitisme,stereotype,generation_originale,antisemitisme,0.9,,727,1,,2026-08-23T16:41:23
rxa_0807,mistral,mistral-large-latest,xénophobie,dog_whistle,generation_originale,xenophobie,0.9,,678,1,,2026-08-23T16:41:28
rxa_0058,mistral,mistral-large-latest,racisme,stereotype,tri_manuel,racisme,0.95,,597,5,,2026-08-23T16:42:12
rxa_0462,mistral,mistral-large-latest,racisme,haine_implicite,generation_originale,xenophobie,0.8,,682,1,,2026-08-23T16:42:17
rxa_0922,mistral,mistral-large-latest,xénophobie,sarcasme,hardcase,xenophobie,0.85,,635,1,,2026-08-23T16:42:22
rxa_0261,mistral,mistral-large-latest,antisémitisme,haine_explicite,tri_manuel,antisemitisme,0.98,,624,1,,2026-08-23T16:42:27
rxa_0398,mistral,mistral-large-latest,racisme,haine_explicite,tri_manuel,racisme,0.95,,13515,5,,2026-08-23T16:43:25
rxa_1308,mistral,mistral-large-latest,antisémitisme,haine_implicite,hardcase,antisemitisme,0.9,,547,1,,2026-08-23T16:43:29
rxa_0190,mistral,mistral-large-latest,antisémitisme,complotisme,tri_manuel,antisemitisme,0.95,,557,1,,2026-08-23T16:43:34
rxa_0764,mistral,mistral-large-latest,xénophobie,stereotype,generation_originale,xenophobie,0.95,,565,1,,2026-08-23T16:43:39
rxa_0561,mistral,mistral-large-latest,xénophobie,haine_explicite,transfert_racisme_xenophobie,xenophobie,0.95,,673,4,,2026-08-23T16:44:05
rxa_0575,mistral,mistral-large-latest,xénophobie,haine_implicite,transfert_racisme_xenophobie,xenophobie,0.9,,33906,1,,2026-08-23T16:44:44
rxa_0459,mistral,mistral-large-latest,racisme,haine_implicite,generation_originale,racisme,0.8,,600,1,,2026-08-23T16:44:49
rxa_1019,mistral,mistral-large-latest,antisémitisme,stereotype,transfert_racisme_antisemitisme,antisemitisme,0.98,,596,1,,2026-08-23T16:44:54
rxa_0162,mistral,mistral-large-latest,racisme,exclusion,tri_manuel,racisme,0.95,,656,1,,2026-08-23T16:44:59
rxa_1410,mistral,mistral-large-latest,antisémitisme,haine_implicite,hardcase,antisemitisme,0.7,,26222,1,,2026-08-23T16:45:29
rxa_0637,mistral,mistral-large-latest,xénophobie,dog_whistle,transfert_racisme_xenophobie,xenophobie,0.95,,586,1,,2026-08-23T16:45:34
rxa_1150,mistral,mistral-large-latest,antisémitisme,haine_explicite,generation_originale,antisemitisme,0.98,,734,1,,2026-08-23T16:45:39
rxa_0503,mistral,mistral-large-latest,racisme,sarcasme,generation_originale,xenophobie,0.9,,678,4,,2026-08-23T16:46:05
rxa_1023,mistral,mistral-large-latest,antisémitisme,haine_implicite,transfert_racisme_antisemitisme,antisemitisme,0.95,,591,1,,2026-08-23T16:46:10
rxa_0280,mistral,mistral-large-latest,racisme,haine_explicite,tri_manuel,racisme,0.95,,26538,1,,2026-08-23T16:46:41
rxa_1332,mistral,mistral-large-latest,antisémitisme,stereotype,hardcase,antisemitisme,0.9,,646,1,,2026-08-23T16:46:46
rxa_1066,mistral,mistral-large-latest,antisémitisme,complotisme,transfert_racisme_antisemitisme,antisemitisme,0.98,,641,3,,2026-08-23T16:47:01
rxa_0099,mistral,mistral-large-latest,racisme,haine_explicite,tri_manuel,xenophobie,0.9,,16456,1,,2026-08-23T16:47:21
rxa_1481,mistral,mistral-large-latest,racisme,ambigu,generation_complement,xenophobie,0.8,,4123,1,,2026-08-23T16:47:30
rxa_1258,mistral,mistral-large-latest,antisémitisme,sarcasme,generation_originale,antisemitisme,0.85,,1538,1,,2026-08-23T16:47:36
rxa_0869,mistral,mistral-large-latest,xénophobie,exclusion,hardcase,xenophobie,0.85,,608,4,,2026-08-23T16:48:02
rxa_0178,mistral,mistral-large-latest,xénophobie,exclusion,tri_manuel,xenophobie,0.85,,18572,1,,2026-08-23T16:48:25
rxa_1491,mistral,mistral-large-latest,xénophobie,sarcasme,generation_complement,xenophobie,0.95,,527,1,,2026-08-23T16:48:29
rxa_0366,mistral,mistral-large-latest,racisme,haine_explicite,tri_manuel,racisme,0.95,,577,1,,2026-08-23T16:48:34
rxa_0707,mistral,mistral-large-latest,xénophobie,haine_explicite,generation_originale,xenophobie,0.95,,618,4,,2026-08-23T16:49:01
rxa_0084,mistral,mistral-large-latest,racisme,exclusion,tri_manuel,xenophobie,0.9,,41500,1,,2026-08-23T16:49:46
rxa_1339,mistral,mistral-large-latest,antisémitisme,haine_implicite,hardcase,antisemitisme,0.85,,666,1,,2026-08-23T16:49:52
rxa_1473,mistral,mistral-large-latest,racisme,dog_whistle,generation_complement,xenophobie,0.95,,603,1,,2026-08-23T16:49:57
rxa_0559,mistral,mistral-large-latest,xénophobie,haine_explicite,transfert_racisme_xenophobie,xenophobie,0.95,,1766,1,,2026-08-23T16:50:03
rxa_1490,mistral,mistral-large-latest,xénophobie,sarcasme,generation_complement,xenophobie,0.9,,619,1,,2026-08-23T16:50:08
rxa_0889,mistral,mistral-large-latest,xénophobie,haine_implicite,hardcase,xenophobie,0.85,,679,1,,2026-08-23T16:50:13
rxa_0359,mistral,mistral-large-latest,racisme,haine_explicite,tri_manuel,racisme,0.95,,25316,1,,2026-08-23T16:50:43
rxa_1113,mistral,mistral-large-latest,antisémitisme,haine_explicite,transfert_racisme_antisemitisme,antisemitisme,0.98,,1160,3,,2026-08-23T16:50:57
rxa_0522,mistral,mistral-large-latest,racisme,ambigu,generation_originale,xenophobie,0.85,,520,1,,2026-08-23T16:51:02
rxa_0770,mistral,mistral-large-latest,xénophobie,stereotype,generation_originale,xenophobie,0.95,,1673,1,,2026-08-23T16:51:08
rxa_0438,mistral,mistral-large-latest,racisme,haine_explicite,generation_originale,racisme,0.95,,604,1,,2026-08-23T16:51:13
rxa_1180,mistral,mistral-large-latest,antisémitisme,haine_explicite,generation_originale,antisemitisme,0.98,,3927,5,,2026-08-23T16:52:00
rxa_0200,mistral,mistral-large-latest,antisémitisme,haine_implicite,tri_manuel,antisemitisme,0.98,,585,1,,2026-08-23T16:52:05
rxa_0257,mistral,mistral-large-latest,racisme,haine_explicite,tri_manuel,racisme,0.95,,25503,1,,2026-08-23T16:52:35
rxa_1065,mistral,mistral-large-latest,antisémitisme,complotisme,transfert_racisme_antisemitisme,antisemitisme,0.98,,779,1,,2026-08-23T16:52:40
rxa_0805,mistral,mistral-large-latest,xénophobie,dog_whistle,generation_originale,xenophobie,0.9,,1561,4,,2026-08-23T16:53:05
rxa_0295,mistral,mistral-large-latest,racisme,haine_explicite,tri_manuel,racisme,0.95,,42805,1,,2026-08-23T16:53:53
rxa_0746,mistral,mistral-large-latest,xénophobie,haine_implicite,generation_originale,xenophobie,0.85,,640,1,,2026-08-23T16:53:58
rxa_0423,mistral,mistral-large-latest,racisme,haine_explicite,generation_originale,racisme,0.98,,962,1,,2026-08-23T16:54:03
rxa_0118,mistral,mistral-large-latest,racisme,stereotype,tri_manuel,xenophobie,0.9,,22557,1,,2026-08-23T16:54:30
rxa_1462,mistral,mistral-large-latest,racisme,sarcasme,generation_complement,xenophobie,0.9,,24201,1,,2026-08-23T16:54:58
rxa_0215,mistral,mistral-large-latest,racisme,haine_implicite,tri_manuel,racisme,0.95,,659,1,,2026-08-23T16:55:04
rxa_1335,mistral,mistral-large-latest,antisémitisme,haine_implicite,hardcase,antisemitisme,0.8,,592,1,,2026-08-23T16:55:09
rxa_0054,mistral,mistral-large-latest,xénophobie,exclusion,tri_manuel,xenophobie,0.95,,654,1,,2026-08-23T16:55:14
rxa_1292,mistral,mistral-large-latest,antisémitisme,ambigu,generation_originale,antisemitisme,0.8,,538,1,,2026-08-23T16:55:19
rxa_0446,mistral,mistral-large-latest,racisme,haine_explicite,generation_originale,racisme,0.95,,23030,5,,2026-08-23T16:56:25
rxa_0781,mistral,mistral-large-latest,xénophobie,sarcasme,generation_originale,xenophobie,0.95,,597,1,,2026-08-23T16:56:30
rxa_1213,mistral,mistral-large-latest,antisémitisme,haine_implicite,generation_originale,racisme,0.85,,529,1,,2026-08-23T16:56:35
rxa_0375,mistral,mistral-large-latest,racisme,haine_explicite,tri_manuel,racisme,0.95,,540,1,,2026-08-23T16:56:40
rxa_0139,mistral,mistral-large-latest,racisme,stereotype,tri_manuel,xenophobie,0.9,,627,4,,2026-08-23T16:57:06
rxa_0638,mistral,mistral-large-latest,xénophobie,dog_whistle,transfert_racisme_xenophobie,xenophobie,0.95,,657,1,,2026-08-23T16:57:11
rxa_0397,mistral,mistral-large-latest,racisme,haine_explicite,tri_manuel,racisme,0.98,,551,1,,2026-08-23T16:57:16
rxa_0962,mistral,mistral-large-latest,antisémitisme,hostilite_religieuse,transfert_racisme_antisemitisme,antisemitisme,0.95,,640,1,,2026-08-23T16:57:21
rxa_0320,mistral,mistral-large-latest,racisme,haine_explicite,tri_manuel,xenophobie,0.85,,644,5,,2026-08-23T16:58:05
rxa_0246,mistral,mistral-large-latest,racisme,haine_explicite,tri_manuel,racisme,0.98,,822,1,,2026-08-23T16:58:10
rxa_1047,mistral,mistral-large-latest,antisémitisme,exclusion,transfert_racisme_antisemitisme,antisemitisme,1.0,,519,1,,2026-08-23T16:58:15
rxa_0191,mistral,mistral-large-latest,racisme,haine_explicite,tri_manuel,racisme,0.95,,769,1,,2026-08-23T16:58:20
rxa_0264,mistral,mistral-large-latest,xénophobie,dog_whistle,tri_manuel,racisme,0.95,,648,5,,2026-08-23T16:59:04
rxa_1367,mistral,mistral-large-latest,antisémitisme,haine_implicite,hardcase,racisme,0.3,,614,1,,2026-08-23T16:59:09
rxa_0465,mistral,mistral-large-latest,racisme,haine_implicite,generation_originale,antisemitisme,0.7,,532,1,,2026-08-23T16:59:14
rxa_1420,mistral,mistral-large-latest,racisme,haine_explicite,generation_complement,racisme,0.95,,557,1,,2026-08-23T16:59:19
rxa_0695,mistral,mistral-large-latest,xénophobie,haine_explicite,generation_originale,xenophobie,0.95,,1910,1,,2026-08-24T12:42:39
rxa_0325,mistral,mistral-large-latest,antisémitisme,complotisme,tri_manuel,antisemitisme,0.95,,646,1,,2026-08-24T12:42:44
rxa_0481,mistral,mistral-large-latest,racisme,haine_implicite,generation_originale,xenophobie,0.85,,604,1,,2026-08-24T12:42:49
rxa_1413,mistral,mistral-large-latest,antisémitisme,dog_whistle,hardcase,antisemitisme,0.8,,2408,1,,2026-08-24T12:42:56
rxa_0960,mistral,mistral-large-latest,antisémitisme,stereotype,transfert_racisme_antisemitisme,antisemitisme,0.95,,707,1,,2026-08-24T12:43:01
rxa_0806,mistral,mistral-large-latest,xénophobie,dog_whistle,generation_originale,xenophobie,0.7,,3079,1,,2026-08-24T12:43:08
rxa_0597,mistral,mistral-large-latest,xénophobie,exclusion,transfert_racisme_xenophobie,xenophobie,0.95,,1302,1,,2026-08-24T12:43:14
rxa_0780,mistral,mistral-large-latest,xénophobie,stereotype,generation_originale,xenophobie,0.85,,820,1,,2026-08-24T12:43:19
rxa_0987,mistral,mistral-large-latest,antisémitisme,complotisme,transfert_racisme_antisemitisme,antisemitisme,0.95,,2111,5,,2026-08-24T12:44:04
rxa_0515,mistral,mistral-large-latest,racisme,dog_whistle,generation_originale,xenophobie,0.85,,1068,1,,2026-08-24T12:44:09
rxa_0594,mistral,mistral-large-latest,xénophobie,haine_implicite,transfert_racisme_xenophobie,xenophobie,0.8,,695,1,,2026-08-24T12:44:14
rxa_1202,mistral,mistral-large-latest,antisémitisme,haine_implicite,generation_originale,antisemitisme,0.7,,669,1,,2026-08-24T12:44:19
rxa_1127,mistral,mistral-large-latest,antisémitisme,exclusion,transfert_racisme_antisemitisme,antisemitisme,0.98,,751,5,,2026-08-24T12:45:03
rxa_0414,mistral,mistral-large-latest,racisme,haine_explicite,generation_originale,racisme,0.95,,731,1,,2026-08-24T12:45:08
rxa_1128,mistral,mistral-large-latest,antisémitisme,haine_explicite,transfert_racisme_antisemitisme,antisemitisme,0.98,,696,1,,2026-08-24T12:45:13
rxa_1403,mistral,mistral-large-latest,antisémitisme,haine_implicite,hardcase,antisemitisme,0.7,,787,1,,2026-08-24T12:45:19
rxa_0915,mistral,mistral-large-latest,xénophobie,sarcasme,hardcase,racisme,0.85,,605,5,,2026-08-24T12:46:02
rxa_0485,mistral,mistral-large-latest,racisme,stereotype,generation_originale,racisme,0.95,,622,1,,2026-08-24T12:46:07
rxa_1381,mistral,mistral-large-latest,antisémitisme,dog_whistle,hardcase,antisemitisme,0.8,,983,1,,2026-08-24T12:46:13
rxa_0443,mistral,mistral-large-latest,racisme,haine_explicite,generation_originale,racisme,0.95,,640,1,,2026-08-24T12:46:18
rxa_0210,mistral,mistral-large-latest,racisme,haine_explicite,tri_manuel,racisme,0.95,,787,5,,2026-08-24T12:47:02
rxa_0938,mistral,mistral-large-latest,xénophobie,haine_implicite,hardcase,xenophobie,0.9,,663,1,,2026-08-24T12:47:07
rxa_1312,mistral,mistral-large-latest,antisémitisme,haine_implicite,hardcase,antisemitisme,0.85,,992,1,,2026-08-24T12:47:12
rxa_0383,mistral,mistral-large-latest,racisme,haine_explicite,tri_manuel,racisme,0.95,,1100,1,,2026-08-24T12:47:18
rxa_1223,mistral,mistral-large-latest,antisémitisme,haine_implicite,generation_originale,racisme,0.85,,1368,1,,2026-08-24T12:52:31
rxa_0955,mistral,mistral-large-latest,antisémitisme,stereotype,transfert_racisme_antisemitisme,antisemitisme,0.98,,769,1,,2026-08-24T12:52:36
rxa_1048,mistral,mistral-large-latest,antisémitisme,stereotype,transfert_racisme_antisemitisme,antisemitisme,0.98,,597,1,,2026-08-24T12:52:41
rxa_0355,mistral,mistral-large-latest,racisme,haine_explicite,tri_manuel,racisme,0.98,,635,1,,2026-08-24T12:52:46
rxa_1321,mistral,mistral-large-latest,antisémitisme,haine_implicite,hardcase,antisemitisme,0.8,,508,3,,2026-08-24T12:53:02
rxa_0836,mistral,mistral-large-latest,xénophobie,sarcasme,hardcase,xenophobie,0.7,,676,1,,2026-08-24T12:53:07
rxa_0568,mistral,mistral-large-latest,xénophobie,haine_explicite,transfert_racisme_xenophobie,xenophobie,0.95,,711,1,,2026-08-24T12:53:12
rxa_0460,mistral,mistral-large-latest,racisme,haine_implicite,generation_originale,racisme,0.7,,551,1,,2026-08-24T12:53:17
rxa_0709,mistral,mistral-large-latest,xénophobie,haine_explicite,generation_originale,xenophobie,0.95,,1051,5,,2026-08-24T12:54:02
rxa_0019,mistral,mistral-large-latest,racisme,stereotype,tri_manuel,racisme,0.95,,1435,1,,2026-08-24T12:54:08
rxa_1186,mistral,mistral-large-latest,antisémitisme,haine_explicite,generation_originale,antisemitisme,0.98,,694,1,,2026-08-24T12:54:13
rxa_0016,mistral,mistral-large-latest,racisme,exclusion,tri_manuel,xenophobie,0.9,,773,1,,2026-08-24T12:54:18
rxa_1089,mistral,mistral-large-latest,antisémitisme,stereotype,transfert_racisme_antisemitisme,antisemitisme,0.95,,643,5,,2026-08-24T12:55:03
rxa_0308,mistral,mistral-large-latest,racisme,haine_explicite,tri_manuel,racisme,0.95,,780,1,,2026-08-24T12:55:08
rxa_0073,mistral,mistral-large-latest,racisme,stereotype,tri_manuel,racisme,0.95,,960,1,,2026-08-24T12:55:13
rxa_1099,mistral,mistral-large-latest,antisémitisme,haine_explicite,transfert_racisme_antisemitisme,antisemitisme,0.95,,896,1,,2026-08-24T12:55:18
rxa_0052,mistral,mistral-large-latest,racisme,stereotype,tri_manuel,xenophobie,0.9,,1163,5,,2026-08-24T12:56:02
rxa_1009,mistral,mistral-large-latest,antisémitisme,stereotype,transfert_racisme_antisemitisme,antisemitisme,0.98,,2905,1,,2026-08-24T12:56:10
rxa_1262,mistral,mistral-large-latest,antisémitisme,sarcasme,generation_originale,antisemitisme,0.8,,685,1,,2026-08-24T12:56:15
rxa_0733,mistral,mistral-large-latest,xénophobie,haine_implicite,generation_originale,xenophobie,0.95,,688,1,,2026-08-24T12:56:20
rxa_0886,mistral,mistral-large-latest,xénophobie,haine_implicite,hardcase,xenophobie,0.7,,672,5,,2026-08-24T12:57:03
rxa_1282,mistral,mistral-large-latest,antisémitisme,dog_whistle,generation_originale,antisemitisme,0.85,,5119,1,,2026-08-24T12:57:13
rxa_0815,mistral,mistral-large-latest,xénophobie,ambigu,generation_originale,xenophobie,0.9,,1053,1,,2026-08-24T12:57:18
rxa_0574,mistral,mistral-large-latest,xénophobie,haine_implicite,transfert_racisme_xenophobie,xenophobie,0.9,,576,1,,2026-08-24T12:57:23
rxa_0456,mistral,mistral-large-latest,racisme,haine_implicite,generation_originale,xenophobie,0.85,,620,5,,2026-08-24T12:58:07
rxa_1268,mistral,mistral-large-latest,antisémitisme,sarcasme,generation_originale,antisemitisme,0.85,,722,1,,2026-08-24T12:58:12
rxa_0466,mistral,mistral-large-latest,racisme,haine_implicite,generation_originale,xenophobie,0.8,,913,1,,2026-08-24T12:58:18
rxa_0658,mistral,mistral-large-latest,xénophobie,ambigu,transfert_racisme_xenophobie,xenophobie,0.85,,764,1,,2026-08-24T12:58:23
rxa_1173,mistral,mistral-large-latest,antisémitisme,haine_explicite,generation_originale,antisemitisme,0.98,,625,5,,2026-08-24T12:59:07
rxa_1051,mistral,mistral-large-latest,antisémitisme,stereotype,transfert_racisme_antisemitisme,antisemitisme,0.98,,714,1,,2026-08-24T12:59:12
rxa_0249,mistral,mistral-large-latest,racisme,haine_explicite,tri_manuel,racisme,0.95,,948,1,,2026-08-24T12:59:17
rxa_0830,mistral,mistral-large-latest,xénophobie,haine_implicite,hardcase,xenophobie,0.7,,622,1,,2026-08-24T12:59:22
rxa_0778,mistral,mistral-large-latest,xénophobie,stereotype,generation_originale,xenophobie,0.9,,2507,5,,2026-08-24T13:00:08
rxa_0227,mistral,mistral-large-latest,racisme,haine_explicite,tri_manuel,racisme,0.95,,1527,1,,2026-08-24T13:00:13
rxa_0247,mistral,mistral-large-latest,racisme,haine_explicite,tri_manuel,racisme,0.95,,1162,1,,2026-08-24T13:00:19
rxa_1305,mistral,mistral-large-latest,antisémitisme,sarcasme,hardcase,antisemitisme,0.85,,1835,1,,2026-08-24T13:00:25
rxa_1254,mistral,mistral-large-latest,antisémitisme,stereotype,generation_originale,antisemitisme,0.85,,21998,5,,2026-08-24T13:01:30
rxa_0170,mistral,mistral-large-latest,racisme,haine_explicite,tri_manuel,racisme,0.95,,1450,1,,2026-08-24T13:01:36
rxa_0294,mistral,mistral-large-latest,racisme,haine_explicite,tri_manuel,racisme,0.95,,595,1,,2026-08-24T13:01:41
rxa_1046,mistral,mistral-large-latest,antisémitisme,exclusion,transfert_racisme_antisemitisme,antisemitisme,1.0,,896,1,,2026-08-24T13:01:46
rxa_1234,mistral,mistral-large-latest,antisémitisme,stereotype,generation_originale,antisemitisme,0.9,,1395,3,,2026-08-24T13:02:01
rxa_0750,mistral,mistral-large-latest,xénophobie,haine_implicite,generation_originale,xenophobie,0.95,,564,1,,2026-08-24T13:02:06
rxa_0089,mistral,mistral-large-latest,racisme,haine_implicite,tri_manuel,xenophobie,0.9,,672,1,,2026-08-24T13:02:12
rxa_0661,mistral,mistral-large-latest,xénophobie,ambigu,transfert_racisme_xenophobie,xenophobie,0.8,,647,1,,2026-08-24T13:02:17
rxa_1172,mistral,mistral-large-latest,antisémitisme,haine_explicite,generation_originale,antisemitisme,0.98,,1083,5,,2026-08-24T13:03:01
rxa_1220,mistral,mistral-large-latest,antisémitisme,haine_implicite,generation_originale,antisemitisme,0.85,,3149,1,,2026-08-24T13:03:09
rxa_1437,mistral,mistral-large-latest,racisme,haine_implicite,generation_complement,racisme,0.9,,598,1,,2026-08-24T13:03:14
rxa_1158,mistral,mistral-large-latest,antisémitisme,haine_explicite,generation_originale,antisemitisme,0.95,,697,1,,2026-08-24T13:03:19
rxa_0524,mistral,mistral-large-latest,racisme,ambigu,generation_originale,xenophobie,0.7,,968,5,,2026-08-24T13:04:03
rxa_0109,mistral,mistral-large-latest,racisme,stereotype,tri_manuel,racisme,0.95,,1077,1,,2026-08-24T13:04:09
rxa_1091,mistral,mistral-large-latest,antisémitisme,haine_explicite,transfert_racisme_antisemitisme,antisemitisme,0.98,,1191,1,,2026-08-24T13:04:15
rxa_0494,mistral,mistral-large-latest,racisme,stereotype,generation_originale,racisme,0.95,,672,1,,2026-08-24T13:04:20
rxa_0852,mistral,mistral-large-latest,xénophobie,dog_whistle,hardcase,xenophobie,0.95,,2326,5,,2026-08-24T13:05:04
rxa_0834,mistral,mistral-large-latest,xénophobie,haine_implicite,hardcase,xenophobie,0.8,,986,1,,2026-08-24T13:05:10
rxa_0798,mistral,mistral-large-latest,xénophobie,dog_whistle,generation_originale,xenophobie,0.8,,8016,1,,2026-08-24T13:05:22
rxa_0519,mistral,mistral-large-latest,racisme,dog_whistle,generation_originale,xenophobie,0.8,,3394,1,,2026-08-24T13:05:30
rxa_0600,mistral,mistral-large-latest,xénophobie,exclusion,transfert_racisme_xenophobie,xenophobie,0.95,,1019,5,,2026-08-24T13:06:14
rxa_1469,mistral,mistral-large-latest,racisme,dog_whistle,generation_complement,xenophobie,0.9,,1016,1,,2026-08-24T13:06:19
rxa_0604,mistral,mistral-large-latest,xénophobie,exclusion,transfert_racisme_xenophobie,xenophobie,0.95,,762,1,,2026-08-24T13:06:24
rxa_0816,mistral,mistral-large-latest,xénophobie,ambigu,generation_originale,xenophobie,0.85,,707,1,,2026-08-24T13:06:30
rxa_0358,mistral,mistral-large-latest,antisémitisme,haine_explicite,tri_manuel,antisemitisme,0.95,,791,5,,2026-08-24T13:07:14
rxa_1345,mistral,mistral-large-latest,antisémitisme,sarcasme,hardcase,antisemitisme,0.9,,2299,1,,2026-08-24T13:07:20
rxa_1257,mistral,mistral-large-latest,antisémitisme,sarcasme,generation_originale,antisemitisme,0.85,,597,1,,2026-08-24T13:07:25
rxa_1133,mistral,mistral-large-latest,antisémitisme,haine_explicite,transfert_racisme_antisemitisme,antisemitisme,0.95,,552,1,,2026-08-24T13:07:30
rxa_0867,mistral,mistral-large-latest,xénophobie,exclusion,hardcase,xenophobie,0.9,,737,5,,2026-08-24T13:08:14
rxa_0181,mistral,mistral-large-latest,racisme,haine_explicite,tri_manuel,racisme,0.95,,1931,1,,2026-08-24T13:08:20
rxa_0587,mistral,mistral-large-latest,xénophobie,haine_implicite,transfert_racisme_xenophobie,xenophobie,0.7,,680,1,,2026-08-24T13:08:25
rxa_0122,mistral,mistral-large-latest,racisme,hostilite_religieuse,tri_manuel,xenophobie,0.85,,792,1,,2026-08-24T13:08:30
rxa_0948,mistral,mistral-large-latest,xénophobie,ambigu,hardcase,antisemitisme,0.7,,728,5,,2026-08-24T13:09:13
rxa_0391,mistral,mistral-large-latest,antisémitisme,haine_explicite,tri_manuel,antisemitisme,0.98,,701,1,,2026-08-24T13:09:18
rxa_0165,mistral,mistral-large-latest,racisme,haine_explicite,tri_manuel,racisme,0.98,,647,1,,2026-08-24T13:09:23
rxa_0449,mistral,mistral-large-latest,racisme,haine_explicite,generation_originale,racisme,0.95,,558,1,,2026-08-24T13:09:28
rxa_0838,mistral,mistral-large-latest,xénophobie,sarcasme,hardcase,xenophobie,0.95,,6621,5,,2026-08-24T13:10:18
rxa_1233,mistral,mistral-large-latest,antisémitisme,stereotype,generation_originale,antisemitisme,0.85,,620,1,,2026-08-24T13:10:23
rxa_0401,mistral,mistral-large-latest,racisme,haine_explicite,tri_manuel,racisme,0.95,,672,1,,2026-08-24T13:10:28
rxa_0149,mistral,mistral-large-latest,racisme,hostilite_religieuse,tri_manuel,xenophobie,0.7,,568,1,,2026-08-24T13:10:33
rxa_0894,mistral,mistral-large-latest,xénophobie,haine_implicite,hardcase,xenophobie,0.9,,12134,5,,2026-08-24T13:11:28
rxa_1470,mistral,mistral-large-latest,racisme,dog_whistle,generation_complement,xenophobie,0.9,,702,1,,2026-08-24T13:11:33
rxa_1094,mistral,mistral-large-latest,antisémitisme,haine_explicite,transfert_racisme_antisemitisme,antisemitisme,0.98,,878,1,,2026-08-24T13:11:38
rxa_1279,mistral,mistral-large-latest,antisémitisme,dog_whistle,generation_originale,antisemitisme,0.9,,2139,1,,2026-08-24T13:11:45
rxa_0037,mistral,mistral-large-latest,racisme,stereotype,tri_manuel,xenophobie,0.95,,788,3,,2026-08-24T13:12:01
rxa_0428,mistral,mistral-large-latest,racisme,haine_explicite,generation_originale,racisme,0.95,,2319,1,,2026-08-24T13:12:07
rxa_1018,mistral,mistral-large-latest,antisémitisme,stereotype,transfert_racisme_antisemitisme,antisemitisme,1.0,,3021,1,,2026-08-24T13:12:15
rxa_0566,mistral,mistral-large-latest,xénophobie,haine_explicite,transfert_racisme_xenophobie,xenophobie,0.95,,3827,1,,2026-08-24T13:12:23
rxa_0769,mistral,mistral-large-latest,xénophobie,stereotype,generation_originale,xenophobie,0.95,,629,5,,2026-08-24T13:13:08
rxa_0949,mistral,mistral-large-latest,xénophobie,sarcasme,hardcase,xenophobie,0.9,,706,1,,2026-08-24T13:13:13
rxa_0013,mistral,mistral-large-latest,racisme,stereotype,tri_manuel,racisme,0.95,,924,1,,2026-08-24T13:13:18
rxa_0727,mistral,mistral-large-latest,xénophobie,haine_implicite,generation_originale,xenophobie,0.95,,649,1,,2026-08-24T13:13:23
rxa_0799,mistral,mistral-large-latest,xénophobie,dog_whistle,generation_originale,xenophobie,0.3,,1972,5,,2026-08-24T13:14:09
rxa_0095,mistral,mistral-large-latest,racisme,haine_implicite,tri_manuel,xenophobie,0.8,,1438,1,,2026-08-24T13:14:15
rxa_0846,mistral,mistral-large-latest,xénophobie,dog_whistle,hardcase,xenophobie,0.95,,830,1,,2026-08-24T13:14:20
rxa_0348,mistral,mistral-large-latest,xénophobie,dog_whistle,tri_manuel,xenophobie,0.95,,651,1,,2026-08-24T13:14:25
rxa_0487,mistral,mistral-large-latest,racisme,stereotype,generation_originale,racisme,0.95,,795,5,,2026-08-24T13:15:09
rxa_1199,mistral,mistral-large-latest,antisémitisme,haine_implicite,generation_originale,antisemitisme,0.7,,1149,1,,2026-08-24T13:15:15
rxa_1210,mistral,mistral-large-latest,antisémitisme,haine_implicite,generation_originale,antisemitisme,0.7,,761,1,,2026-08-24T13:15:20
rxa_0500,mistral,mistral-large-latest,racisme,stereotype,generation_originale,racisme,0.95,,716,1,,2026-08-24T13:15:25
rxa_1008,mistral,mistral-large-latest,antisémitisme,exclusion,transfert_racisme_antisemitisme,antisemitisme,1.0,,610,5,,2026-08-24T13:16:09
rxa_1287,mistral,mistral-large-latest,antisémitisme,ambigu,generation_originale,antisemitisme,0.7,,711,1,,2026-08-24T13:16:15
rxa_0411,mistral,mistral-large-latest,xénophobie,dog_whistle,tri_manuel,xenophobie,0.95,,621,1,,2026-08-24T13:16:20
rxa_1281,mistral,mistral-large-latest,antisémitisme,dog_whistle,generation_originale,antisemitisme,0.9,,573,1,,2026-08-24T13:16:25
rxa_1056,mistral,mistral-large-latest,antisémitisme,stereotype,transfert_racisme_antisemitisme,antisemitisme,0.95,,617,5,,2026-08-24T13:17:07
rxa_0251,mistral,mistral-large-latest,antisémitisme,haine_explicite,tri_manuel,antisemitisme,0.95,,676,1,,2026-08-24T13:17:12
rxa_1007,mistral,mistral-large-latest,antisémitisme,exclusion,transfert_racisme_antisemitisme,antisemitisme,0.98,,973,1,,2026-08-24T13:17:17
rxa_1236,mistral,mistral-large-latest,antisémitisme,stereotype,generation_originale,antisemitisme,0.85,,727,1,,2026-08-24T13:17:22
rxa_1404,mistral,mistral-large-latest,antisémitisme,dog_whistle,hardcase,antisemitisme,0.85,,639,5,,2026-08-24T13:18:05
rxa_1102,mistral,mistral-large-latest,antisémitisme,haine_explicite,transfert_racisme_antisemitisme,antisemitisme,0.98,,885,1,,2026-08-24T13:18:10
rxa_1264,mistral,mistral-large-latest,antisémitisme,sarcasme,generation_originale,xenophobie,0.85,,1065,1,,2026-08-24T13:18:16
rxa_0844,mistral,mistral-large-latest,xénophobie,sarcasme,hardcase,xenophobie,0.7,,554,1,,2026-08-24T13:18:21
rxa_0760,mistral,mistral-large-latest,xénophobie,stereotype,generation_originale,xenophobie,0.95,,621,5,,2026-08-24T13:19:04
rxa_0376,mistral,mistral-large-latest,racisme,haine_implicite,tri_manuel,racisme,0.95,,646,1,,2026-08-24T13:19:09
rxa_1238,mistral,mistral-large-latest,antisémitisme,stereotype,generation_originale,antisemitisme,0.95,,657,1,,2026-08-24T13:19:14
rxa_1087,mistral,mistral-large-latest,antisémitisme,haine_explicite,transfert_racisme_antisemitisme,antisemitisme,0.98,,814,1,,2026-08-24T13:19:20
rxa_0270,mistral,mistral-large-latest,racisme,haine_explicite,tri_manuel,racisme,0.95,,761,5,,2026-08-24T13:20:03
rxa_1037,mistral,mistral-large-latest,antisémitisme,haine_implicite,transfert_racisme_antisemitisme,antisemitisme,0.95,,708,1,,2026-08-24T13:20:08
rxa_0788,mistral,mistral-large-latest,xénophobie,sarcasme,generation_originale,xenophobie,0.95,,1491,1,,2026-08-24T13:20:14
rxa_0161,mistral,mistral-large-latest,racisme,haine_explicite,tri_manuel,racisme,0.95,,913,1,,2026-08-24T13:20:19
rxa_0392,mistral,mistral-large-latest,antisémitisme,haine_explicite,tri_manuel,antisemitisme,0.98,,571,5,,2026-08-24T13:21:04
rxa_0207,mistral,mistral-large-latest,racisme,haine_explicite,tri_manuel,racisme,0.95,,640,1,,2026-08-24T13:21:09
rxa_1136,mistral,mistral-large-latest,antisémitisme,haine_explicite,transfert_racisme_antisemitisme,antisemitisme,0.98,,1308,1,,2026-08-24T13:21:15
rxa_0507,mistral,mistral-large-latest,racisme,sarcasme,generation_originale,xenophobie,0.8,,1186,1,,2026-08-24T13:21:20
rxa_1042,mistral,mistral-large-latest,antisémitisme,haine_explicite,transfert_racisme_antisemitisme,antisemitisme,1.0,,692,5,,2026-08-24T13:22:03
rxa_0665,mistral,mistral-large-latest,xénophobie,ambigu,transfert_racisme_xenophobie,xenophobie,0.95,,709,1,,2026-08-24T13:22:08
rxa_0523,mistral,mistral-large-latest,racisme,ambigu,generation_originale,xenophobie,0.7,,604,1,,2026-08-24T13:22:13
rxa_1181,mistral,mistral-large-latest,antisémitisme,haine_explicite,generation_originale,antisemitisme,0.98,,648,1,,2026-08-24T13:22:18
rxa_0893,mistral,mistral-large-latest,xénophobie,haine_implicite,hardcase,xenophobie,0.9,,920,5,,2026-08-24T13:23:03
rxa_0205,mistral,mistral-large-latest,racisme,haine_explicite,tri_manuel,racisme,0.95,,1235,1,,2026-08-24T13:23:09
rxa_0335,mistral,mistral-large-latest,racisme,haine_explicite,tri_manuel,racisme,0.95,,580,1,,2026-08-24T13:23:14
rxa_0458,mistral,mistral-large-latest,racisme,haine_implicite,generation_originale,xenophobie,0.9,,693,1,,2026-08-24T13:23:19
rxa_1247,mistral,mistral-large-latest,antisémitisme,stereotype,generation_originale,antisemitisme,0.9,,675,5,,2026-08-24T13:24:02
rxa_0076,mistral,mistral-large-latest,racisme,haine_implicite,tri_manuel,xenophobie,0.8,,2858,1,,2026-08-24T13:24:10
rxa_0362,mistral,mistral-large-latest,antisémitisme,haine_explicite,tri_manuel,antisemitisme,0.98,,671,1,,2026-08-24T13:24:15
rxa_1439,mistral,mistral-large-latest,racisme,haine_implicite,generation_complement,racisme,0.9,,681,1,,2026-08-24T13:24:20
rxa_1444,mistral,mistral-large-latest,racisme,stereotype,generation_complement,xenophobie,0.95,,6253,5,,2026-08-24T13:25:09
rxa_0977,mistral,mistral-large-latest,antisémitisme,complotisme,transfert_racisme_antisemitisme,antisemitisme,0.85,,753,1,,2026-08-24T13:25:15
rxa_1028,mistral,mistral-large-latest,antisémitisme,exclusion,transfert_racisme_antisemitisme,antisemitisme,0.95,,680,1,,2026-08-24T13:25:20
rxa_1118,mistral,mistral-large-latest,antisémitisme,haine_explicite,transfert_racisme_antisemitisme,antisemitisme,0.98,,2759,1,,2026-08-24T13:25:27
rxa_0560,mistral,mistral-large-latest,xénophobie,haine_explicite,transfert_racisme_xenophobie,xenophobie,0.95,,660,5,,2026-08-24T13:26:10
rxa_0499,mistral,mistral-large-latest,racisme,stereotype,generation_originale,xenophobie,0.9,,650,1,,2026-08-24T13:26:15
rxa_0323,mistral,mistral-large-latest,racisme,ambigu,tri_manuel,racisme,0.98,,605,1,,2026-08-24T13:26:20
rxa_0093,mistral,mistral-large-latest,racisme,haine_implicite,tri_manuel,xenophobie,0.9,,809,1,,2026-08-24T13:26:25
rxa_0862,mistral,mistral-large-latest,xénophobie,exclusion,hardcase,xenophobie,0.85,,918,5,,2026-08-24T13:27:10
rxa_1022,mistral,mistral-large-latest,antisémitisme,haine_implicite,transfert_racisme_antisemitisme,antisemitisme,0.95,,606,1,,2026-08-24T13:27:15
rxa_0840,mistral,mistral-large-latest,xénophobie,sarcasme,hardcase,xenophobie,0.95,,624,1,,2026-08-24T13:27:20
rxa_0763,mistral,mistral-large-latest,xénophobie,stereotype,generation_originale,xenophobie,0.95,,668,1,,2026-08-24T13:27:25
rxa_0564,mistral,mistral-large-latest,xénophobie,haine_explicite,transfert_racisme_xenophobie,racisme,0.95,,591,5,,2026-08-24T13:28:08
rxa_0032,mistral,mistral-large-latest,racisme,stereotype,tri_manuel,racisme,0.85,,859,1,,2026-08-24T13:28:13
rxa_0364,mistral,mistral-large-latest,antisémitisme,ambigu,tri_manuel,antisemitisme,0.95,,701,1,,2026-08-24T13:28:18
rxa_0667,mistral,mistral-large-latest,xénophobie,ambigu,transfert_racisme_xenophobie,xenophobie,0.95,,642,1,,2026-08-24T13:28:23
rxa_0440,mistral,mistral-large-latest,racisme,haine_explicite,generation_originale,racisme,0.95,,1314,5,,2026-08-24T13:29:09
rxa_0633,mistral,mistral-large-latest,xénophobie,sarcasme,transfert_racisme_xenophobie,antisemitisme,0.85,,755,1,,2026-08-24T13:29:14
rxa_1251,mistral,mistral-large-latest,antisémitisme,stereotype,generation_originale,antisemitisme,0.9,,1240,1,,2026-08-24T13:29:19
rxa_0642,mistral,mistral-large-latest,xénophobie,dog_whistle,transfert_racisme_xenophobie,xenophobie,0.85,,744,1,,2026-08-24T13:29:24
rxa_0416,mistral,mistral-large-latest,racisme,haine_explicite,generation_originale,racisme,0.95,,11936,5,,2026-08-24T13:30:19
rxa_0452,mistral,mistral-large-latest,racisme,haine_implicite,generation_originale,xenophobie,0.8,,3630,1,,2026-08-24T13:30:27
rxa_0081,mistral,mistral-large-latest,racisme,exclusion,tri_manuel,xenophobie,0.85,,1300,1,,2026-08-24T13:30:33
rxa_1370,mistral,mistral-large-latest,antisémitisme,haine_implicite,hardcase,antisemitisme,0.85,,715,1,,2026-08-24T13:30:38
rxa_0820,mistral,mistral-large-latest,xénophobie,ambigu,generation_originale,xenophobie,0.7,,683,4,,2026-08-24T13:31:02
rxa_1466,mistral,mistral-large-latest,racisme,dog_whistle,generation_complement,xenophobie,0.95,,779,1,,2026-08-24T13:31:07
rxa_0311,mistral,mistral-large-latest,racisme,haine_explicite,tri_manuel,racisme,0.95,,600,1,,2026-08-24T13:31:12
rxa_0873,mistral,mistral-large-latest,xénophobie,haine_implicite,hardcase,xenophobie,0.85,,634,1,,2026-08-24T13:31:17
rxa_0450,mistral,mistral-large-latest,racisme,haine_explicite,generation_originale,xenophobie,0.85,,644,5,,2026-08-24T13:32:02
rxa_1076,mistral,mistral-large-latest,antisémitisme,exclusion,transfert_racisme_antisemitisme,antisemitisme,0.95,,711,1,,2026-08-24T13:32:07
rxa_1366,mistral,mistral-large-latest,antisémitisme,stereotype,hardcase,antisemitisme,0.85,,854,1,,2026-08-24T13:32:12
rxa_1291,mistral,mistral-large-latest,antisémitisme,ambigu,generation_originale,antisemitisme,0.85,,595,1,,2026-08-24T13:32:17
rxa_0721,mistral,mistral-large-latest,xénophobie,haine_implicite,generation_originale,xenophobie,0.95,,694,5,,2026-08-24T13:33:01
rxa_0106,mistral,mistral-large-latest,racisme,exclusion,tri_manuel,xenophobie,0.95,,1217,1,,2026-08-24T13:33:07
rxa_1146,mistral,mistral-large-latest,antisémitisme,haine_explicite,transfert_racisme_antisemitisme,antisemitisme,0.98,,1334,1,,2026-08-24T13:33:12
rxa_0888,mistral,mistral-large-latest,xénophobie,haine_implicite,hardcase,xenophobie,0.85,,650,1,,2026-08-24T13:33:17
rxa_0533,mistral,mistral-large-latest,racisme,ambigu,generation_originale,xenophobie,0.7,,644,5,,2026-08-24T13:34:02
rxa_0730,mistral,mistral-large-latest,xénophobie,haine_implicite,generation_originale,xenophobie,0.9,,661,1,,2026-08-24T13:34:07
rxa_0105,mistral,mistral-large-latest,racisme,exclusion,tri_manuel,xenophobie,0.95,,661,1,,2026-08-24T13:34:12
rxa_0266,mistral,mistral-large-latest,xénophobie,dog_whistle,tri_manuel,xenophobie,0.95,,2385,1,,2026-08-24T13:34:19
rxa_1371,mistral,mistral-large-latest,antisémitisme,haine_implicite,hardcase,antisemitisme,0.7,,1797,5,,2026-08-24T13:35:04
rxa_1214,mistral,mistral-large-latest,antisémitisme,haine_implicite,generation_originale,antisemitisme,0.9,,767,1,,2026-08-24T13:35:09
rxa_0978,mistral,mistral-large-latest,antisémitisme,hostilite_religieuse,transfert_racisme_antisemitisme,antisemitisme,0.95,,586,1,,2026-08-24T13:35:14
rxa_1488,mistral,mistral-large-latest,xénophobie,haine_implicite,generation_complement,xenophobie,0.95,,759,1,,2026-08-24T13:35:19
rxa_0039,mistral,mistral-large-latest,racisme,stereotype,tri_manuel,racisme,0.9,,592,5,,2026-08-24T13:36:02
rxa_0339,mistral,mistral-large-latest,racisme,haine_explicite,tri_manuel,racisme,0.98,,583,1,,2026-08-24T13:36:07
rxa_0961,mistral,mistral-large-latest,antisémitisme,hostilite_religieuse,transfert_racisme_antisemitisme,antisemitisme,0.95,,615,1,,2026-08-24T13:36:12
rxa_1212,mistral,mistral-large-latest,antisémitisme,haine_implicite,generation_originale,antisemitisme,0.85,,656,1,,2026-08-24T13:36:17
rxa_0525,mistral,mistral-large-latest,racisme,ambigu,generation_originale,xenophobie,0.9,,1271,5,,2026-08-24T13:37:00
rxa_0189,mistral,mistral-large-latest,xénophobie,dog_whistle,tri_manuel,xenophobie,0.95,,575,1,,2026-08-24T13:37:05
rxa_1111,mistral,mistral-large-latest,antisémitisme,haine_explicite,transfert_racisme_antisemitisme,antisemitisme,0.95,,629,1,,2026-08-24T13:37:10
rxa_0732,mistral,mistral-large-latest,xénophobie,haine_implicite,generation_originale,xenophobie,0.95,,724,1,,2026-08-24T13:37:16
rxa_0005,mistral,mistral-large-latest,racisme,stereotype,tri_manuel,xenophobie,0.9,,1486,5,,2026-08-24T13:38:00
rxa_0442,mistral,mistral-large-latest,racisme,haine_explicite,generation_originale,xenophobie,0.9,,615,1,,2026-08-24T13:38:05
rxa_1353,mistral,mistral-large-latest,antisémitisme,haine_implicite,hardcase,antisemitisme,0.85,,681,1,,2026-08-24T13:38:10
rxa_1356,mistral,mistral-large-latest,antisémitisme,ambigu,hardcase,xenophobie,0.7,,545,1,,2026-08-24T13:38:15
rxa_1383,mistral,mistral-large-latest,antisémitisme,stereotype,hardcase,racisme,0.85,,589,5,,2026-08-24T13:39:00
rxa_1324,mistral,mistral-large-latest,antisémitisme,stereotype,hardcase,antisemitisme,0.9,,752,1,,2026-08-24T13:39:05
rxa_1399,mistral,mistral-large-latest,antisémitisme,ambigu,hardcase,antisemitisme,0.85,,571,1,,2026-08-24T13:39:10
rxa_0878,mistral,mistral-large-latest,xénophobie,haine_implicite,hardcase,xenophobie,0.7,,882,1,,2026-08-24T13:39:16
rxa_1138,mistral,mistral-large-latest,antisémitisme,haine_explicite,transfert_racisme_antisemitisme,antisemitisme,0.98,,1314,5,,2026-08-24T13:40:01
rxa_1194,mistral,mistral-large-latest,antisémitisme,haine_implicite,generation_originale,antisemitisme,0.85,,599,1,,2026-08-24T13:40:06
rxa_0851,mistral,mistral-large-latest,xénophobie,dog_whistle,hardcase,xenophobie,0.7,,739,1,,2026-08-24T13:40:11
rxa_1147,mistral,mistral-large-latest,antisémitisme,haine_explicite,transfert_racisme_antisemitisme,antisemitisme,0.95,,603,1,,2026-08-24T13:40:16
rxa_0301,mistral,mistral-large-latest,xénophobie,exclusion,tri_manuel,xenophobie,0.95,,633,5,,2026-08-24T13:41:00
rxa_1438,mistral,mistral-large-latest,racisme,haine_implicite,generation_complement,xenophobie,0.8,,894,1,,2026-08-24T13:41:05
rxa_0718,mistral,mistral-large-latest,xénophobie,haine_implicite,generation_originale,xenophobie,0.95,,716,1,,2026-08-24T13:41:10
rxa_1245,mistral,mistral-large-latest,antisémitisme,stereotype,generation_originale,antisemitisme,0.85,,612,1,,2026-08-24T13:41:15
rxa_0998,mistral,mistral-large-latest,antisémitisme,exclusion,transfert_racisme_antisemitisme,antisemitisme,0.95,,2175,5,,2026-08-24T13:42:01
rxa_0654,mistral,mistral-large-latest,xénophobie,dog_whistle,transfert_racisme_xenophobie,xenophobie,0.9,,601,1,,2026-08-24T13:42:06
rxa_1135,mistral,mistral-large-latest,antisémitisme,exclusion,transfert_racisme_antisemitisme,antisemitisme,0.98,,663,1,,2026-08-24T13:42:11
rxa_0279,mistral,mistral-large-latest,racisme,haine_explicite,tri_manuel,racisme,0.95,,859,1,,2026-08-24T13:42:16
rxa_0277,mistral,mistral-large-latest,racisme,haine_explicite,tri_manuel,racisme,0.95,,654,5,,2026-08-24T13:43:00
rxa_0919,mistral,mistral-large-latest,xénophobie,sarcasme,hardcase,xenophobie,0.9,,590,1,,2026-08-24T13:43:05
rxa_0349,mistral,mistral-large-latest,racisme,haine_explicite,tri_manuel,racisme,0.98,,554,1,,2026-08-24T13:43:10
rxa_1468,mistral,mistral-large-latest,racisme,dog_whistle,generation_complement,racisme,0.95,,586,1,,2026-08-24T13:43:15
rxa_1211,mistral,mistral-large-latest,antisémitisme,haine_implicite,generation_originale,antisemitisme,0.7,,2315,5,,2026-08-24T13:44:01
rxa_0065,mistral,mistral-large-latest,racisme,hostilite_religieuse,tri_manuel,racisme,0.8,,615,1,,2026-08-24T13:44:06
rxa_1484,mistral,mistral-large-latest,xénophobie,haine_explicite,generation_complement,xenophobie,0.95,,682,1,,2026-08-24T13:44:11
rxa_1093,mistral,mistral-large-latest,antisémitisme,haine_explicite,transfert_racisme_antisemitisme,antisemitisme,0.98,,586,1,,2026-08-24T13:44:16
rxa_0410,mistral,mistral-large-latest,xénophobie,dog_whistle,tri_manuel,xenophobie,0.95,,1542,5,,2026-08-24T13:45:01
rxa_0689,mistral,mistral-large-latest,xénophobie,haine_explicite,generation_originale,xenophobie,0.95,,981,1,,2026-08-24T13:45:06
rxa_0177,mistral,mistral-large-latest,xénophobie,exclusion,tri_manuel,xenophobie,0.9,,685,1,,2026-08-24T13:45:11
rxa_0534,mistral,mistral-large-latest,xénophobie,haine_explicite,transfert_racisme_xenophobie,xenophobie,0.95,,632,1,,2026-08-24T13:45:16
rxa_0117,mistral,mistral-large-latest,racisme,stereotype,tri_manuel,xenophobie,0.9,,1128,5,,2026-08-24T13:46:00
rxa_0372,mistral,mistral-large-latest,racisme,haine_explicite,tri_manuel,racisme,0.95,,1153,1,,2026-08-24T13:46:06
rxa_1034,mistral,mistral-large-latest,antisémitisme,haine_explicite,transfert_racisme_antisemitisme,antisemitisme,0.95,,2802,1,,2026-08-24T13:46:13
rxa_0628,mistral,mistral-large-latest,xénophobie,sarcasme,transfert_racisme_xenophobie,xenophobie,0.9,,807,1,,2026-08-24T13:46:18
rxa_0821,mistral,mistral-large-latest,xénophobie,ambigu,hardcase,xenophobie,0.7,,688,5,,2026-08-24T13:47:02
rxa_0669,mistral,mistral-large-latest,xénophobie,ambigu,transfert_racisme_xenophobie,xenophobie,0.7,,633,1,,2026-08-24T13:47:07
rxa_0063,mistral,mistral-large-latest,racisme,hostilite_religieuse,tri_manuel,xenophobie,0.9,,830,1,,2026-08-24T13:47:12
rxa_0735,mistral,mistral-large-latest,xénophobie,haine_implicite,generation_originale,xenophobie,0.9,,549,1,,2026-08-24T13:47:17
rxa_0951,mistral,mistral-large-latest,xénophobie,haine_implicite,hardcase,xenophobie,0.85,,1270,5,,2026-08-24T13:48:01
rxa_1025,mistral,mistral-large-latest,antisémitisme,exclusion,transfert_racisme_antisemitisme,antisemitisme,0.98,,818,1,,2026-08-24T13:48:06
rxa_0042,mistral,mistral-large-latest,racisme,stereotype,tri_manuel,xenophobie,0.95,,588,1,,2026-08-24T13:48:11
rxa_0167,mistral,mistral-large-latest,racisme,haine_explicite,tri_manuel,racisme,0.98,,754,1,,2026-08-24T13:48:16
rxa_0809,mistral,mistral-large-latest,xénophobie,dog_whistle,generation_originale,xenophobie,0.9,,1180,5,,2026-08-24T13:49:00
rxa_1100,mistral,mistral-large-latest,antisémitisme,stereotype,transfert_racisme_antisemitisme,antisemitisme,0.98,,662,1,,2026-08-24T13:49:05
rxa_0313,mistral,mistral-large-latest,xénophobie,exclusion,tri_manuel,xenophobie,0.95,,757,1,,2026-08-24T13:49:10
rxa_0296,mistral,mistral-large-latest,racisme,haine_explicite,tri_manuel,racisme,0.95,,1005,1,,2026-08-24T13:49:16
rxa_0490,mistral,mistral-large-latest,racisme,stereotype,generation_originale,racisme,0.95,,2367,5,,2026-08-24T13:50:02
rxa_0543,mistral,mistral-large-latest,xénophobie,haine_explicite,transfert_racisme_xenophobie,xenophobie,0.95,,769,1,,2026-08-24T13:50:07
rxa_0641,mistral,mistral-large-latest,xénophobie,dog_whistle,transfert_racisme_xenophobie,xenophobie,0.95,,1221,1,,2026-08-24T13:50:12
rxa_0290,mistral,mistral-large-latest,racisme,haine_explicite,tri_manuel,xenophobie,0.95,,688,1,,2026-08-24T13:50:18
rxa_0617,mistral,mistral-large-latest,xénophobie,sarcasme,transfert_racisme_xenophobie,xenophobie,0.9,,1547,5,,2026-08-24T13:51:02
rxa_1314,mistral,mistral-large-latest,antisémitisme,haine_implicite,hardcase,antisemitisme,0.8,,687,1,,2026-08-24T13:51:07
rxa_0779,mistral,mistral-large-latest,xénophobie,stereotype,generation_originale,xenophobie,0.95,,728,1,,2026-08-24T13:51:12
rxa_0910,mistral,mistral-large-latest,xénophobie,dog_whistle,hardcase,racisme,0.85,,678,1,,2026-08-24T13:51:17
rxa_0212,mistral,mistral-large-latest,racisme,haine_explicite,tri_manuel,racisme,0.98,,782,5,,2026-08-24T13:52:02
rxa_0979,mistral,mistral-large-latest,antisémitisme,hostilite_religieuse,transfert_racisme_antisemitisme,antisemitisme,0.95,,633,1,,2026-08-24T13:52:07
rxa_0555,mistral,mistral-large-latest,xénophobie,haine_explicite,transfert_racisme_xenophobie,xenophobie,0.95,,627,1,,2026-08-24T13:52:12
rxa_1058,mistral,mistral-large-latest,antisémitisme,hostilite_religieuse,transfert_racisme_antisemitisme,antisemitisme,0.95,,650,1,,2026-08-24T13:52:17
rxa_0672,mistral,mistral-large-latest,xénophobie,haine_explicite,generation_originale,xenophobie,0.95,,2296,5,,2026-08-24T13:53:01
rxa_0317,mistral,mistral-large-latest,racisme,haine_explicite,tri_manuel,antisemitisme,0.95,,678,1,,2026-08-24T13:53:06
rxa_1081,mistral,mistral-large-latest,antisémitisme,stereotype,transfert_racisme_antisemitisme,antisemitisme,0.95,,803,1,,2026-08-24T13:53:11
rxa_0535,mistral,mistral-large-latest,xénophobie,haine_explicite,transfert_racisme_xenophobie,xenophobie,0.95,,951,1,,2026-08-24T13:53:16
rxa_1296,mistral,mistral-large-latest,antisémitisme,ambigu,generation_originale,antisemitisme,0.85,,617,5,,2026-08-24T13:54:00
rxa_1039,mistral,mistral-large-latest,antisémitisme,stereotype,transfert_racisme_antisemitisme,antisemitisme,1.0,,685,1,,2026-08-24T13:54:05
rxa_0432,mistral,mistral-large-latest,racisme,haine_explicite,generation_originale,xenophobie,0.9,,1487,1,,2026-08-24T13:54:11
rxa_0828,mistral,mistral-large-latest,xénophobie,haine_implicite,hardcase,xenophobie,0.9,,2515,1,,2026-08-24T13:54:18
rxa_0621,mistral,mistral-large-latest,xénophobie,sarcasme,transfert_racisme_xenophobie,xenophobie,0.85,,690,5,,2026-08-24T13:55:02
rxa_1161,mistral,mistral-large-latest,antisémitisme,haine_explicite,generation_originale,antisemitisme,0.98,,662,1,,2026-08-24T13:55:07
rxa_0287,mistral,mistral-large-latest,racisme,haine_implicite,tri_manuel,racisme,0.7,,623,1,,2026-08-24T13:55:12
rxa_0451,mistral,mistral-large-latest,racisme,haine_explicite,generation_originale,xenophobie,0.95,,748,1,,2026-08-24T13:55:17
rxa_1013,mistral,mistral-large-latest,antisémitisme,hostilite_religieuse,transfert_racisme_antisemitisme,antisemitisme,0.95,,697,5,,2026-08-24T13:56:00
rxa_0528,mistral,mistral-large-latest,racisme,ambigu,generation_originale,xenophobie,0.7,,662,1,,2026-08-24T13:56:05
rxa_0300,mistral,mistral-large-latest,racisme,haine_explicite,tri_manuel,racisme,0.95,,1096,1,,2026-08-24T13:56:11
rxa_0752,mistral,mistral-large-latest,xénophobie,haine_implicite,generation_originale,xenophobie,0.95,,872,1,,2026-08-24T13:56:16
rxa_0622,mistral,mistral-large-latest,xénophobie,sarcasme,transfert_racisme_xenophobie,xenophobie,0.9,,1684,5,,2026-08-24T13:57:00
rxa_0995,mistral,mistral-large-latest,antisémitisme,complotisme,transfert_racisme_antisemitisme,antisemitisme,0.98,,912,1,,2026-08-24T13:57:06
rxa_1219,mistral,mistral-large-latest,antisémitisme,haine_implicite,generation_originale,antisemitisme,0.7,,1278,1,,2026-08-24T13:57:11
rxa_0034,mistral,mistral-large-latest,racisme,hostilite_religieuse,tri_manuel,racisme,0.85,,869,1,,2026-08-24T13:57:17
rxa_0286,mistral,mistral-large-latest,racisme,haine_explicite,tri_manuel,racisme,0.98,,677,5,,2026-08-24T13:58:01
rxa_0314,mistral,mistral-large-latest,antisémitisme,haine_explicite,tri_manuel,antisemitisme,0.98,,859,1,,2026-08-24T13:58:06
rxa_0333,mistral,mistral-large-latest,xénophobie,haine_implicite,tri_manuel,xenophobie,0.95,,1044,1,,2026-08-24T13:58:11
rxa_0182,mistral,mistral-large-latest,racisme,haine_explicite,tri_manuel,racisme,0.95,,618,1,,2026-08-24T13:58:16
rxa_0049,mistral,mistral-large-latest,racisme,stereotype,tri_manuel,racisme,0.9,,1274,5,,2026-08-24T13:59:01
rxa_0102,mistral,mistral-large-latest,racisme,haine_explicite,tri_manuel,xenophobie,0.9,,602,1,,2026-08-24T13:59:06
rxa_1390,mistral,mistral-large-latest,antisémitisme,dog_whistle,hardcase,racisme,0.8,,645,1,,2026-08-24T13:59:11
rxa_0275,mistral,mistral-large-latest,xénophobie,dog_whistle,tri_manuel,xenophobie,0.95,,814,1,,2026-08-24T13:59:16
rxa_0675,mistral,mistral-large-latest,xénophobie,haine_explicite,generation_originale,xenophobie,0.98,,1374,5,,2026-08-24T14:00:00
rxa_1327,mistral,mistral-large-latest,antisémitisme,stereotype,hardcase,antisemitisme,0.85,,3526,1,,2026-08-24T14:00:08
rxa_0749,mistral,mistral-large-latest,xénophobie,haine_implicite,generation_originale,xenophobie,0.95,,4911,1,,2026-08-24T14:00:17
rxa_0908,mistral,mistral-large-latest,xénophobie,dog_whistle,hardcase,xenophobie,0.7,,633,1,,2026-08-24T14:00:22
rxa_0437,mistral,mistral-large-latest,racisme,haine_explicite,generation_originale,racisme,0.98,,887,5,,2026-08-24T14:01:05
rxa_0491,mistral,mistral-large-latest,racisme,stereotype,generation_originale,xenophobie,0.85,,848,1,,2026-08-24T14:01:11
rxa_0141,mistral,mistral-large-latest,racisme,ambigu,tri_manuel,racisme,0.7,,1067,1,,2026-08-24T14:01:16
rxa_0706,mistral,mistral-large-latest,xénophobie,haine_explicite,generation_originale,xenophobie,0.95,,1008,1,,2026-08-24T14:01:22
rxa_0351,groq_gptoss,openai/gpt-oss-120b,racisme,haine_explicite,tri_manuel,racisme,0.98,,1008,1,,2026-08-20T19:24:42
rxa_0427,groq_gptoss,openai/gpt-oss-120b,racisme,haine_explicite,generation_originale,xenophobie,0.95,,504,1,,2026-08-20T19:24:44
rxa_1182,groq_gptoss,openai/gpt-oss-120b,antisémitisme,haine_explicite,generation_originale,antisemitisme,0.99,,551,1,,2026-08-20T19:24:47
rxa_0309,groq_gptoss,openai/gpt-oss-120b,xénophobie,dog_whistle,tri_manuel,xenophobie,0.85,,725,1,,2026-08-20T19:24:50
rxa_1166,groq_gptoss,openai/gpt-oss-120b,antisémitisme,haine_explicite,generation_originale,antisemitisme,0.98,,447,1,,2026-08-20T19:24:53
rxa_0269,groq_gptoss,openai/gpt-oss-120b,antisémitisme,haine_explicite,tri_manuel,antisemitisme,0.99,,309,1,,2026-08-20T19:24:55
rxa_0024,groq_gptoss,openai/gpt-oss-120b,racisme,haine_explicite,tri_manuel,xenophobie,0.8,,684,1,,2026-08-20T19:24:58
rxa_0470,groq_gptoss,openai/gpt-oss-120b,racisme,haine_implicite,generation_originale,racisme,0.1,,639,1,,2026-08-20T19:25:01
rxa_0952,groq_gptoss,openai/gpt-oss-120b,xénophobie,dog_whistle,hardcase,racisme,0.0,,723,1,,2026-08-20T19:25:04
rxa_0930,groq_gptoss,openai/gpt-oss-120b,xénophobie,haine_implicite,hardcase,xenophobie,0.87,,579,1,,2026-08-20T19:25:07
rxa_0898,groq_gptoss,openai/gpt-oss-120b,xénophobie,haine_implicite,hardcase,xenophobie,0.85,,422,1,,2026-08-20T19:25:09
rxa_1041,groq_gptoss,openai/gpt-oss-120b,antisémitisme,haine_explicite,transfert_racisme_antisemitisme,antisemitisme,0.99,,280,1,,2026-08-20T19:25:12
rxa_0327,groq_gptoss,openai/gpt-oss-120b,racisme,haine_implicite,tri_manuel,racisme,0.96,,743,1,,2026-08-20T19:25:15
rxa_0245,groq_gptoss,openai/gpt-oss-120b,xénophobie,sarcasme,tri_manuel,xenophobie,0.96,,1542,1,,2026-08-20T19:25:18
rxa_0242,groq_gptoss,openai/gpt-oss-120b,racisme,haine_explicite,tri_manuel,racisme,0.98,,606,1,,2026-08-20T19:25:21
rxa_0687,groq_gptoss,openai/gpt-oss-120b,xénophobie,haine_explicite,generation_originale,xenophobie,0.97,,477,1,,2026-08-20T19:25:24
rxa_0329,groq_gptoss,openai/gpt-oss-120b,xénophobie,dog_whistle,tri_manuel,xenophobie,0.85,,522,1,,2026-08-20T19:25:27
rxa_1483,groq_gptoss,openai/gpt-oss-120b,xénophobie,haine_explicite,generation_complement,xenophobie,0.92,,3549,1,,2026-08-20T19:25:32
rxa_1405,groq_gptoss,openai/gpt-oss-120b,antisémitisme,haine_implicite,hardcase,xenophobie,0.45,,3951,1,,2026-08-20T19:25:39
rxa_1201,groq_gptoss,openai/gpt-oss-120b,antisémitisme,haine_implicite,generation_originale,antisemitisme,0.6,,5090,1,,2026-08-20T19:25:46
rxa_0248,groq_gptoss,openai/gpt-oss-120b,racisme,haine_explicite,tri_manuel,racisme,0.85,,4867,1,,2026-08-20T19:25:53
rxa_1414,groq_gptoss,openai/gpt-oss-120b,antisémitisme,haine_implicite,hardcase,antisemitisme,0.45,,4773,1,,2026-08-20T19:26:00
rxa_1098,groq_gptoss,openai/gpt-oss-120b,antisémitisme,haine_explicite,transfert_racisme_antisemitisme,antisemitisme,0.98,,4306,1,,2026-08-20T19:26:06
rxa_0748,groq_gptoss,openai/gpt-oss-120b,xénophobie,haine_implicite,generation_originale,xenophobie,0.92,,3485,1,,2026-08-20T19:26:12
rxa_0018,groq_gptoss,openai/gpt-oss-120b,racisme,stereotype,tri_manuel,racisme,0.62,,3950,1,,2026-08-20T19:26:18
rxa_0112,groq_gptoss,openai/gpt-oss-120b,racisme,haine_implicite,tri_manuel,,,reponse_vide,5567,1,,2026-08-20T19:26:26
rxa_0775,groq_gptoss,openai/gpt-oss-120b,xénophobie,stereotype,generation_originale,xenophobie,0.96,,2581,1,,2026-08-20T19:26:31
rxa_1123,groq_gptoss,openai/gpt-oss-120b,antisémitisme,stereotype,transfert_racisme_antisemitisme,antisemitisme,0.99,,1842,1,,2026-08-20T19:26:35
rxa_0607,groq_gptoss,openai/gpt-oss-120b,xénophobie,exclusion,transfert_racisme_xenophobie,xenophobie,0.97,,273,1,,2026-08-20T19:26:37
rxa_0467,groq_gptoss,openai/gpt-oss-120b,racisme,haine_implicite,generation_originale,xenophobie,0.6,,480,1,,2026-08-20T19:26:40
rxa_1209,groq_gptoss,openai/gpt-oss-120b,antisémitisme,haine_implicite,generation_originale,antisemitisme,0.7,,607,1,,2026-08-20T19:26:43
rxa_0777,groq_gptoss,openai/gpt-oss-120b,xénophobie,stereotype,generation_originale,xenophobie,0.95,,2007,1,,2026-08-20T19:26:47
rxa_0157,groq_gptoss,openai/gpt-oss-120b,xénophobie,exclusion,tri_manuel,xenophobie,0.2,,3336,1,,2026-08-20T19:26:53
rxa_1191,groq_gptoss,openai/gpt-oss-120b,antisémitisme,haine_explicite,generation_originale,antisemitisme,0.98,,376,1,,2026-08-20T19:26:55
rxa_0745,groq_gptoss,openai/gpt-oss-120b,xénophobie,haine_implicite,generation_originale,xenophobie,0.88,,3352,1,,2026-08-20T19:27:01
rxa_1445,groq_gptoss,openai/gpt-oss-120b,racisme,stereotype,generation_complement,racisme,0.96,,3482,1,,2026-08-20T19:27:06
rxa_1117,groq_gptoss,openai/gpt-oss-120b,antisémitisme,haine_implicite,transfert_racisme_antisemitisme,antisemitisme,0.99,,3447,1,,2026-08-20T19:27:12
rxa_0377,groq_gptoss,openai/gpt-oss-120b,racisme,haine_explicite,tri_manuel,racisme,0.96,,1750,1,,2026-08-20T19:27:16
rxa_0918,groq_gptoss,openai/gpt-oss-120b,xénophobie,sarcasme,hardcase,xenophobie,0.55,,897,1,,2026-08-20T19:27:19
rxa_1252,groq_gptoss,openai/gpt-oss-120b,antisémitisme,stereotype,generation_originale,xenophobie,0.3,,1016,1,,2026-08-20T19:27:22
rxa_0028,groq_gptoss,openai/gpt-oss-120b,racisme,hostilite_religieuse,tri_manuel,xenophobie,0.6,,1052,1,,2026-08-20T19:27:25
rxa_0316,groq_gptoss,openai/gpt-oss-120b,xénophobie,exclusion,tri_manuel,xenophobie,0.96,,1527,1,,2026-08-20T19:27:29
rxa_0511,groq_gptoss,openai/gpt-oss-120b,racisme,sarcasme,generation_originale,racisme,0.1,,3650,1,,2026-08-20T19:27:35
rxa_0880,groq_gptoss,openai/gpt-oss-120b,xénophobie,haine_implicite,hardcase,xenophobie,0.6,,692,1,,2026-08-20T19:27:38
rxa_0855,groq_gptoss,openai/gpt-oss-120b,xénophobie,dog_whistle,hardcase,xenophobie,0.73,,804,1,,2026-08-20T19:27:41
rxa_1137,groq_gptoss,openai/gpt-oss-120b,antisémitisme,haine_explicite,transfert_racisme_antisemitisme,antisemitisme,0.99,,425,1,,2026-08-20T19:27:44
rxa_0926,groq_gptoss,openai/gpt-oss-120b,xénophobie,exclusion,hardcase,xenophobie,0.92,,3383,1,,2026-08-20T19:27:49
rxa_0413,groq_gptoss,openai/gpt-oss-120b,racisme,haine_explicite,generation_originale,racisme,0.95,,555,1,,2026-08-20T19:27:52
rxa_0698,groq_gptoss,openai/gpt-oss-120b,xénophobie,haine_explicite,generation_originale,xenophobie,0.97,,2507,1,,2026-08-20T19:27:57
rxa_0940,groq_gptoss,openai/gpt-oss-120b,xénophobie,dog_whistle,hardcase,racisme,0.78,,3965,1,,2026-08-20T19:28:03
rxa_0902,groq_gptoss,openai/gpt-oss-120b,xénophobie,dog_whistle,hardcase,racisme,0.1,,2389,1,,2026-08-20T19:28:07
rxa_0596,groq_gptoss,openai/gpt-oss-120b,xénophobie,exclusion,transfert_racisme_xenophobie,xenophobie,0.96,,3149,1,,2026-08-20T19:28:13
rxa_0184,groq_gptoss,openai/gpt-oss-120b,racisme,haine_implicite,tri_manuel,racisme,0.95,,533,1,,2026-08-20T19:28:15
rxa_1499,groq_gptoss,openai/gpt-oss-120b,xénophobie,ambigu,generation_complement,xenophobie,0.3,,3717,1,,2026-08-20T19:28:21
rxa_1240,groq_gptoss,openai/gpt-oss-120b,antisémitisme,stereotype,generation_originale,xenophobie,0.73,,634,1,,2026-08-20T19:28:24
rxa_0680,groq_gptoss,openai/gpt-oss-120b,xénophobie,haine_explicite,generation_originale,xenophobie,0.98,,644,1,,2026-08-20T19:28:27
rxa_1155,groq_gptoss,openai/gpt-oss-120b,antisémitisme,haine_explicite,generation_originale,antisemitisme,0.99,,363,1,,2026-08-20T19:28:30
rxa_0342,groq_gptoss,openai/gpt-oss-120b,racisme,haine_explicite,tri_manuel,racisme,0.98,,357,1,,2026-08-20T19:28:32
rxa_1301,groq_gptoss,openai/gpt-oss-120b,antisémitisme,haine_implicite,hardcase,racisme,0.2,,1031,1,,2026-08-20T19:28:35
rxa_0130,groq_gptoss,openai/gpt-oss-120b,racisme,stereotype,tri_manuel,racisme,0.6,,1163,1,,2026-08-20T19:28:39
rxa_1407,groq_gptoss,openai/gpt-oss-120b,antisémitisme,dog_whistle,hardcase,antisemitisme,0.2,,1196,1,,2026-08-20T19:28:42
rxa_0067,groq_gptoss,openai/gpt-oss-120b,racisme,stereotype,tri_manuel,antisemitisme,0.98,,355,1,,2026-08-20T19:28:45
rxa_0153,groq_gptoss,openai/gpt-oss-120b,racisme,haine_explicite,tri_manuel,racisme,0.96,,1318,1,,2026-08-20T19:28:48
rxa_0518,groq_gptoss,openai/gpt-oss-120b,racisme,dog_whistle,generation_originale,xenophobie,0.68,,617,1,,2026-08-20T19:28:51
rxa_0986,groq_gptoss,openai/gpt-oss-120b,antisémitisme,complotisme,transfert_racisme_antisemitisme,antisemitisme,0.96,,313,1,,2026-08-20T19:28:54
rxa_0448,groq_gptoss,openai/gpt-oss-120b,racisme,haine_explicite,generation_originale,racisme,0.98,,455,1,,2026-08-20T19:28:56
rxa_1362,groq_gptoss,openai/gpt-oss-120b,antisémitisme,dog_whistle,hardcase,antisemitisme,0.2,,827,1,,2026-08-20T19:28:59
rxa_0497,groq_gptoss,openai/gpt-oss-120b,racisme,stereotype,generation_originale,xenophobie,0.6,,1595,1,,2026-08-20T19:29:03
rxa_1372,groq_gptoss,openai/gpt-oss-120b,antisémitisme,ambigu,hardcase,xenophobie,0.3,,4912,1,,2026-08-20T19:29:10
rxa_1395,groq_gptoss,openai/gpt-oss-120b,antisémitisme,sarcasme,hardcase,antisemitisme,0.85,,444,1,,2026-08-20T19:29:13
rxa_0085,groq_gptoss,openai/gpt-oss-120b,racisme,exclusion,tri_manuel,xenophobie,0.8,,756,1,,2026-08-20T19:29:16
rxa_0530,groq_gptoss,openai/gpt-oss-120b,racisme,ambigu,generation_originale,xenophobie,0.68,,1209,1,,2026-08-20T19:29:19
rxa_0041,groq_gptoss,openai/gpt-oss-120b,racisme,stereotype,tri_manuel,xenophobie,0.3,,834,1,,2026-08-20T19:29:22
rxa_1377,groq_gptoss,openai/gpt-oss-120b,antisémitisme,haine_implicite,hardcase,racisme,0.1,,2030,1,,2026-08-20T19:29:26
rxa_0468,groq_gptoss,openai/gpt-oss-120b,racisme,haine_implicite,generation_originale,xenophobie,0.88,,316,1,,2026-08-20T19:29:29
rxa_0297,groq_gptoss,openai/gpt-oss-120b,antisémitisme,haine_explicite,tri_manuel,antisemitisme,0.98,,3523,1,,2026-08-20T19:29:35
rxa_0861,groq_gptoss,openai/gpt-oss-120b,xénophobie,exclusion,hardcase,xenophobie,0.86,,3291,1,,2026-08-20T19:29:40
rxa_1334,groq_gptoss,openai/gpt-oss-120b,antisémitisme,haine_implicite,hardcase,racisme,0.1,,685,1,,2026-08-20T19:29:43
rxa_0315,groq_gptoss,openai/gpt-oss-120b,racisme,haine_explicite,tri_manuel,racisme,0.96,,4235,1,,2026-08-20T19:29:49
rxa_1474,groq_gptoss,openai/gpt-oss-120b,racisme,ambigu,generation_complement,xenophobie,0.78,,557,1,,2026-08-20T19:29:52
rxa_1369,groq_gptoss,openai/gpt-oss-120b,antisémitisme,ambigu,hardcase,racisme,0.0,,2583,1,,2026-08-20T19:29:57
rxa_0439,groq_gptoss,openai/gpt-oss-120b,racisme,haine_explicite,generation_originale,xenophobie,0.62,,776,1,,2026-08-20T19:30:00
rxa_0318,groq_gptoss,openai/gpt-oss-120b,xénophobie,sarcasme,tri_manuel,xenophobie,0.96,,3399,1,,2026-08-20T19:30:06
rxa_0897,groq_gptoss,openai/gpt-oss-120b,xénophobie,ambigu,hardcase,xenophobie,0.96,,4690,1,,2026-08-20T19:30:12
rxa_0243,groq_gptoss,openai/gpt-oss-120b,racisme,haine_explicite,tri_manuel,racisme,0.86,,1013,1,,2026-08-20T19:30:16
rxa_0244,groq_gptoss,openai/gpt-oss-120b,xénophobie,complotisme,tri_manuel,xenophobie,0.73,,1480,1,,2026-08-20T19:30:19
rxa_0911,groq_gptoss,openai/gpt-oss-120b,xénophobie,dog_whistle,hardcase,xenophobie,0.7,,704,1,,2026-08-20T19:30:22
rxa_0900,groq_gptoss,openai/gpt-oss-120b,xénophobie,haine_implicite,hardcase,xenophobie,0.92,,731,1,,2026-08-20T19:30:25
rxa_1064,groq_gptoss,openai/gpt-oss-120b,antisémitisme,complotisme,transfert_racisme_antisemitisme,antisemitisme,0.98,,550,1,,2026-08-20T19:30:28
rxa_1336,groq_gptoss,openai/gpt-oss-120b,antisémitisme,stereotype,hardcase,antisemitisme,0.6,,808,1,,2026-08-20T19:30:31
rxa_0973,groq_gptoss,openai/gpt-oss-120b,antisémitisme,stereotype,transfert_racisme_antisemitisme,antisemitisme,0.98,,414,1,,2026-08-20T19:30:34
rxa_1055,groq_gptoss,openai/gpt-oss-120b,antisémitisme,hostilite_religieuse,transfert_racisme_antisemitisme,antisemitisme,0.99,,590,1,,2026-08-20T19:30:36
rxa_1045,groq_gptoss,openai/gpt-oss-120b,antisémitisme,exclusion,transfert_racisme_antisemitisme,antisemitisme,0.99,,477,1,,2026-08-20T19:30:39
rxa_0407,groq_gptoss,openai/gpt-oss-120b,xénophobie,exclusion,tri_manuel,xenophobie,0.97,,888,1,,2026-08-20T19:30:42
rxa_1463,groq_gptoss,openai/gpt-oss-120b,racisme,sarcasme,generation_complement,xenophobie,0.2,,928,1,,2026-08-20T19:30:45
rxa_1157,groq_gptoss,openai/gpt-oss-120b,antisémitisme,haine_explicite,generation_originale,antisemitisme,0.99,,384,1,,2026-08-20T19:30:48
rxa_0684,groq_gptoss,openai/gpt-oss-120b,xénophobie,haine_explicite,generation_originale,xenophobie,0.97,,1934,1,,2026-08-20T19:30:52
rxa_1394,groq_gptoss,openai/gpt-oss-120b,antisémitisme,stereotype,hardcase,racisme,0.1,,816,1,,2026-08-20T19:30:55
rxa_0433,groq_gptoss,openai/gpt-oss-120b,racisme,haine_explicite,generation_originale,racisme,0.98,,1046,1,,2026-08-20T19:30:58
rxa_0790,groq_gptoss,openai/gpt-oss-120b,xénophobie,sarcasme,generation_originale,xenophobie,0.85,,1432,1,,2026-08-22T14:28:46
rxa_0858,groq_gptoss,openai/gpt-oss-120b,xénophobie,exclusion,hardcase,xenophobie,0.78,,588,1,,2026-08-22T14:28:49
rxa_0705,groq_gptoss,openai/gpt-oss-120b,xénophobie,haine_explicite,generation_originale,xenophobie,0.98,,430,1,,2026-08-22T14:28:52
rxa_0138,groq_gptoss,openai/gpt-oss-120b,racisme,stereotype,tri_manuel,xenophobie,0.62,,838,1,,2026-08-22T14:28:55
rxa_0469,groq_gptoss,openai/gpt-oss-120b,racisme,haine_implicite,generation_originale,xenophobie,0.6,,569,1,,2026-08-22T14:28:57
rxa_1422,groq_gptoss,openai/gpt-oss-120b,racisme,haine_explicite,generation_complement,racisme,0.98,,456,1,,2026-08-22T14:29:00
rxa_0474,groq_gptoss,openai/gpt-oss-120b,racisme,haine_implicite,generation_originale,xenophobie,0.6,,694,1,,2026-08-22T14:29:03
rxa_0463,groq_gptoss,openai/gpt-oss-120b,racisme,haine_implicite,generation_originale,racisme,0.62,,708,1,,2026-08-22T14:29:06
rxa_1167,groq_gptoss,openai/gpt-oss-120b,antisémitisme,haine_explicite,generation_originale,antisemitisme,0.99,,440,1,,2026-08-22T14:29:09
rxa_0548,groq_gptoss,openai/gpt-oss-120b,xénophobie,haine_explicite,transfert_racisme_xenophobie,xenophobie,0.98,,711,1,,2026-08-22T14:29:11
rxa_0144,groq_gptoss,openai/gpt-oss-120b,racisme,stereotype,tri_manuel,xenophobie,0.6,,634,1,,2026-08-22T14:29:14
rxa_0116,groq_gptoss,openai/gpt-oss-120b,racisme,exclusion,tri_manuel,xenophobie,0.85,,597,1,,2026-08-22T14:29:17
rxa_0784,groq_gptoss,openai/gpt-oss-120b,xénophobie,sarcasme,generation_originale,xenophobie,0.92,,465,1,,2026-08-22T14:29:20
rxa_0682,groq_gptoss,openai/gpt-oss-120b,xénophobie,haine_explicite,generation_originale,xenophobie,0.98,,510,1,,2026-08-22T14:29:22
rxa_0020,groq_gptoss,openai/gpt-oss-120b,racisme,stereotype,tri_manuel,racisme,0.62,,1112,1,,2026-08-22T14:29:26
rxa_0829,groq_gptoss,openai/gpt-oss-120b,xénophobie,ambigu,hardcase,racisme,0.0,,5015,1,,2026-08-22T14:29:33
rxa_0683,groq_gptoss,openai/gpt-oss-120b,xénophobie,haine_explicite,generation_originale,xenophobie,0.98,,5524,1,,2026-08-22T14:29:41
rxa_1114,groq_gptoss,openai/gpt-oss-120b,antisémitisme,stereotype,transfert_racisme_antisemitisme,antisemitisme,0.98,,3438,1,,2026-08-22T14:29:46
rxa_0337,groq_gptoss,openai/gpt-oss-120b,racisme,haine_explicite,tri_manuel,racisme,0.97,,344,1,,2026-08-22T14:29:49
rxa_0237,groq_gptoss,openai/gpt-oss-120b,racisme,haine_explicite,tri_manuel,racisme,0.98,,2432,1,,2026-08-22T14:29:53
rxa_0859,groq_gptoss,openai/gpt-oss-120b,xénophobie,exclusion,hardcase,xenophobie,0.73,,4759,1,,2026-08-22T14:30:00
rxa_1460,groq_gptoss,openai/gpt-oss-120b,racisme,sarcasme,generation_complement,xenophobie,0.45,,918,1,,2026-08-22T14:30:04
rxa_0045,groq_gptoss,openai/gpt-oss-120b,racisme,exclusion,tri_manuel,xenophobie,0.95,,765,1,,2026-08-22T14:30:07
rxa_0692,groq_gptoss,openai/gpt-oss-120b,xénophobie,haine_explicite,generation_originale,xenophobie,0.97,,3496,1,,2026-08-22T14:30:12
rxa_0082,groq_gptoss,openai/gpt-oss-120b,racisme,exclusion,tri_manuel,xenophobie,0.6,,833,1,,2026-08-22T14:30:15
rxa_1299,groq_gptoss,openai/gpt-oss-120b,antisémitisme,haine_implicite,hardcase,antisemitisme,0.6,,3339,1,,2026-08-22T14:30:21
rxa_0700,groq_gptoss,openai/gpt-oss-120b,xénophobie,haine_explicite,generation_originale,xenophobie,0.98,,1570,1,,2026-08-22T14:30:25
rxa_1106,groq_gptoss,openai/gpt-oss-120b,antisémitisme,haine_explicite,transfert_racisme_antisemitisme,antisemitisme,0.98,,3571,1,,2026-08-22T14:30:30
rxa_0751,groq_gptoss,openai/gpt-oss-120b,xénophobie,haine_implicite,generation_originale,xenophobie,0.68,,3400,1,,2026-08-22T14:30:36
rxa_0899,groq_gptoss,openai/gpt-oss-120b,xénophobie,haine_implicite,hardcase,xenophobie,0.92,,533,1,,2026-08-22T14:30:39
rxa_0489,groq_gptoss,openai/gpt-oss-120b,racisme,stereotype,generation_originale,racisme,0.96,,586,1,,2026-08-22T14:30:41
rxa_1026,groq_gptoss,openai/gpt-oss-120b,antisémitisme,complotisme,transfert_racisme_antisemitisme,antisemitisme,0.99,,1438,1,,2026-08-22T14:30:45
rxa_0051,groq_gptoss,openai/gpt-oss-120b,racisme,haine_explicite,tri_manuel,xenophobie,0.45,,882,1,,2026-08-22T14:30:48
rxa_0129,groq_gptoss,openai/gpt-oss-120b,racisme,stereotype,tri_manuel,racisme,0.85,,3872,1,,2026-08-22T14:30:54
rxa_1350,groq_gptoss,openai/gpt-oss-120b,antisémitisme,haine_implicite,hardcase,xenophobie,0.2,,4656,1,,2026-08-22T14:31:01
rxa_0086,groq_gptoss,openai/gpt-oss-120b,racisme,haine_explicite,tri_manuel,xenophobie,0.8,,746,1,,2026-08-22T14:31:04
rxa_0380,groq_gptoss,openai/gpt-oss-120b,racisme,haine_explicite,tri_manuel,racisme,0.97,,4598,1,,2026-08-22T14:31:11
rxa_0187,groq_gptoss,openai/gpt-oss-120b,xénophobie,dog_whistle,tri_manuel,xenophobie,0.95,,561,1,,2026-08-22T14:31:14
rxa_0192,groq_gptoss,openai/gpt-oss-120b,xénophobie,hostilite_religieuse,tri_manuel,xenophobie,0.82,,843,1,,2026-08-22T14:31:17
rxa_0985,groq_gptoss,openai/gpt-oss-120b,antisémitisme,stereotype,transfert_racisme_antisemitisme,antisemitisme,0.98,,285,1,,2026-08-22T14:31:19
rxa_0356,groq_gptoss,openai/gpt-oss-120b,xénophobie,dog_whistle,tri_manuel,xenophobie,0.95,,2567,1,,2026-08-22T14:31:24
rxa_0639,groq_gptoss,openai/gpt-oss-120b,xénophobie,dog_whistle,transfert_racisme_xenophobie,xenophobie,0.73,,668,1,,2026-08-22T14:31:27
rxa_0001,groq_gptoss,openai/gpt-oss-120b,racisme,stereotype,tri_manuel,xenophobie,0.6,,958,1,,2026-08-22T14:31:30
rxa_1143,groq_gptoss,openai/gpt-oss-120b,antisémitisme,haine_explicite,transfert_racisme_antisemitisme,antisemitisme,0.99,,677,1,,2026-08-22T14:31:33
rxa_1003,groq_gptoss,openai/gpt-oss-120b,antisémitisme,haine_explicite,transfert_racisme_antisemitisme,antisemitisme,0.98,,716,1,,2026-08-22T14:31:36
rxa_1092,groq_gptoss,openai/gpt-oss-120b,antisémitisme,haine_explicite,transfert_racisme_antisemitisme,antisemitisme,0.98,,301,1,,2026-08-22T14:31:38
rxa_1450,groq_gptoss,openai/gpt-oss-120b,racisme,stereotype,generation_complement,xenophobie,0.78,,811,1,,2026-08-22T14:31:41
rxa_0175,groq_gptoss,openai/gpt-oss-120b,racisme,haine_explicite,tri_manuel,racisme,0.99,,4532,1,,2026-08-22T14:31:48
rxa_1465,groq_gptoss,openai/gpt-oss-120b,racisme,dog_whistle,generation_complement,xenophobie,0.95,,575,1,,2026-08-22T14:31:51
rxa_1401,groq_gptoss,openai/gpt-oss-120b,antisémitisme,ambigu,hardcase,xenophobie,0.4,,943,1,,2026-08-22T14:31:54
rxa_1222,groq_gptoss,openai/gpt-oss-120b,antisémitisme,haine_implicite,generation_originale,xenophobie,0.3,,945,1,,2026-08-22T14:31:57
rxa_1285,groq_gptoss,openai/gpt-oss-120b,antisémitisme,dog_whistle,generation_originale,antisemitisme,0.6,,1083,1,,2026-08-22T14:32:00
rxa_0026,groq_gptoss,openai/gpt-oss-120b,racisme,haine_explicite,tri_manuel,xenophobie,0.6,,723,1,,2026-08-22T14:32:03
rxa_0472,groq_gptoss,openai/gpt-oss-120b,racisme,haine_implicite,generation_originale,racisme,0.0,,2813,1,,2026-08-22T14:32:08
rxa_0868,groq_gptoss,openai/gpt-oss-120b,xénophobie,exclusion,hardcase,xenophobie,0.4,,700,1,,2026-08-22T14:32:11
rxa_1456,groq_gptoss,openai/gpt-oss-120b,racisme,sarcasme,generation_complement,racisme,0.6,,1112,1,,2026-08-22T14:32:14
rxa_1152,groq_gptoss,openai/gpt-oss-120b,antisémitisme,haine_explicite,generation_originale,antisemitisme,0.99,,3481,1,,2026-08-22T14:32:20
rxa_0080,groq_gptoss,openai/gpt-oss-120b,racisme,dog_whistle,tri_manuel,xenophobie,0.73,,736,1,,2026-08-22T14:32:23
rxa_0140,groq_gptoss,openai/gpt-oss-120b,racisme,stereotype,tri_manuel,racisme,0.6,,1087,1,,2026-08-22T14:32:26
rxa_0134,groq_gptoss,openai/gpt-oss-120b,racisme,haine_implicite,tri_manuel,xenophobie,0.55,,974,1,,2026-08-22T14:32:30
rxa_1391,groq_gptoss,openai/gpt-oss-120b,antisémitisme,dog_whistle,hardcase,antisemitisme,0.6,,805,1,,2026-08-22T14:32:33
rxa_0263,groq_gptoss,openai/gpt-oss-120b,racisme,haine_implicite,tri_manuel,racisme,0.96,,377,1,,2026-08-22T14:32:35
rxa_0435,groq_gptoss,openai/gpt-oss-120b,racisme,haine_explicite,generation_originale,racisme,0.98,,3490,1,,2026-08-22T14:32:41
rxa_0222,groq_gptoss,openai/gpt-oss-120b,racisme,haine_explicite,tri_manuel,racisme,0.96,,473,1,,2026-08-22T14:32:44
rxa_1411,groq_gptoss,openai/gpt-oss-120b,antisémitisme,haine_implicite,hardcase,antisemitisme,0.3,,743,1,,2026-08-22T14:32:46
rxa_0591,groq_gptoss,openai/gpt-oss-120b,xénophobie,haine_implicite,transfert_racisme_xenophobie,xenophobie,0.96,,396,1,,2026-08-22T14:32:49
rxa_0988,groq_gptoss,openai/gpt-oss-120b,antisémitisme,complotisme,transfert_racisme_antisemitisme,antisemitisme,0.6,,1647,1,,2026-08-22T14:32:53
rxa_0722,groq_gptoss,openai/gpt-oss-120b,xénophobie,haine_implicite,generation_originale,xenophobie,0.3,,780,1,,2026-08-22T14:32:56
rxa_1237,groq_gptoss,openai/gpt-oss-120b,antisémitisme,stereotype,generation_originale,antisemitisme,0.82,,890,1,,2026-08-22T14:32:59
rxa_1095,groq_gptoss,openai/gpt-oss-120b,antisémitisme,haine_explicite,transfert_racisme_antisemitisme,antisemitisme,0.98,,505,1,,2026-08-22T14:33:02
rxa_1000,groq_gptoss,openai/gpt-oss-120b,antisémitisme,hostilite_religieuse,transfert_racisme_antisemitisme,antisemitisme,0.92,,305,1,,2026-08-22T14:33:04
rxa_0662,groq_gptoss,openai/gpt-oss-120b,xénophobie,ambigu,transfert_racisme_xenophobie,xenophobie,0.7,,638,1,,2026-08-22T14:33:07
rxa_1183,groq_gptoss,openai/gpt-oss-120b,antisémitisme,haine_explicite,generation_originale,antisemitisme,0.98,,1559,1,,2026-08-22T14:33:11
rxa_1275,groq_gptoss,openai/gpt-oss-120b,antisémitisme,dog_whistle,generation_originale,antisemitisme,0.7,,572,1,,2026-08-22T14:33:14
rxa_1277,groq_gptoss,openai/gpt-oss-120b,antisémitisme,dog_whistle,generation_originale,xenophobie,0.6,,1465,1,,2026-08-22T14:35:08
rxa_0483,groq_gptoss,openai/gpt-oss-120b,racisme,stereotype,generation_originale,racisme,0.6,,796,1,,2026-08-22T14:35:11
rxa_0125,groq_gptoss,openai/gpt-oss-120b,racisme,haine_implicite,tri_manuel,xenophobie,0.6,,1071,1,,2026-08-22T14:35:15
rxa_0673,groq_gptoss,openai/gpt-oss-120b,xénophobie,haine_explicite,generation_originale,xenophobie,0.98,,432,1,,2026-08-22T14:35:17
rxa_0143,groq_gptoss,openai/gpt-oss-120b,racisme,stereotype,tri_manuel,xenophobie,0.73,,542,1,,2026-08-22T14:35:20
rxa_1253,groq_gptoss,openai/gpt-oss-120b,antisémitisme,stereotype,generation_originale,xenophobie,0.6,,770,1,,2026-08-22T14:35:23
rxa_0180,groq_gptoss,openai/gpt-oss-120b,racisme,haine_explicite,tri_manuel,racisme,0.95,,584,1,,2026-08-22T14:35:26
rxa_0693,groq_gptoss,openai/gpt-oss-120b,xénophobie,haine_explicite,generation_originale,xenophobie,0.92,,366,1,,2026-08-22T14:35:28
rxa_0866,groq_gptoss,openai/gpt-oss-120b,xénophobie,exclusion,hardcase,racisme,0.85,,548,1,,2026-08-22T14:35:31
rxa_0728,groq_gptoss,openai/gpt-oss-120b,xénophobie,haine_implicite,generation_originale,xenophobie,0.65,,587,1,,2026-08-22T14:35:34
rxa_1062,groq_gptoss,openai/gpt-oss-120b,antisémitisme,complotisme,transfert_racisme_antisemitisme,antisemitisme,0.98,,446,1,,2026-08-22T14:35:37
rxa_0993,groq_gptoss,openai/gpt-oss-120b,antisémitisme,stereotype,transfert_racisme_antisemitisme,antisemitisme,0.96,,570,1,,2026-08-22T14:35:39
rxa_0651,groq_gptoss,openai/gpt-oss-120b,xénophobie,dog_whistle,transfert_racisme_xenophobie,xenophobie,0.85,,720,1,,2026-08-22T14:35:42
rxa_0580,groq_gptoss,openai/gpt-oss-120b,xénophobie,haine_implicite,transfert_racisme_xenophobie,xenophobie,0.95,,633,1,,2026-08-22T14:35:45
rxa_0146,groq_gptoss,openai/gpt-oss-120b,racisme,stereotype,tri_manuel,xenophobie,0.6,,804,1,,2026-08-22T14:35:48
rxa_1107,groq_gptoss,openai/gpt-oss-120b,antisémitisme,haine_explicite,transfert_racisme_antisemitisme,antisemitisme,0.99,,457,1,,2026-08-22T14:35:51
rxa_1084,groq_gptoss,openai/gpt-oss-120b,antisémitisme,haine_explicite,transfert_racisme_antisemitisme,antisemitisme,0.99,,459,1,,2026-08-22T14:35:54
rxa_0365,groq_gptoss,openai/gpt-oss-120b,racisme,haine_explicite,tri_manuel,racisme,0.96,,419,1,,2026-08-22T14:35:56
rxa_0647,groq_gptoss,openai/gpt-oss-120b,xénophobie,dog_whistle,transfert_racisme_xenophobie,xenophobie,0.96,,553,1,,2026-08-22T14:35:59
rxa_0378,groq_gptoss,openai/gpt-oss-120b,antisémitisme,haine_explicite,tri_manuel,antisemitisme,0.99,,253,1,,2026-08-22T14:36:02
rxa_0636,groq_gptoss,openai/gpt-oss-120b,xénophobie,dog_whistle,transfert_racisme_xenophobie,xenophobie,0.85,,773,1,,2026-08-22T14:36:05
rxa_0742,groq_gptoss,openai/gpt-oss-120b,xénophobie,haine_implicite,generation_originale,xenophobie,0.6,,702,1,,2026-08-22T14:36:07
rxa_1271,groq_gptoss,openai/gpt-oss-120b,antisémitisme,sarcasme,generation_originale,racisme,0.1,,870,1,,2026-08-22T14:36:11
rxa_0581,groq_gptoss,openai/gpt-oss-120b,xénophobie,haine_implicite,transfert_racisme_xenophobie,xenophobie,0.96,,458,1,,2026-08-22T14:36:13
rxa_1467,groq_gptoss,openai/gpt-oss-120b,racisme,dog_whistle,generation_complement,xenophobie,0.85,,526,1,,2026-08-22T14:36:16
rxa_0501,groq_gptoss,openai/gpt-oss-120b,racisme,stereotype,generation_originale,xenophobie,0.62,,935,1,,2026-08-22T14:36:19
rxa_0048,groq_gptoss,openai/gpt-oss-120b,racisme,stereotype,tri_manuel,xenophobie,0.73,,736,1,,2026-08-22T14:36:22
rxa_1185,groq_gptoss,openai/gpt-oss-120b,antisémitisme,haine_explicite,generation_originale,antisemitisme,0.99,,918,1,,2026-08-22T14:36:25
rxa_0537,groq_gptoss,openai/gpt-oss-120b,xénophobie,haine_explicite,transfert_racisme_xenophobie,xenophobie,0.96,,539,1,,2026-08-22T14:36:28
rxa_1435,groq_gptoss,openai/gpt-oss-120b,racisme,haine_implicite,generation_complement,xenophobie,0.45,,744,1,,2026-08-22T14:36:31
rxa_1482,groq_gptoss,openai/gpt-oss-120b,xénophobie,haine_explicite,generation_complement,xenophobie,0.97,,502,1,,2026-08-22T14:36:34
rxa_0643,groq_gptoss,openai/gpt-oss-120b,xénophobie,dog_whistle,transfert_racisme_xenophobie,xenophobie,0.96,,430,1,,2026-08-22T14:36:36
rxa_1050,groq_gptoss,openai/gpt-oss-120b,antisémitisme,stereotype,transfert_racisme_antisemitisme,antisemitisme,0.99,,375,1,,2026-08-22T14:36:39
rxa_0923,groq_gptoss,openai/gpt-oss-120b,xénophobie,sarcasme,hardcase,racisme,0.9,,857,1,,2026-08-22T14:36:42
rxa_0612,groq_gptoss,openai/gpt-oss-120b,xénophobie,exclusion,transfert_racisme_xenophobie,racisme,0.97,,532,1,,2026-08-22T14:36:45
rxa_1165,groq_gptoss,openai/gpt-oss-120b,antisémitisme,haine_explicite,generation_originale,antisemitisme,0.99,,455,1,,2026-08-22T14:36:47
rxa_0283,groq_gptoss,openai/gpt-oss-120b,xénophobie,exclusion,tri_manuel,xenophobie,0.96,,607,1,,2026-08-22T14:36:50
rxa_0761,groq_gptoss,openai/gpt-oss-120b,xénophobie,stereotype,generation_originale,xenophobie,0.85,,624,1,,2026-08-22T14:36:53
rxa_0171,groq_gptoss,openai/gpt-oss-120b,racisme,haine_explicite,tri_manuel,racisme,0.97,,287,1,,2026-08-22T14:36:55
rxa_1179,groq_gptoss,openai/gpt-oss-120b,antisémitisme,haine_explicite,generation_originale,antisemitisme,0.99,,440,1,,2026-08-22T14:36:58
rxa_0602,groq_gptoss,openai/gpt-oss-120b,xénophobie,exclusion,transfert_racisme_xenophobie,xenophobie,0.95,,1007,1,,2026-08-22T14:37:01
rxa_0214,groq_gptoss,openai/gpt-oss-120b,antisémitisme,haine_explicite,tri_manuel,antisemitisme,0.99,,374,1,,2026-08-22T14:37:04
rxa_0354,groq_gptoss,openai/gpt-oss-120b,racisme,haine_explicite,tri_manuel,racisme,0.98,,516,1,,2026-08-22T14:37:07
rxa_0060,groq_gptoss,openai/gpt-oss-120b,racisme,stereotype,tri_manuel,xenophobie,0.3,,573,1,,2026-08-22T14:37:09
rxa_1368,groq_gptoss,openai/gpt-oss-120b,antisémitisme,stereotype,hardcase,racisme,0.55,,1038,1,,2026-08-22T14:37:13
rxa_0744,groq_gptoss,openai/gpt-oss-120b,xénophobie,haine_implicite,generation_originale,xenophobie,0.2,,1046,1,,2026-08-22T14:37:16
rxa_0343,groq_gptoss,openai/gpt-oss-120b,racisme,haine_explicite,tri_manuel,racisme,0.95,,492,1,,2026-08-22T14:37:19
rxa_0230,groq_gptoss,openai/gpt-oss-120b,xénophobie,dog_whistle,tri_manuel,xenophobie,0.73,,521,1,,2026-08-22T14:37:21
rxa_0083,groq_gptoss,openai/gpt-oss-120b,racisme,exclusion,tri_manuel,xenophobie,0.6,,758,1,,2026-08-22T14:37:24
rxa_0150,groq_gptoss,openai/gpt-oss-120b,racisme,hostilite_religieuse,tri_manuel,xenophobie,0.3,,868,1,,2026-08-22T14:37:27
rxa_0717,groq_gptoss,openai/gpt-oss-120b,xénophobie,haine_implicite,generation_originale,xenophobie,0.55,,673,1,,2026-08-22T14:37:30
rxa_0671,groq_gptoss,openai/gpt-oss-120b,xénophobie,haine_explicite,generation_originale,xenophobie,0.99,,254,1,,2026-08-22T14:37:33
rxa_0884,groq_gptoss,openai/gpt-oss-120b,xénophobie,ambigu,hardcase,xenophobie,0.9,,928,1,,2026-08-22T14:37:36
rxa_1425,groq_gptoss,openai/gpt-oss-120b,racisme,haine_explicite,generation_complement,racisme,0.96,,487,1,,2026-08-22T14:37:39
rxa_0304,groq_gptoss,openai/gpt-oss-120b,racisme,haine_explicite,tri_manuel,racisme,0.96,,834,1,,2026-08-22T14:37:42
rxa_1273,groq_gptoss,openai/gpt-oss-120b,antisémitisme,dog_whistle,generation_originale,xenophobie,0.7,,913,1,,2026-08-22T14:37:45
rxa_0719,groq_gptoss,openai/gpt-oss-120b,xénophobie,haine_implicite,generation_originale,xenophobie,0.95,,522,1,,2026-08-22T14:37:47
rxa_0282,groq_gptoss,openai/gpt-oss-120b,racisme,haine_explicite,tri_manuel,racisme,0.96,,494,1,,2026-08-22T14:37:50
rxa_1153,groq_gptoss,openai/gpt-oss-120b,antisémitisme,haine_explicite,generation_originale,antisemitisme,0.99,,447,1,,2026-08-22T14:37:53
rxa_1398,groq_gptoss,openai/gpt-oss-120b,antisémitisme,haine_implicite,hardcase,racisme,0.1,,1230,1,,2026-08-22T14:37:56
rxa_1175,groq_gptoss,openai/gpt-oss-120b,antisémitisme,haine_explicite,generation_originale,antisemitisme,0.99,,261,1,,2026-08-22T14:37:59
rxa_1354,groq_gptoss,openai/gpt-oss-120b,antisémitisme,haine_implicite,hardcase,xenophobie,0.15,,653,1,,2026-08-22T14:38:02
rxa_1126,groq_gptoss,openai/gpt-oss-120b,antisémitisme,complotisme,transfert_racisme_antisemitisme,antisemitisme,0.99,,323,1,,2026-08-22T14:38:04
rxa_1119,groq_gptoss,openai/gpt-oss-120b,antisémitisme,haine_implicite,transfert_racisme_antisemitisme,antisemitisme,0.99,,478,1,,2026-08-22T14:38:07
rxa_1307,groq_gptoss,openai/gpt-oss-120b,antisémitisme,stereotype,hardcase,racisme,0.1,,936,1,,2026-08-22T14:38:10
rxa_1224,groq_gptoss,openai/gpt-oss-120b,antisémitisme,haine_implicite,generation_originale,antisemitisme,0.6,,567,1,,2026-08-22T14:38:13
rxa_1304,groq_gptoss,openai/gpt-oss-120b,antisémitisme,haine_implicite,hardcase,antisemitisme,0.2,,805,1,,2026-08-22T14:38:16
rxa_0152,groq_gptoss,openai/gpt-oss-120b,xénophobie,exclusion,tri_manuel,racisme,0.2,,610,1,,2026-08-22T14:38:19
rxa_0678,groq_gptoss,openai/gpt-oss-120b,xénophobie,haine_explicite,generation_originale,xenophobie,0.98,,657,1,,2026-08-22T14:38:21
rxa_0030,groq_gptoss,openai/gpt-oss-120b,racisme,stereotype,tri_manuel,xenophobie,0.7,,1375,1,,2026-08-22T14:38:25
rxa_1063,groq_gptoss,openai/gpt-oss-120b,antisémitisme,complotisme,transfert_racisme_antisemitisme,antisemitisme,0.98,,458,1,,2026-08-22T14:38:28
rxa_1174,groq_gptoss,openai/gpt-oss-120b,antisémitisme,haine_explicite,generation_originale,antisemitisme,0.99,,476,1,,2026-08-22T14:38:30
rxa_0676,groq_gptoss,openai/gpt-oss-120b,xénophobie,haine_explicite,generation_originale,xenophobie,0.97,,450,1,,2026-08-22T14:38:33
rxa_0352,groq_gptoss,openai/gpt-oss-120b,racisme,haine_explicite,tri_manuel,racisme,0.96,,611,1,,2026-08-22T14:38:36
rxa_0557,groq_gptoss,openai/gpt-oss-120b,xénophobie,haine_explicite,transfert_racisme_xenophobie,xenophobie,0.98,,928,1,,2026-08-22T14:38:39
rxa_0127,groq_gptoss,openai/gpt-oss-120b,xénophobie,dog_whistle,tri_manuel,xenophobie,0.65,,1509,1,,2026-08-22T14:38:43
rxa_0400,groq_gptoss,openai/gpt-oss-120b,racisme,haine_explicite,tri_manuel,racisme,0.98,,419,1,,2026-08-22T14:38:45
rxa_0021,groq_gptoss,openai/gpt-oss-120b,racisme,stereotype,tri_manuel,racisme,0.6,,522,1,,2026-08-22T14:38:48
rxa_0958,groq_gptoss,openai/gpt-oss-120b,antisémitisme,stereotype,transfert_racisme_antisemitisme,antisemitisme,0.98,,445,1,,2026-08-22T14:38:51
rxa_0436,groq_gptoss,openai/gpt-oss-120b,racisme,haine_explicite,generation_originale,xenophobie,0.7,,1086,1,,2026-08-22T14:38:54
rxa_0657,groq_gptoss,openai/gpt-oss-120b,xénophobie,ambigu,transfert_racisme_xenophobie,xenophobie,0.96,,470,1,,2026-08-22T14:38:57
rxa_0972,groq_gptoss,openai/gpt-oss-120b,antisémitisme,stereotype,transfert_racisme_antisemitisme,antisemitisme,0.98,,424,1,,2026-08-22T14:38:59
rxa_0711,groq_gptoss,openai/gpt-oss-120b,xénophobie,haine_explicite,generation_originale,xenophobie,0.97,,274,1,,2026-08-22T14:39:02
rxa_0111,groq_gptoss,openai/gpt-oss-120b,racisme,stereotype,tri_manuel,xenophobie,0.62,,754,1,,2026-08-22T14:39:05
rxa_0471,groq_gptoss,openai/gpt-oss-120b,racisme,haine_implicite,generation_originale,xenophobie,0.73,,425,1,,2026-08-22T14:39:07
rxa_0552,groq_gptoss,openai/gpt-oss-120b,xénophobie,haine_explicite,transfert_racisme_xenophobie,xenophobie,0.98,,305,1,,2026-08-22T14:39:10
rxa_0036,groq_gptoss,openai/gpt-oss-120b,racisme,stereotype,tri_manuel,xenophobie,0.82,,635,1,,2026-08-22T14:39:13
rxa_0012,groq_gptoss,openai/gpt-oss-120b,racisme,hostilite_religieuse,tri_manuel,xenophobie,0.6,,907,1,,2026-08-22T14:39:16
rxa_0803,groq_gptoss,openai/gpt-oss-120b,xénophobie,dog_whistle,generation_originale,xenophobie,0.55,,820,1,,2026-08-22T14:39:19
rxa_1433,groq_gptoss,openai/gpt-oss-120b,racisme,haine_implicite,generation_complement,xenophobie,0.78,,469,1,,2026-08-22T14:39:22
rxa_1249,groq_gptoss,openai/gpt-oss-120b,antisémitisme,stereotype,generation_originale,racisme,0.6,,878,1,,2026-08-22T14:39:25
rxa_1487,groq_gptoss,openai/gpt-oss-120b,xénophobie,haine_implicite,generation_complement,xenophobie,0.85,,522,1,,2026-08-22T14:39:27
rxa_0835,groq_gptoss,openai/gpt-oss-120b,xénophobie,haine_implicite,hardcase,xenophobie,0.3,,811,1,,2026-08-22T14:39:30
rxa_0626,groq_gptoss,openai/gpt-oss-120b,xénophobie,sarcasme,transfert_racisme_xenophobie,xenophobie,0.75,,599,1,,2026-08-22T14:39:33
rxa_0338,groq_gptoss,openai/gpt-oss-120b,xénophobie,exclusion,tri_manuel,xenophobie,0.96,,468,1,,2026-08-22T14:39:36
rxa_0381,groq_gptoss,openai/gpt-oss-120b,racisme,haine_explicite,tri_manuel,racisme,0.98,,637,1,,2026-08-22T14:39:39
rxa_1355,groq_gptoss,openai/gpt-oss-120b,antisémitisme,sarcasme,hardcase,racisme,0.3,,1180,1,,2026-08-22T14:39:42
rxa_0879,groq_gptoss,openai/gpt-oss-120b,xénophobie,haine_implicite,hardcase,xenophobie,0.4,,809,1,,2026-08-22T14:39:45
rxa_1303,groq_gptoss,openai/gpt-oss-120b,antisémitisme,stereotype,hardcase,antisemitisme,0.85,,405,1,,2026-08-22T14:39:48
rxa_0874,groq_gptoss,openai/gpt-oss-120b,xénophobie,haine_implicite,hardcase,xenophobie,0.6,,754,1,,2026-08-22T14:39:51
rxa_0956,groq_gptoss,openai/gpt-oss-120b,antisémitisme,stereotype,transfert_racisme_antisemitisme,antisemitisme,0.99,,382,1,,2026-08-22T14:39:53
rxa_0697,groq_gptoss,openai/gpt-oss-120b,xénophobie,haine_explicite,generation_originale,xenophobie,0.98,,439,1,,2026-08-22T14:39:56
rxa_1446,groq_gptoss,openai/gpt-oss-120b,racisme,stereotype,generation_complement,racisme,0.98,,470,1,,2026-08-22T14:39:59
rxa_0023,groq_gptoss,openai/gpt-oss-120b,racisme,stereotype,tri_manuel,racisme,0.6,,1075,1,,2026-08-22T14:40:02
rxa_0640,groq_gptoss,openai/gpt-oss-120b,xénophobie,dog_whistle,transfert_racisme_xenophobie,xenophobie,0.95,,637,1,,2026-08-22T14:40:05
rxa_0069,groq_gptoss,openai/gpt-oss-120b,racisme,haine_explicite,tri_manuel,racisme,0.7,,1009,1,,2026-08-22T14:40:08
rxa_0997,groq_gptoss,openai/gpt-oss-120b,antisémitisme,complotisme,transfert_racisme_antisemitisme,antisemitisme,0.99,,684,1,,2026-08-22T14:40:11
rxa_1189,groq_gptoss,openai/gpt-oss-120b,antisémitisme,haine_explicite,generation_originale,antisemitisme,0.99,,683,1,,2026-08-22T14:40:14
rxa_1177,groq_gptoss,openai/gpt-oss-120b,antisémitisme,haine_explicite,generation_originale,antisemitisme,0.99,,604,1,,2026-08-22T14:40:17
rxa_0804,groq_gptoss,openai/gpt-oss-120b,xénophobie,dog_whistle,generation_originale,xenophobie,0.96,,420,1,,2026-08-22T14:40:19
rxa_1139,groq_gptoss,openai/gpt-oss-120b,antisémitisme,haine_explicite,transfert_racisme_antisemitisme,antisemitisme,0.99,,424,1,,2026-08-22T14:40:22
rxa_1265,groq_gptoss,openai/gpt-oss-120b,antisémitisme,sarcasme,generation_originale,racisme,0.6,,994,1,,2026-08-22T14:40:25
rxa_0701,groq_gptoss,openai/gpt-oss-120b,xénophobie,haine_explicite,generation_originale,xenophobie,0.97,,435,1,,2026-08-22T14:40:28
rxa_0516,groq_gptoss,openai/gpt-oss-120b,racisme,dog_whistle,generation_originale,xenophobie,0.96,,680,1,,2026-08-22T14:40:31
rxa_0367,groq_gptoss,openai/gpt-oss-120b,racisme,haine_explicite,tri_manuel,racisme,0.95,,536,1,,2026-08-22T14:40:33
rxa_1454,groq_gptoss,openai/gpt-oss-120b,racisme,stereotype,generation_complement,racisme,0.8,,592,1,,2026-08-22T14:40:36
rxa_1319,groq_gptoss,openai/gpt-oss-120b,antisémitisme,stereotype,hardcase,racisme,0.6,,1006,1,,2026-08-22T14:40:39
rxa_0235,groq_gptoss,openai/gpt-oss-120b,antisémitisme,haine_explicite,tri_manuel,antisemitisme,0.7,,864,1,,2026-08-22T14:40:42
rxa_0514,groq_gptoss,openai/gpt-oss-120b,racisme,dog_whistle,generation_originale,xenophobie,0.92,,460,1,,2026-08-22T14:40:45
rxa_0933,groq_gptoss,openai/gpt-oss-120b,xénophobie,haine_implicite,hardcase,xenophobie,0.4,,1441,1,,2026-08-22T14:40:49
rxa_0505,groq_gptoss,openai/gpt-oss-120b,racisme,sarcasme,generation_originale,xenophobie,0.85,,292,1,,2026-08-22T14:40:51
rxa_1021,groq_gptoss,openai/gpt-oss-120b,antisémitisme,haine_implicite,transfert_racisme_antisemitisme,antisemitisme,0.96,,298,1,,2026-08-22T14:40:54
rxa_1144,groq_gptoss,openai/gpt-oss-120b,antisémitisme,haine_implicite,transfert_racisme_antisemitisme,antisemitisme,0.99,,254,1,,2026-08-22T14:40:56
rxa_0185,groq_gptoss,openai/gpt-oss-120b,racisme,haine_explicite,tri_manuel,racisme,0.96,,514,1,,2026-08-22T14:40:59
rxa_1030,groq_gptoss,openai/gpt-oss-120b,antisémitisme,exclusion,transfert_racisme_antisemitisme,antisemitisme,0.96,,507,1,,2026-08-22T14:41:02
rxa_0573,groq_gptoss,openai/gpt-oss-120b,xénophobie,haine_implicite,transfert_racisme_xenophobie,xenophobie,0.92,,929,1,,2026-08-22T14:41:05
rxa_0473,groq_gptoss,openai/gpt-oss-120b,racisme,haine_implicite,generation_originale,xenophobie,0.3,,598,1,,2026-08-22T14:41:08
rxa_0845,groq_gptoss,openai/gpt-oss-120b,xénophobie,sarcasme,hardcase,xenophobie,0.96,,525,1,,2026-08-22T14:41:10
rxa_0827,groq_gptoss,openai/gpt-oss-120b,xénophobie,exclusion,hardcase,xenophobie,0.78,,400,1,,2026-08-22T14:41:13
rxa_0968,groq_gptoss,openai/gpt-oss-120b,antisémitisme,hostilite_religieuse,transfert_racisme_antisemitisme,antisemitisme,0.96,,287,1,,2026-08-22T14:41:16
rxa_1200,groq_gptoss,openai/gpt-oss-120b,antisémitisme,haine_implicite,generation_originale,racisme,0.1,,888,1,,2026-08-22T14:41:19
rxa_1121,groq_gptoss,openai/gpt-oss-120b,antisémitisme,haine_explicite,transfert_racisme_antisemitisme,antisemitisme,0.99,,450,1,,2026-08-22T14:41:21
rxa_0492,groq_gptoss,openai/gpt-oss-120b,racisme,stereotype,generation_originale,racisme,0.95,,874,1,,2026-08-22T14:41:24
rxa_0822,groq_gptoss,openai/gpt-oss-120b,xénophobie,exclusion,hardcase,xenophobie,0.78,,550,1,,2026-08-22T14:41:27
rxa_0954,groq_gptoss,openai/gpt-oss-120b,xénophobie,haine_implicite,hardcase,xenophobie,0.2,,653,1,,2026-08-22T14:41:30
rxa_0415,groq_gptoss,openai/gpt-oss-120b,racisme,haine_explicite,generation_originale,xenophobie,0.73,,877,1,,2026-08-22T14:41:33
rxa_0043,groq_gptoss,openai/gpt-oss-120b,racisme,haine_implicite,tri_manuel,xenophobie,0.73,,525,1,,2026-08-22T14:41:36
rxa_0131,groq_gptoss,openai/gpt-oss-120b,racisme,stereotype,tri_manuel,xenophobie,0.6,,854,1,,2026-08-22T14:41:39
rxa_1159,groq_gptoss,openai/gpt-oss-120b,antisémitisme,haine_explicite,generation_originale,antisemitisme,0.99,,524,1,,2026-08-22T14:41:42
rxa_1348,groq_gptoss,openai/gpt-oss-120b,antisémitisme,haine_implicite,hardcase,racisme,0.12,,569,1,,2026-08-22T14:41:44
rxa_1408,groq_gptoss,openai/gpt-oss-120b,antisémitisme,sarcasme,hardcase,racisme,0.1,,1558,1,,2026-08-22T14:41:48
rxa_0715,groq_gptoss,openai/gpt-oss-120b,xénophobie,haine_explicite,generation_originale,xenophobie,0.96,,301,1,,2026-08-22T14:41:51
rxa_0394,groq_gptoss,openai/gpt-oss-120b,antisémitisme,haine_explicite,tri_manuel,antisemitisme,0.96,,647,1,,2026-08-22T14:41:54
rxa_1387,groq_gptoss,openai/gpt-oss-120b,antisémitisme,ambigu,hardcase,racisme,0.0,,1055,1,,2026-08-22T14:41:57
rxa_0014,groq_gptoss,openai/gpt-oss-120b,racisme,hostilite_religieuse,tri_manuel,xenophobie,0.35,,715,1,,2026-08-22T14:42:00
rxa_1337,groq_gptoss,openai/gpt-oss-120b,antisémitisme,haine_implicite,hardcase,antisemitisme,0.6,,988,1,,2026-08-22T14:42:03
rxa_1261,groq_gptoss,openai/gpt-oss-120b,antisémitisme,sarcasme,generation_originale,racisme,0.3,,808,1,,2026-08-22T14:42:06
rxa_1218,groq_gptoss,openai/gpt-oss-120b,antisémitisme,haine_implicite,generation_originale,racisme,0.0,,864,1,,2026-08-22T14:42:09
rxa_0098,groq_gptoss,openai/gpt-oss-120b,racisme,stereotype,tri_manuel,xenophobie,0.7,,726,1,,2026-08-22T14:42:12
rxa_1338,groq_gptoss,openai/gpt-oss-120b,antisémitisme,ambigu,hardcase,racisme,0.0,,703,1,,2026-08-22T14:42:15
rxa_1193,groq_gptoss,openai/gpt-oss-120b,antisémitisme,haine_implicite,generation_originale,antisemitisme,0.62,,752,1,,2026-08-22T14:42:18
rxa_0429,groq_gptoss,openai/gpt-oss-120b,racisme,haine_explicite,generation_originale,xenophobie,0.8,,946,1,,2026-08-22T14:42:21
rxa_1297,groq_gptoss,openai/gpt-oss-120b,antisémitisme,stereotype,hardcase,antisemitisme,0.85,,566,1,,2026-08-22T14:42:24
rxa_1347,groq_gptoss,openai/gpt-oss-120b,antisémitisme,ambigu,hardcase,racisme,0.0,,1036,1,,2026-08-22T14:42:27
rxa_0231,groq_gptoss,openai/gpt-oss-120b,racisme,haine_explicite,tri_manuel,racisme,0.9,,742,1,,2026-08-22T14:42:30
rxa_0814,groq_gptoss,openai/gpt-oss-120b,xénophobie,ambigu,generation_originale,xenophobie,0.6,,709,1,,2026-08-22T14:42:33
rxa_0585,groq_gptoss,openai/gpt-oss-120b,xénophobie,haine_implicite,transfert_racisme_xenophobie,xenophobie,0.96,,314,1,,2026-08-22T14:42:36
rxa_0917,groq_gptoss,openai/gpt-oss-120b,xénophobie,sarcasme,hardcase,xenophobie,0.78,,779,1,,2026-08-22T14:42:39
rxa_0047,groq_gptoss,openai/gpt-oss-120b,racisme,exclusion,tri_manuel,xenophobie,0.62,,956,1,,2026-08-22T14:42:42
rxa_0142,groq_gptoss,openai/gpt-oss-120b,racisme,haine_explicite,tri_manuel,xenophobie,0.8,,720,1,,2026-08-22T14:42:45
rxa_0174,groq_gptoss,openai/gpt-oss-120b,racisme,haine_explicite,tri_manuel,racisme,0.99,,1579,1,,2026-08-22T17:03:05
rxa_0278,groq_gptoss,openai/gpt-oss-120b,racisme,haine_implicite,tri_manuel,xenophobie,0.85,,1340,1,,2026-08-22T17:03:09
rxa_0563,groq_gptoss,openai/gpt-oss-120b,xénophobie,haine_explicite,transfert_racisme_xenophobie,xenophobie,0.97,,1488,1,,2026-08-22T17:03:12
rxa_1072,groq_gptoss,openai/gpt-oss-120b,antisémitisme,stereotype,transfert_racisme_antisemitisme,antisemitisme,0.96,,508,1,,2026-08-22T17:03:15
rxa_1426,groq_gptoss,openai/gpt-oss-120b,racisme,haine_explicite,generation_complement,racisme,0.85,,1584,1,,2026-08-22T17:03:19
rxa_1164,groq_gptoss,openai/gpt-oss-120b,antisémitisme,haine_explicite,generation_originale,antisemitisme,0.99,,548,1,,2026-08-22T17:03:22
rxa_0797,groq_gptoss,openai/gpt-oss-120b,xénophobie,dog_whistle,generation_originale,xenophobie,0.85,,397,1,,2026-08-22T17:03:24
rxa_1284,groq_gptoss,openai/gpt-oss-120b,antisémitisme,dog_whistle,generation_originale,xenophobie,0.73,,454,1,,2026-08-22T17:03:27
rxa_0091,groq_gptoss,openai/gpt-oss-120b,xénophobie,haine_implicite,tri_manuel,xenophobie,0.96,,402,1,,2026-08-22T17:03:29
rxa_0549,groq_gptoss,openai/gpt-oss-120b,xénophobie,haine_explicite,transfert_racisme_xenophobie,xenophobie,0.95,,555,1,,2026-08-22T17:03:32
rxa_0186,groq_gptoss,openai/gpt-oss-120b,racisme,stereotype,tri_manuel,racisme,0.9,,665,1,,2026-08-22T17:03:35
rxa_0808,groq_gptoss,openai/gpt-oss-120b,xénophobie,dog_whistle,generation_originale,xenophobie,0.3,,1514,1,,2026-08-22T17:03:39
rxa_1052,groq_gptoss,openai/gpt-oss-120b,antisémitisme,stereotype,transfert_racisme_antisemitisme,antisemitisme,0.99,,255,1,,2026-08-22T17:03:41
rxa_0361,groq_gptoss,openai/gpt-oss-120b,racisme,haine_explicite,tri_manuel,racisme,0.97,,827,1,,2026-08-22T17:03:44
rxa_1255,groq_gptoss,openai/gpt-oss-120b,antisémitisme,stereotype,generation_originale,antisemitisme,0.6,,670,1,,2026-08-22T17:03:47
rxa_1272,groq_gptoss,openai/gpt-oss-120b,antisémitisme,dog_whistle,generation_originale,antisemitisme,0.7,,1052,1,,2026-08-22T17:03:50
rxa_0656,groq_gptoss,openai/gpt-oss-120b,xénophobie,ambigu,transfert_racisme_xenophobie,xenophobie,0.85,,533,1,,2026-08-22T17:03:53
rxa_1320,groq_gptoss,openai/gpt-oss-120b,antisémitisme,haine_implicite,hardcase,racisme,0.2,,667,1,,2026-08-22T17:03:56
rxa_0053,groq_gptoss,openai/gpt-oss-120b,racisme,stereotype,tri_manuel,xenophobie,0.6,,2805,1,,2026-08-22T17:04:01
rxa_0340,groq_gptoss,openai/gpt-oss-120b,racisme,sarcasme,tri_manuel,racisme,0.96,,5568,1,,2026-08-22T17:04:09
rxa_0716,groq_gptoss,openai/gpt-oss-120b,xénophobie,haine_implicite,generation_originale,xenophobie,0.96,,2517,1,,2026-08-22T17:04:14
rxa_0696,groq_gptoss,openai/gpt-oss-120b,xénophobie,haine_explicite,generation_originale,xenophobie,0.98,,2606,1,,2026-08-22T17:04:18
rxa_1378,groq_gptoss,openai/gpt-oss-120b,antisémitisme,ambigu,hardcase,racisme,0.0,,742,1,,2026-08-22T17:04:21
rxa_1485,groq_gptoss,openai/gpt-oss-120b,xénophobie,haine_explicite,generation_complement,xenophobie,0.92,,4537,1,,2026-08-22T17:04:28
rxa_0293,groq_gptoss,openai/gpt-oss-120b,racisme,haine_implicite,tri_manuel,racisme,0.75,,4606,1,,2026-08-22T17:04:35
rxa_0713,groq_gptoss,openai/gpt-oss-120b,xénophobie,haine_explicite,generation_originale,xenophobie,0.98,,1329,1,,2026-08-22T17:04:38
rxa_0694,groq_gptoss,openai/gpt-oss-120b,xénophobie,haine_explicite,generation_originale,xenophobie,0.98,,4901,1,,2026-08-22T17:04:46
rxa_0306,groq_gptoss,openai/gpt-oss-120b,racisme,haine_explicite,tri_manuel,racisme,0.98,,866,1,,2026-08-22T17:04:49
rxa_0578,groq_gptoss,openai/gpt-oss-120b,xénophobie,haine_implicite,transfert_racisme_xenophobie,xenophobie,0.2,,3111,1,,2026-08-22T17:04:54
rxa_1472,groq_gptoss,openai/gpt-oss-120b,racisme,dog_whistle,generation_complement,racisme,0.7,,490,1,,2026-08-22T17:04:57
rxa_0970,groq_gptoss,openai/gpt-oss-120b,antisémitisme,exclusion,transfert_racisme_antisemitisme,antisemitisme,0.98,,1086,1,,2026-08-22T17:05:00
rxa_0947,groq_gptoss,openai/gpt-oss-120b,xénophobie,ambigu,hardcase,xenophobie,0.73,,695,1,,2026-08-22T17:05:03
rxa_0648,groq_gptoss,openai/gpt-oss-120b,xénophobie,dog_whistle,transfert_racisme_xenophobie,xenophobie,0.96,,527,1,,2026-08-22T17:05:06
rxa_1318,groq_gptoss,openai/gpt-oss-120b,antisémitisme,haine_implicite,hardcase,xenophobie,0.2,,2192,1,,2026-08-22T17:05:10
rxa_1416,groq_gptoss,openai/gpt-oss-120b,antisémitisme,ambigu,hardcase,racisme,0.01,,3989,1,,2026-08-22T17:05:16
rxa_1187,groq_gptoss,openai/gpt-oss-120b,antisémitisme,haine_explicite,generation_originale,antisemitisme,0.98,,1947,1,,2026-08-22T17:05:20
rxa_0699,groq_gptoss,openai/gpt-oss-120b,xénophobie,haine_explicite,generation_originale,xenophobie,0.98,,368,1,,2026-08-22T17:05:23
rxa_0284,groq_gptoss,openai/gpt-oss-120b,racisme,haine_implicite,tri_manuel,racisme,0.96,,616,1,,2026-08-22T17:05:26
rxa_1075,groq_gptoss,openai/gpt-oss-120b,antisémitisme,exclusion,transfert_racisme_antisemitisme,antisemitisme,0.95,,499,1,,2026-08-22T17:05:28
rxa_0100,groq_gptoss,openai/gpt-oss-120b,racisme,haine_explicite,tri_manuel,xenophobie,0.6,,1203,1,,2026-08-22T17:05:32
rxa_1044,groq_gptoss,openai/gpt-oss-120b,antisémitisme,stereotype,transfert_racisme_antisemitisme,antisemitisme,0.99,,456,1,,2026-08-22T17:05:35
rxa_0882,groq_gptoss,openai/gpt-oss-120b,xénophobie,haine_implicite,hardcase,xenophobie,0.62,,850,1,,2026-08-22T17:05:38
rxa_0148,groq_gptoss,openai/gpt-oss-120b,racisme,hostilite_religieuse,tri_manuel,racisme,0.3,,2128,1,,2026-08-22T17:05:42
rxa_0057,groq_gptoss,openai/gpt-oss-120b,racisme,stereotype,tri_manuel,racisme,0.6,,1634,1,,2026-08-22T17:05:46
rxa_1389,groq_gptoss,openai/gpt-oss-120b,antisémitisme,stereotype,hardcase,antisemitisme,0.6,,5817,1,,2026-08-22T17:05:54
rxa_1142,groq_gptoss,openai/gpt-oss-120b,antisémitisme,haine_explicite,transfert_racisme_antisemitisme,antisemitisme,0.96,,887,1,,2026-08-22T17:05:57
rxa_0066,groq_gptoss,openai/gpt-oss-120b,racisme,stereotype,tri_manuel,racisme,0.62,,3453,1,,2026-08-22T17:06:03
rxa_0220,groq_gptoss,openai/gpt-oss-120b,racisme,haine_explicite,tri_manuel,racisme,0.98,,4974,1,,2026-08-22T17:06:10
rxa_1315,groq_gptoss,openai/gpt-oss-120b,antisémitisme,haine_implicite,hardcase,racisme,0.2,,4414,1,,2026-08-22T17:06:16
rxa_0168,groq_gptoss,openai/gpt-oss-120b,racisme,haine_explicite,tri_manuel,racisme,0.98,,940,1,,2026-08-22T17:06:20
rxa_1031,groq_gptoss,openai/gpt-oss-120b,antisémitisme,exclusion,transfert_racisme_antisemitisme,antisemitisme,0.95,,424,1,,2026-08-22T17:06:22
rxa_1096,groq_gptoss,openai/gpt-oss-120b,antisémitisme,haine_explicite,transfert_racisme_antisemitisme,antisemitisme,0.99,,1067,1,,2026-08-22T17:06:25
rxa_1386,groq_gptoss,openai/gpt-oss-120b,antisémitisme,haine_implicite,hardcase,racisme,0.7,,1128,1,,2026-08-22T17:06:29
rxa_0135,groq_gptoss,openai/gpt-oss-120b,racisme,stereotype,tri_manuel,xenophobie,0.6,,1669,1,,2026-08-22T17:06:33
rxa_1409,groq_gptoss,openai/gpt-oss-120b,antisémitisme,stereotype,hardcase,racisme,0.2,,2616,1,,2026-08-22T17:06:37
rxa_1431,groq_gptoss,openai/gpt-oss-120b,racisme,haine_implicite,generation_complement,xenophobie,0.85,,668,1,,2026-08-22T17:06:40
rxa_0785,groq_gptoss,openai/gpt-oss-120b,xénophobie,sarcasme,generation_originale,xenophobie,0.85,,950,1,,2026-08-22T17:06:43
rxa_0077,groq_gptoss,openai/gpt-oss-120b,racisme,haine_implicite,tri_manuel,xenophobie,0.65,,2720,1,,2026-08-22T17:06:48
rxa_0757,groq_gptoss,openai/gpt-oss-120b,xénophobie,stereotype,generation_originale,xenophobie,0.96,,412,1,,2026-08-22T17:06:51
rxa_1464,groq_gptoss,openai/gpt-oss-120b,racisme,sarcasme,generation_complement,xenophobie,0.85,,677,1,,2026-08-22T17:06:54
rxa_1043,groq_gptoss,openai/gpt-oss-120b,antisémitisme,stereotype,transfert_racisme_antisemitisme,antisemitisme,0.99,,542,1,,2026-08-22T17:06:57
rxa_0674,groq_gptoss,openai/gpt-oss-120b,xénophobie,haine_explicite,generation_originale,xenophobie,0.98,,642,1,,2026-08-22T17:07:00
rxa_0395,groq_gptoss,openai/gpt-oss-120b,racisme,haine_explicite,tri_manuel,antisemitisme,0.95,,1104,1,,2026-08-22T17:07:03
rxa_0223,groq_gptoss,openai/gpt-oss-120b,antisémitisme,haine_explicite,tri_manuel,antisemitisme,0.96,,1641,1,,2026-08-22T17:07:07
rxa_0936,groq_gptoss,openai/gpt-oss-120b,xénophobie,haine_implicite,hardcase,racisme,0.0,,2297,1,,2026-08-22T17:07:11
rxa_1477,groq_gptoss,openai/gpt-oss-120b,racisme,ambigu,generation_complement,xenophobie,0.85,,1425,1,,2026-08-22T17:07:15
rxa_0219,groq_gptoss,openai/gpt-oss-120b,racisme,haine_explicite,tri_manuel,racisme,0.95,,1800,1,,2026-08-22T17:07:19
rxa_0197,groq_gptoss,openai/gpt-oss-120b,racisme,haine_explicite,tri_manuel,racisme,0.95,,1043,1,,2026-08-22T17:07:22
rxa_1342,groq_gptoss,openai/gpt-oss-120b,antisémitisme,dog_whistle,hardcase,racisme,0.0,,1188,1,,2026-08-22T17:07:26
rxa_1086,groq_gptoss,openai/gpt-oss-120b,antisémitisme,haine_explicite,transfert_racisme_antisemitisme,antisemitisme,0.96,,363,1,,2026-08-22T17:07:28
rxa_0595,groq_gptoss,openai/gpt-oss-120b,xénophobie,haine_implicite,transfert_racisme_xenophobie,xenophobie,0.96,,486,1,,2026-08-22T17:07:31
rxa_1421,groq_gptoss,openai/gpt-oss-120b,racisme,haine_explicite,generation_complement,xenophobie,0.85,,1671,1,,2026-08-22T17:07:35
rxa_1070,groq_gptoss,openai/gpt-oss-120b,antisémitisme,complotisme,transfert_racisme_antisemitisme,racisme,0.2,,664,1,,2026-08-22T17:07:38
rxa_0213,groq_gptoss,openai/gpt-oss-120b,xénophobie,dog_whistle,tri_manuel,xenophobie,0.95,,1171,1,,2026-08-22T17:07:41
rxa_0905,groq_gptoss,openai/gpt-oss-120b,xénophobie,dog_whistle,hardcase,racisme,0.1,,789,1,,2026-08-22T17:07:44
rxa_1104,groq_gptoss,openai/gpt-oss-120b,antisémitisme,haine_explicite,transfert_racisme_antisemitisme,antisemitisme,0.98,,1300,1,,2026-08-22T17:07:47
rxa_0593,groq_gptoss,openai/gpt-oss-120b,xénophobie,haine_implicite,transfert_racisme_xenophobie,xenophobie,0.97,,470,1,,2026-08-22T17:07:50
rxa_0762,groq_gptoss,openai/gpt-oss-120b,xénophobie,stereotype,generation_originale,xenophobie,0.97,,523,1,,2026-08-22T17:07:53
rxa_0406,groq_gptoss,openai/gpt-oss-120b,antisémitisme,haine_explicite,tri_manuel,antisemitisme,0.99,,1421,1,,2026-08-22T17:07:56
rxa_1393,groq_gptoss,openai/gpt-oss-120b,antisémitisme,haine_implicite,hardcase,racisme,0.1,,1175,1,,2026-08-22T17:08:00
rxa_0666,groq_gptoss,openai/gpt-oss-120b,xénophobie,ambigu,transfert_racisme_xenophobie,xenophobie,0.62,,1268,1,,2026-08-22T17:08:03
rxa_1060,groq_gptoss,openai/gpt-oss-120b,antisémitisme,complotisme,transfert_racisme_antisemitisme,antisemitisme,0.98,,1145,1,,2026-08-22T17:08:07
rxa_0619,groq_gptoss,openai/gpt-oss-120b,xénophobie,sarcasme,transfert_racisme_xenophobie,xenophobie,0.92,,325,1,,2026-08-22T17:08:09
rxa_0123,groq_gptoss,openai/gpt-oss-120b,racisme,stereotype,tri_manuel,xenophobie,0.7,,1119,1,,2026-08-22T17:08:13
rxa_0357,groq_gptoss,openai/gpt-oss-120b,racisme,haine_explicite,tri_manuel,racisme,0.95,,681,1,,2026-08-22T17:08:15
rxa_0110,groq_gptoss,openai/gpt-oss-120b,racisme,stereotype,tri_manuel,racisme,0.6,,972,1,,2026-08-22T17:08:19
rxa_0379,groq_gptoss,openai/gpt-oss-120b,racisme,haine_explicite,tri_manuel,racisme,0.98,,457,1,,2026-08-22T17:08:21
rxa_0292,groq_gptoss,openai/gpt-oss-120b,racisme,haine_implicite,tri_manuel,xenophobie,0.9,,692,1,,2026-08-22T17:08:24
rxa_0842,groq_gptoss,openai/gpt-oss-120b,xénophobie,sarcasme,hardcase,xenophobie,0.2,,1713,1,,2026-08-22T17:08:28
rxa_0885,groq_gptoss,openai/gpt-oss-120b,xénophobie,haine_implicite,hardcase,xenophobie,0.96,,1162,1,,2026-08-22T17:08:32
rxa_0510,groq_gptoss,openai/gpt-oss-120b,racisme,sarcasme,generation_originale,xenophobie,0.6,,1007,1,,2026-08-22T17:08:35
rxa_0250,groq_gptoss,openai/gpt-oss-120b,racisme,haine_implicite,tri_manuel,xenophobie,0.96,,446,1,,2026-08-22T17:08:37
rxa_0484,groq_gptoss,openai/gpt-oss-120b,racisme,stereotype,generation_originale,racisme,0.98,,268,1,,2026-08-22T17:08:40
rxa_0935,groq_gptoss,openai/gpt-oss-120b,xénophobie,haine_implicite,hardcase,racisme,0.3,,1786,1,,2026-08-22T17:08:44
rxa_0546,groq_gptoss,openai/gpt-oss-120b,xénophobie,haine_explicite,transfert_racisme_xenophobie,xenophobie,0.96,,952,1,,2026-08-22T17:08:47
rxa_1215,groq_gptoss,openai/gpt-oss-120b,antisémitisme,haine_implicite,generation_originale,antisemitisme,0.3,,990,1,,2026-08-22T17:08:50
rxa_0625,groq_gptoss,openai/gpt-oss-120b,xénophobie,sarcasme,transfert_racisme_xenophobie,xenophobie,0.9,,314,1,,2026-08-22T17:08:53
rxa_0324,groq_gptoss,openai/gpt-oss-120b,xénophobie,dog_whistle,tri_manuel,xenophobie,0.62,,1076,1,,2026-08-22T17:08:56
rxa_1010,groq_gptoss,openai/gpt-oss-120b,antisémitisme,stereotype,transfert_racisme_antisemitisme,antisemitisme,0.99,,1427,1,,2026-08-22T17:09:00
rxa_1083,groq_gptoss,openai/gpt-oss-120b,antisémitisme,stereotype,transfert_racisme_antisemitisme,antisemitisme,0.73,,526,1,,2026-08-22T17:09:02
rxa_0233,groq_gptoss,openai/gpt-oss-120b,racisme,haine_explicite,tri_manuel,racisme,0.96,,1055,1,,2026-08-22T17:09:06
rxa_0010,groq_gptoss,openai/gpt-oss-120b,racisme,stereotype,tri_manuel,xenophobie,0.6,,901,1,,2026-08-22T17:09:09
rxa_0238,groq_gptoss,openai/gpt-oss-120b,racisme,haine_explicite,tri_manuel,racisme,0.98,,497,1,,2026-08-22T17:09:11
rxa_0289,groq_gptoss,openai/gpt-oss-120b,xénophobie,haine_implicite,tri_manuel,xenophobie,0.95,,830,1,,2026-08-22T17:09:15
rxa_1197,groq_gptoss,openai/gpt-oss-120b,antisémitisme,haine_implicite,generation_originale,antisemitisme,0.6,,1027,1,,2026-08-22T17:09:18
rxa_0831,groq_gptoss,openai/gpt-oss-120b,xénophobie,haine_implicite,hardcase,xenophobie,0.85,,405,1,,2026-08-22T17:09:20
rxa_0444,groq_gptoss,openai/gpt-oss-120b,racisme,haine_explicite,generation_originale,racisme,0.95,,530,1,,2026-08-22T17:09:23
rxa_0547,groq_gptoss,openai/gpt-oss-120b,xénophobie,haine_explicite,transfert_racisme_xenophobie,xenophobie,0.96,,451,1,,2026-08-22T17:09:26
rxa_0258,groq_gptoss,openai/gpt-oss-120b,racisme,haine_explicite,tri_manuel,racisme,0.98,,1223,1,,2026-08-22T17:09:29
rxa_1365,groq_gptoss,openai/gpt-oss-120b,antisémitisme,dog_whistle,hardcase,,,reponse_vide,1206,1,,2026-08-22T17:09:33
rxa_1243,groq_gptoss,openai/gpt-oss-120b,antisémitisme,stereotype,generation_originale,xenophobie,0.6,,1154,1,,2026-08-22T17:09:36
rxa_0179,groq_gptoss,openai/gpt-oss-120b,xénophobie,dog_whistle,tri_manuel,xenophobie,0.73,,1573,1,,2026-08-22T17:09:40
rxa_0195,groq_gptoss,openai/gpt-oss-120b,racisme,haine_explicite,tri_manuel,racisme,0.96,,342,1,,2026-08-22T17:09:42
rxa_1040,groq_gptoss,openai/gpt-oss-120b,antisémitisme,haine_explicite,transfert_racisme_antisemitisme,antisemitisme,0.99,,1732,1,,2026-08-22T17:09:46
rxa_0914,groq_gptoss,openai/gpt-oss-120b,xénophobie,sarcasme,hardcase,xenophobie,0.85,,594,1,,2026-08-22T17:09:49
rxa_0241,groq_gptoss,openai/gpt-oss-120b,racisme,haine_explicite,tri_manuel,racisme,0.98,,580,1,,2026-08-22T17:09:52
rxa_1495,groq_gptoss,openai/gpt-oss-120b,xénophobie,dog_whistle,generation_complement,xenophobie,0.85,,756,1,,2026-08-22T17:09:55
rxa_0847,groq_gptoss,openai/gpt-oss-120b,xénophobie,dog_whistle,hardcase,xenophobie,0.96,,500,1,,2026-08-22T17:09:58
rxa_0810,groq_gptoss,openai/gpt-oss-120b,xénophobie,dog_whistle,generation_originale,xenophobie,0.96,,555,1,,2026-08-22T17:10:00
rxa_0302,groq_gptoss,openai/gpt-oss-120b,racisme,haine_explicite,tri_manuel,racisme,0.96,,678,1,,2026-08-22T17:10:03
rxa_1326,groq_gptoss,openai/gpt-oss-120b,antisémitisme,ambigu,hardcase,racisme,0.45,,1496,1,,2026-08-22T17:10:07
rxa_0430,groq_gptoss,openai/gpt-oss-120b,racisme,haine_explicite,generation_originale,racisme,0.98,,865,1,,2026-08-22T17:10:10
rxa_1097,groq_gptoss,openai/gpt-oss-120b,antisémitisme,haine_explicite,transfert_racisme_antisemitisme,antisemitisme,0.99,,903,1,,2026-08-22T17:10:13
rxa_0408,groq_gptoss,openai/gpt-oss-120b,racisme,haine_explicite,tri_manuel,racisme,0.95,,1480,1,,2026-08-22T17:10:17
rxa_1203,groq_gptoss,openai/gpt-oss-120b,antisémitisme,haine_implicite,generation_originale,antisemitisme,0.6,,1055,1,,2026-08-22T17:10:20
rxa_0172,groq_gptoss,openai/gpt-oss-120b,racisme,stereotype,tri_manuel,racisme,0.97,,1227,1,,2026-08-22T17:10:24
rxa_0773,groq_gptoss,openai/gpt-oss-120b,xénophobie,stereotype,generation_originale,xenophobie,0.96,,1517,1,,2026-08-22T17:10:27
rxa_0350,groq_gptoss,openai/gpt-oss-120b,antisémitisme,haine_explicite,tri_manuel,antisemitisme,0.86,,1071,1,,2026-08-22T17:10:31
rxa_0860,groq_gptoss,openai/gpt-oss-120b,xénophobie,exclusion,hardcase,xenophobie,0.85,,514,1,,2026-08-22T17:10:33
rxa_0088,groq_gptoss,openai/gpt-oss-120b,racisme,haine_implicite,tri_manuel,xenophobie,0.73,,1248,1,,2026-08-22T17:10:37
rxa_0431,groq_gptoss,openai/gpt-oss-120b,racisme,haine_explicite,generation_originale,racisme,0.98,,947,1,,2026-08-22T17:10:40
rxa_0509,groq_gptoss,openai/gpt-oss-120b,racisme,sarcasme,generation_originale,xenophobie,0.6,,484,1,,2026-08-22T17:10:43
rxa_0133,groq_gptoss,openai/gpt-oss-120b,racisme,stereotype,tri_manuel,xenophobie,0.92,,970,1,,2026-08-22T17:10:46
rxa_0553,groq_gptoss,openai/gpt-oss-120b,xénophobie,haine_explicite,transfert_racisme_xenophobie,xenophobie,0.98,,892,1,,2026-08-22T17:10:49
rxa_0841,groq_gptoss,openai/gpt-oss-120b,xénophobie,sarcasme,hardcase,xenophobie,0.62,,1126,1,,2026-08-22T17:10:52
rxa_0322,groq_gptoss,openai/gpt-oss-120b,antisémitisme,haine_explicite,tri_manuel,antisemitisme,0.99,,885,1,,2026-08-22T17:10:55
rxa_0038,groq_gptoss,openai/gpt-oss-120b,racisme,haine_implicite,tri_manuel,xenophobie,0.7,,669,1,,2026-08-22T17:10:58
rxa_1024,groq_gptoss,openai/gpt-oss-120b,antisémitisme,complotisme,transfert_racisme_antisemitisme,antisemitisme,0.99,,1359,1,,2026-08-22T17:11:02
rxa_1432,groq_gptoss,openai/gpt-oss-120b,racisme,haine_implicite,generation_complement,racisme,0.96,,573,1,,2026-08-22T17:11:05
rxa_0055,groq_gptoss,openai/gpt-oss-120b,racisme,exclusion,tri_manuel,xenophobie,0.7,,716,1,,2026-08-22T17:11:07
rxa_0875,groq_gptoss,openai/gpt-oss-120b,xénophobie,haine_implicite,hardcase,racisme,0.2,,1129,1,,2026-08-22T17:11:11
rxa_1074,groq_gptoss,openai/gpt-oss-120b,antisémitisme,exclusion,transfert_racisme_antisemitisme,antisemitisme,0.98,,352,1,,2026-08-22T17:11:13
rxa_0819,groq_gptoss,openai/gpt-oss-120b,xénophobie,ambigu,generation_originale,xenophobie,0.7,,2787,1,,2026-08-22T17:11:18
rxa_0025,groq_gptoss,openai/gpt-oss-120b,racisme,haine_explicite,tri_manuel,xenophobie,0.7,,1692,1,,2026-08-22T17:11:22
rxa_0000,groq_gptoss,openai/gpt-oss-120b,racisme,stereotype,tri_manuel,racisme,0.85,,994,1,,2026-08-22T17:11:25
rxa_1049,groq_gptoss,openai/gpt-oss-120b,antisémitisme,stereotype,transfert_racisme_antisemitisme,antisemitisme,0.98,,596,1,,2026-08-22T17:11:28
rxa_1054,groq_gptoss,openai/gpt-oss-120b,antisémitisme,hostilite_religieuse,transfert_racisme_antisemitisme,antisemitisme,0.98,,457,1,,2026-08-22T17:11:31
rxa_1120,groq_gptoss,openai/gpt-oss-120b,antisémitisme,haine_explicite,transfert_racisme_antisemitisme,antisemitisme,0.99,,460,1,,2026-08-22T17:11:34
rxa_1067,groq_gptoss,openai/gpt-oss-120b,antisémitisme,complotisme,transfert_racisme_antisemitisme,antisemitisme,0.99,,441,1,,2026-08-22T17:11:36
rxa_0677,groq_gptoss,openai/gpt-oss-120b,xénophobie,haine_explicite,generation_originale,xenophobie,0.98,,948,1,,2026-08-22T17:11:39
rxa_0542,groq_gptoss,openai/gpt-oss-120b,xénophobie,haine_explicite,transfert_racisme_xenophobie,xenophobie,0.97,,829,1,,2026-08-22T17:11:42
rxa_0991,groq_gptoss,openai/gpt-oss-120b,antisémitisme,stereotype,transfert_racisme_antisemitisme,antisemitisme,0.99,,1398,1,,2026-08-22T17:11:46
rxa_1263,groq_gptoss,openai/gpt-oss-120b,antisémitisme,sarcasme,generation_originale,racisme,0.0,,1569,1,,2026-08-22T17:11:50
rxa_0891,groq_gptoss,openai/gpt-oss-120b,xénophobie,haine_implicite,hardcase,xenophobie,0.92,,530,1,,2026-08-22T17:11:53
rxa_0681,groq_gptoss,openai/gpt-oss-120b,xénophobie,haine_explicite,generation_originale,xenophobie,0.98,,268,1,,2026-08-22T17:11:55
rxa_1032,groq_gptoss,openai/gpt-oss-120b,antisémitisme,haine_implicite,transfert_racisme_antisemitisme,antisemitisme,0.2,,1121,1,,2026-08-22T17:11:58
rxa_0720,groq_gptoss,openai/gpt-oss-120b,xénophobie,haine_implicite,generation_originale,xenophobie,0.96,,927,1,,2026-08-22T17:12:02
rxa_1276,groq_gptoss,openai/gpt-oss-120b,antisémitisme,dog_whistle,generation_originale,xenophobie,0.73,,1493,1,,2026-08-22T17:12:05
rxa_0420,groq_gptoss,openai/gpt-oss-120b,racisme,haine_explicite,generation_originale,racisme,0.98,,827,1,,2026-08-22T17:12:08
rxa_1250,groq_gptoss,openai/gpt-oss-120b,antisémitisme,stereotype,generation_originale,antisemitisme,0.35,,945,1,,2026-08-22T17:12:11
rxa_0615,groq_gptoss,openai/gpt-oss-120b,xénophobie,exclusion,transfert_racisme_xenophobie,xenophobie,0.97,,753,1,,2026-08-22T17:12:14
rxa_0983,groq_gptoss,openai/gpt-oss-120b,antisémitisme,stereotype,transfert_racisme_antisemitisme,antisemitisme,0.96,,518,1,,2026-08-22T17:12:17
rxa_0173,groq_gptoss,openai/gpt-oss-120b,racisme,haine_explicite,tri_manuel,racisme,0.78,,477,1,,2026-08-22T17:12:20
rxa_1306,groq_gptoss,openai/gpt-oss-120b,antisémitisme,dog_whistle,hardcase,antisemitisme,0.73,,544,1,,2026-08-22T17:12:23
rxa_0232,groq_gptoss,openai/gpt-oss-120b,xénophobie,dog_whistle,tri_manuel,xenophobie,0.96,,1546,1,,2026-08-22T17:12:26
rxa_1375,groq_gptoss,openai/gpt-oss-120b,antisémitisme,stereotype,hardcase,antisemitisme,0.3,,1032,1,,2026-08-22T17:12:30
rxa_0969,groq_gptoss,openai/gpt-oss-120b,antisémitisme,exclusion,transfert_racisme_antisemitisme,antisemitisme,0.98,,994,1,,2026-08-22T17:12:33
rxa_0493,groq_gptoss,openai/gpt-oss-120b,racisme,stereotype,generation_originale,xenophobie,0.6,,867,1,,2026-08-22T17:12:36
rxa_0772,groq_gptoss,openai/gpt-oss-120b,xénophobie,stereotype,generation_originale,xenophobie,0.92,,1543,1,,2026-08-22T17:12:40
rxa_1461,groq_gptoss,openai/gpt-oss-120b,racisme,sarcasme,generation_complement,xenophobie,0.6,,851,1,,2026-08-22T17:12:43
rxa_1208,groq_gptoss,openai/gpt-oss-120b,antisémitisme,haine_implicite,generation_originale,racisme,0.3,,790,1,,2026-08-22T17:12:46
rxa_0755,groq_gptoss,openai/gpt-oss-120b,xénophobie,haine_implicite,generation_originale,xenophobie,0.92,,1055,1,,2026-08-22T17:12:49
rxa_1256,groq_gptoss,openai/gpt-oss-120b,antisémitisme,stereotype,generation_originale,antisemitisme,0.6,,1216,1,,2026-08-22T17:12:52
rxa_0944,groq_gptoss,openai/gpt-oss-120b,xénophobie,haine_implicite,hardcase,xenophobie,0.7,,1053,1,,2026-08-22T17:12:56
rxa_0421,groq_gptoss,openai/gpt-oss-120b,racisme,haine_explicite,generation_originale,racisme,0.98,,1021,1,,2026-08-22T17:12:59
rxa_0103,groq_gptoss,openai/gpt-oss-120b,racisme,haine_explicite,tri_manuel,xenophobie,0.62,,1579,1,,2026-08-22T17:13:03
rxa_1090,groq_gptoss,openai/gpt-oss-120b,antisémitisme,haine_explicite,transfert_racisme_antisemitisme,antisemitisme,0.99,,1040,1,,2026-08-22T17:13:06
rxa_0864,groq_gptoss,openai/gpt-oss-120b,xénophobie,exclusion,hardcase,racisme,0.78,,1416,1,,2026-08-22T17:13:10
rxa_1012,groq_gptoss,openai/gpt-oss-120b,antisémitisme,hostilite_religieuse,transfert_racisme_antisemitisme,antisemitisme,0.98,,283,1,,2026-08-22T17:13:12
rxa_1436,groq_gptoss,openai/gpt-oss-120b,racisme,haine_implicite,generation_complement,racisme,0.85,,835,1,,2026-08-22T17:13:15
rxa_1295,groq_gptoss,openai/gpt-oss-120b,antisémitisme,ambigu,generation_originale,antisemitisme,0.45,,1271,1,,2026-08-22T17:13:19
rxa_0453,groq_gptoss,openai/gpt-oss-120b,racisme,haine_implicite,generation_originale,racisme,0.2,,488,1,,2026-08-22T17:13:21
rxa_1497,groq_gptoss,openai/gpt-oss-120b,xénophobie,stereotype,generation_complement,xenophobie,0.73,,560,1,,2026-08-22T17:13:24
rxa_0198,groq_gptoss,openai/gpt-oss-120b,racisme,haine_implicite,tri_manuel,xenophobie,0.6,,1175,1,,2026-08-22T17:13:27
rxa_0556,groq_gptoss,openai/gpt-oss-120b,xénophobie,haine_explicite,transfert_racisme_xenophobie,xenophobie,0.98,,1025,1,,2026-08-22T17:13:31
rxa_0967,groq_gptoss,openai/gpt-oss-120b,antisémitisme,hostilite_religieuse,transfert_racisme_antisemitisme,antisemitisme,0.98,,2719,1,,2026-08-22T17:13:36
rxa_1053,groq_gptoss,openai/gpt-oss-120b,antisémitisme,stereotype,transfert_racisme_antisemitisme,antisemitisme,0.96,,1672,1,,2026-08-22T17:13:39
rxa_0981,groq_gptoss,openai/gpt-oss-120b,antisémitisme,hostilite_religieuse,transfert_racisme_antisemitisme,antisemitisme,0.96,,1634,1,,2026-08-22T17:13:43
rxa_0703,groq_gptoss,openai/gpt-oss-120b,xénophobie,haine_explicite,generation_originale,xenophobie,0.98,,357,1,,2026-08-22T17:13:46
rxa_0907,groq_gptoss,openai/gpt-oss-120b,xénophobie,dog_whistle,hardcase,xenophobie,0.68,,1111,1,,2026-08-22T17:13:49
rxa_0520,groq_gptoss,openai/gpt-oss-120b,racisme,dog_whistle,generation_originale,xenophobie,0.62,,782,1,,2026-08-22T17:13:52
rxa_0544,groq_gptoss,openai/gpt-oss-120b,xénophobie,haine_explicite,transfert_racisme_xenophobie,racisme,0.98,,267,1,,2026-08-22T17:13:55
rxa_1112,groq_gptoss,openai/gpt-oss-120b,antisémitisme,haine_explicite,transfert_racisme_antisemitisme,antisemitisme,0.99,,806,1,,2026-08-22T17:13:58
rxa_0011,groq_gptoss,openai/gpt-oss-120b,racisme,stereotype,tri_manuel,,,reponse_vide,1891,1,,2026-08-22T17:14:02
rxa_0738,groq_gptoss,openai/gpt-oss-120b,xénophobie,haine_implicite,generation_originale,xenophobie,0.85,,353,1,,2026-08-22T17:14:04
rxa_0792,groq_gptoss,openai/gpt-oss-120b,xénophobie,sarcasme,generation_originale,xenophobie,0.1,,674,1,,2026-08-22T17:14:07
rxa_0655,groq_gptoss,openai/gpt-oss-120b,xénophobie,dog_whistle,transfert_racisme_xenophobie,xenophobie,0.9,,493,1,,2026-08-22T17:14:10
rxa_0097,groq_gptoss,openai/gpt-oss-120b,racisme,stereotype,tri_manuel,racisme,0.7,,848,1,,2026-08-22T17:14:13
rxa_0387,groq_gptoss,openai/gpt-oss-120b,racisme,haine_explicite,tri_manuel,racisme,0.98,,672,1,,2026-08-22T17:14:16
rxa_0158,groq_gptoss,openai/gpt-oss-120b,racisme,haine_explicite,tri_manuel,racisme,0.98,,481,1,,2026-08-22T17:14:18
rxa_0896,groq_gptoss,openai/gpt-oss-120b,xénophobie,haine_implicite,hardcase,xenophobie,0.85,,1165,1,,2026-08-22T17:14:22
rxa_0974,groq_gptoss,openai/gpt-oss-120b,antisémitisme,stereotype,transfert_racisme_antisemitisme,antisemitisme,0.96,,398,1,,2026-08-22T17:14:24
rxa_0609,groq_gptoss,openai/gpt-oss-120b,xénophobie,exclusion,transfert_racisme_xenophobie,xenophobie,0.92,,357,1,,2026-08-22T17:14:27
rxa_0068,groq_gptoss,openai/gpt-oss-120b,racisme,stereotype,tri_manuel,xenophobie,0.6,,1378,1,,2026-08-22T17:14:31
rxa_0741,groq_gptoss,openai/gpt-oss-120b,xénophobie,haine_implicite,generation_originale,xenophobie,0.85,,1310,1,,2026-08-22T17:14:34
rxa_0236,groq_gptoss,openai/gpt-oss-120b,racisme,haine_explicite,tri_manuel,racisme,0.97,,2150,1,,2026-08-22T17:14:39
rxa_1434,groq_gptoss,openai/gpt-oss-120b,racisme,haine_implicite,generation_complement,racisme,0.85,,590,1,,2026-08-22T17:14:41
rxa_0363,groq_gptoss,openai/gpt-oss-120b,racisme,sarcasme,tri_manuel,racisme,0.96,,1321,1,,2026-08-22T17:14:45
rxa_0850,groq_gptoss,openai/gpt-oss-120b,xénophobie,dog_whistle,hardcase,xenophobie,0.96,,601,1,,2026-08-22T17:14:48
rxa_0389,groq_gptoss,openai/gpt-oss-120b,racisme,haine_explicite,tri_manuel,racisme,0.98,,995,1,,2026-08-22T17:14:51
rxa_0863,groq_gptoss,openai/gpt-oss-120b,xénophobie,exclusion,hardcase,xenophobie,0.92,,745,1,,2026-08-22T17:14:54
rxa_1448,groq_gptoss,openai/gpt-oss-120b,racisme,stereotype,generation_complement,racisme,0.98,,489,1,,2026-08-22T17:14:56
rxa_0061,groq_gptoss,openai/gpt-oss-120b,racisme,stereotype,tri_manuel,racisme,0.45,,1425,1,,2026-08-22T17:15:00
rxa_0136,groq_gptoss,openai/gpt-oss-120b,racisme,stereotype,tri_manuel,racisme,0.62,,1674,1,,2026-08-22T17:15:04
rxa_0476,groq_gptoss,openai/gpt-oss-120b,racisme,haine_implicite,generation_originale,xenophobie,0.2,,1102,1,,2026-08-22T17:15:07
rxa_0631,groq_gptoss,openai/gpt-oss-120b,xénophobie,sarcasme,transfert_racisme_xenophobie,xenophobie,0.92,,1800,1,,2026-08-22T17:15:11
rxa_1417,groq_gptoss,openai/gpt-oss-120b,racisme,haine_explicite,generation_complement,racisme,0.99,,472,1,,2026-08-22T17:15:14
rxa_0704,groq_gptoss,openai/gpt-oss-120b,xénophobie,haine_explicite,generation_originale,xenophobie,0.95,,1248,1,,2026-08-22T17:15:17
rxa_0252,groq_gptoss,openai/gpt-oss-120b,racisme,haine_explicite,tri_manuel,racisme,0.98,,1054,1,,2026-08-22T17:15:21
rxa_0927,groq_gptoss,openai/gpt-oss-120b,xénophobie,ambigu,hardcase,xenophobie,0.92,,1114,1,,2026-08-22T17:15:24
rxa_0128,groq_gptoss,openai/gpt-oss-120b,xénophobie,dog_whistle,tri_manuel,xenophobie,0.6,,817,1,,2026-08-22T17:15:27
rxa_1298,groq_gptoss,openai/gpt-oss-120b,antisémitisme,haine_implicite,hardcase,xenophobie,0.3,,725,1,,2026-08-22T17:15:30
rxa_0203,groq_gptoss,openai/gpt-oss-120b,racisme,haine_explicite,tri_manuel,racisme,0.95,,1325,1,,2026-08-22T17:15:34
rxa_0999,groq_gptoss,openai/gpt-oss-120b,antisémitisme,exclusion,transfert_racisme_antisemitisme,antisemitisme,0.98,,1185,1,,2026-08-22T17:15:37
rxa_0029,groq_gptoss,openai/gpt-oss-120b,racisme,hostilite_religieuse,tri_manuel,xenophobie,0.35,,1447,1,,2026-08-22T17:15:41
rxa_0786,groq_gptoss,openai/gpt-oss-120b,xénophobie,sarcasme,generation_originale,xenophobie,0.85,,744,1,,2026-08-22T17:15:44
rxa_0737,groq_gptoss,openai/gpt-oss-120b,xénophobie,haine_implicite,generation_originale,xenophobie,0.85,,834,1,,2026-08-22T17:15:47
rxa_1442,groq_gptoss,openai/gpt-oss-120b,racisme,stereotype,generation_complement,racisme,0.96,,1090,1,,2026-08-22T17:15:50
rxa_1289,groq_gptoss,openai/gpt-oss-120b,antisémitisme,ambigu,generation_originale,antisemitisme,0.4,,1890,1,,2026-08-22T17:15:54
rxa_0371,groq_gptoss,openai/gpt-oss-120b,racisme,haine_explicite,tri_manuel,racisme,0.95,,1063,1,,2026-08-22T17:15:57
rxa_0002,groq_gptoss,openai/gpt-oss-120b,racisme,stereotype,tri_manuel,racisme,0.62,,795,1,,2026-08-22T17:16:00
rxa_0601,groq_gptoss,openai/gpt-oss-120b,xénophobie,exclusion,transfert_racisme_xenophobie,xenophobie,0.6,,701,1,,2026-08-22T17:16:03
rxa_0017,groq_gptoss,openai/gpt-oss-120b,racisme,haine_implicite,tri_manuel,xenophobie,0.7,,771,1,,2026-08-22T17:16:06
rxa_0305,groq_gptoss,openai/gpt-oss-120b,antisémitisme,haine_explicite,tri_manuel,antisemitisme,0.99,,684,1,,2026-08-22T17:16:09
rxa_1071,groq_gptoss,openai/gpt-oss-120b,antisémitisme,stereotype,transfert_racisme_antisemitisme,antisemitisme,0.99,,1010,1,,2026-08-22T17:16:12
rxa_1014,groq_gptoss,openai/gpt-oss-120b,antisémitisme,hostilite_religieuse,transfert_racisme_antisemitisme,antisemitisme,0.99,,901,1,,2026-08-22T17:16:15
rxa_1038,groq_gptoss,openai/gpt-oss-120b,antisémitisme,stereotype,transfert_racisme_antisemitisme,antisemitisme,0.99,,1830,1,,2026-08-22T17:16:19
rxa_0156,groq_gptoss,openai/gpt-oss-120b,racisme,sarcasme,tri_manuel,racisme,0.98,,1156,1,,2026-08-22T17:16:23
rxa_1077,groq_gptoss,openai/gpt-oss-120b,antisémitisme,stereotype,transfert_racisme_antisemitisme,antisemitisme,0.95,,426,1,,2026-08-22T17:16:25
rxa_1198,groq_gptoss,openai/gpt-oss-120b,antisémitisme,haine_implicite,generation_originale,antisemitisme,0.78,,1227,1,,2026-08-22T17:16:29
rxa_1396,groq_gptoss,openai/gpt-oss-120b,antisémitisme,sarcasme,hardcase,xenophobie,0.6,,902,1,,2026-08-22T17:16:32
rxa_1322,groq_gptoss,openai/gpt-oss-120b,antisémitisme,dog_whistle,hardcase,antisemitisme,0.66,,949,1,,2026-08-22T17:16:35
rxa_0659,groq_gptoss,openai/gpt-oss-120b,xénophobie,ambigu,transfert_racisme_xenophobie,xenophobie,0.92,,412,1,,2026-08-22T17:16:38
rxa_1195,groq_gptoss,openai/gpt-oss-120b,antisémitisme,haine_implicite,generation_originale,antisemitisme,0.78,,603,1,,2026-08-22T17:16:41
rxa_1496,groq_gptoss,openai/gpt-oss-120b,xénophobie,stereotype,generation_complement,xenophobie,0.9,,952,1,,2026-08-22T17:16:44
rxa_0419,groq_gptoss,openai/gpt-oss-120b,racisme,haine_explicite,generation_originale,xenophobie,0.62,,1347,1,,2026-08-22T17:16:47
rxa_0307,groq_gptoss,openai/gpt-oss-120b,racisme,haine_explicite,tri_manuel,racisme,0.97,,826,1,,2026-08-22T17:16:50
rxa_1288,groq_gptoss,openai/gpt-oss-120b,antisémitisme,ambigu,generation_originale,racisme,0.1,,1403,1,,2026-08-22T17:16:54
rxa_0457,groq_gptoss,openai/gpt-oss-120b,racisme,haine_implicite,generation_originale,xenophobie,0.73,,1229,1,,2026-08-22T17:16:57
rxa_1016,groq_gptoss,openai/gpt-oss-120b,antisémitisme,stereotype,transfert_racisme_antisemitisme,antisemitisme,0.99,,720,1,,2026-08-22T17:17:00
rxa_1418,groq_gptoss,openai/gpt-oss-120b,racisme,haine_explicite,generation_complement,racisme,0.96,,1289,1,,2026-08-22T17:17:04
rxa_0856,groq_gptoss,openai/gpt-oss-120b,xénophobie,exclusion,hardcase,xenophobie,0.85,,2117,1,,2026-08-22T17:17:08
rxa_1124,groq_gptoss,openai/gpt-oss-120b,antisémitisme,haine_explicite,transfert_racisme_antisemitisme,antisemitisme,0.99,,408,1,,2026-08-22T17:17:11
rxa_1110,groq_gptoss,openai/gpt-oss-120b,antisémitisme,haine_explicite,transfert_racisme_antisemitisme,antisemitisme,0.99,,1152,1,,2026-08-22T17:17:14
rxa_0608,groq_gptoss,openai/gpt-oss-120b,xénophobie,exclusion,transfert_racisme_xenophobie,xenophobie,0.96,,504,1,,2026-08-22T17:17:17
rxa_0950,groq_gptoss,openai/gpt-oss-120b,xénophobie,sarcasme,hardcase,xenophobie,0.96,,902,1,,2026-08-22T17:17:20
rxa_0477,groq_gptoss,openai/gpt-oss-120b,racisme,haine_implicite,generation_originale,racisme,0.7,,1234,1,,2026-08-22T17:17:23
rxa_0229,groq_gptoss,openai/gpt-oss-120b,racisme,haine_explicite,tri_manuel,racisme,0.95,,1365,1,,2026-08-22T17:17:27
rxa_1130,groq_gptoss,openai/gpt-oss-120b,antisémitisme,stereotype,transfert_racisme_antisemitisme,antisemitisme,0.98,,924,1,,2026-08-22T17:17:30
rxa_0795,groq_gptoss,openai/gpt-oss-120b,xénophobie,sarcasme,generation_originale,xenophobie,0.92,,1122,1,,2026-08-22T17:17:33
rxa_0767,groq_gptoss,openai/gpt-oss-120b,xénophobie,stereotype,generation_originale,xenophobie,0.96,,923,1,,2026-08-22T17:17:37
rxa_1385,groq_gptoss,openai/gpt-oss-120b,antisémitisme,sarcasme,hardcase,xenophobie,0.2,,1021,1,,2026-08-22T17:17:40
rxa_0461,groq_gptoss,openai/gpt-oss-120b,racisme,haine_implicite,generation_originale,xenophobie,0.2,,1612,1,,2026-08-22T17:17:44
rxa_1001,groq_gptoss,openai/gpt-oss-120b,antisémitisme,hostilite_religieuse,transfert_racisme_antisemitisme,antisemitisme,0.95,,283,1,,2026-08-22T17:17:46
rxa_0331,groq_gptoss,openai/gpt-oss-120b,racisme,haine_explicite,tri_manuel,racisme,0.98,,1091,1,,2026-08-22T17:17:49
rxa_0653,groq_gptoss,openai/gpt-oss-120b,xénophobie,dog_whistle,transfert_racisme_xenophobie,xenophobie,0.95,,782,1,,2026-08-22T17:17:52
rxa_0087,groq_gptoss,openai/gpt-oss-120b,racisme,haine_implicite,tri_manuel,xenophobie,0.2,,1046,1,,2026-08-22T17:17:56
rxa_1313,groq_gptoss,openai/gpt-oss-120b,antisémitisme,sarcasme,hardcase,,,parsing_echoue,1811,1,,2026-08-22T17:18:00
rxa_0663,groq_gptoss,openai/gpt-oss-120b,xénophobie,ambigu,transfert_racisme_xenophobie,xenophobie,0.92,,671,1,,2026-08-22T17:18:03
rxa_1402,groq_gptoss,openai/gpt-oss-120b,antisémitisme,stereotype,hardcase,racisme,0.1,,781,1,,2026-08-22T17:18:05
rxa_1132,groq_gptoss,openai/gpt-oss-120b,antisémitisme,haine_explicite,transfert_racisme_antisemitisme,antisemitisme,0.99,,525,1,,2026-08-22T17:18:08
rxa_0281,groq_gptoss,openai/gpt-oss-120b,racisme,haine_explicite,tri_manuel,racisme,0.95,,614,1,,2026-08-22T17:18:11
rxa_0396,groq_gptoss,openai/gpt-oss-120b,racisme,haine_explicite,tri_manuel,racisme,0.98,,1003,1,,2026-08-22T17:18:14
rxa_0132,groq_gptoss,openai/gpt-oss-120b,racisme,sarcasme,tri_manuel,racisme,0.85,,593,1,,2026-08-22T17:18:17
rxa_0388,groq_gptoss,openai/gpt-oss-120b,racisme,haine_explicite,tri_manuel,racisme,0.97,,517,1,,2026-08-22T17:18:20
rxa_0368,groq_gptoss,openai/gpt-oss-120b,racisme,haine_explicite,tri_manuel,racisme,0.97,,981,1,,2026-08-22T17:18:23
rxa_0691,groq_gptoss,openai/gpt-oss-120b,xénophobie,haine_explicite,generation_originale,xenophobie,0.96,,578,1,,2026-08-22T17:18:26
rxa_1244,groq_gptoss,openai/gpt-oss-120b,antisémitisme,stereotype,generation_originale,antisemitisme,0.73,,1693,1,,2026-08-22T17:18:30
rxa_0921,groq_gptoss,openai/gpt-oss-120b,xénophobie,sarcasme,hardcase,racisme,0.05,,1003,1,,2026-08-22T17:18:33
rxa_0479,groq_gptoss,openai/gpt-oss-120b,racisme,haine_implicite,generation_originale,,,reponse_vide,1652,1,,2026-08-22T17:18:37
rxa_1216,groq_gptoss,openai/gpt-oss-120b,antisémitisme,haine_implicite,generation_originale,antisemitisme,0.6,,1293,1,,2026-08-22T17:18:40
rxa_0765,groq_gptoss,openai/gpt-oss-120b,xénophobie,stereotype,generation_originale,xenophobie,0.96,,1405,1,,2026-08-22T17:18:44
rxa_0965,groq_gptoss,openai/gpt-oss-120b,antisémitisme,hostilite_religieuse,transfert_racisme_antisemitisme,antisemitisme,0.98,,421,1,,2026-08-22T17:18:47
rxa_0253,groq_gptoss,openai/gpt-oss-120b,racisme,haine_explicite,tri_manuel,racisme,0.98,,1412,1,,2026-08-22T17:18:50
rxa_1170,groq_gptoss,openai/gpt-oss-120b,antisémitisme,haine_explicite,generation_originale,antisemitisme,0.99,,449,1,,2026-08-22T17:18:53
rxa_0151,groq_gptoss,openai/gpt-oss-120b,xénophobie,exclusion,tri_manuel,xenophobie,0.73,,838,1,,2026-08-22T17:18:56
rxa_1471,groq_gptoss,openai/gpt-oss-120b,racisme,dog_whistle,generation_complement,xenophobie,0.85,,701,1,,2026-08-22T17:18:59
rxa_1217,groq_gptoss,openai/gpt-oss-120b,antisémitisme,haine_implicite,generation_originale,racisme,0.6,,924,1,,2026-08-22T17:19:02
rxa_1004,groq_gptoss,openai/gpt-oss-120b,antisémitisme,haine_explicite,transfert_racisme_antisemitisme,antisemitisme,0.98,,438,1,,2026-08-22T17:19:05
rxa_0776,groq_gptoss,openai/gpt-oss-120b,xénophobie,stereotype,generation_originale,xenophobie,0.95,,444,1,,2026-08-22T17:19:07
rxa_0793,groq_gptoss,openai/gpt-oss-120b,xénophobie,sarcasme,generation_originale,xenophobie,0.96,,953,1,,2026-08-22T17:19:10
rxa_0513,groq_gptoss,openai/gpt-oss-120b,racisme,dog_whistle,generation_originale,xenophobie,0.9,,1227,1,,2026-08-22T17:19:14
rxa_1057,groq_gptoss,openai/gpt-oss-120b,antisémitisme,hostilite_religieuse,transfert_racisme_antisemitisme,antisemitisme,0.96,,458,1,,2026-08-22T17:19:17
rxa_0536,groq_gptoss,openai/gpt-oss-120b,xénophobie,haine_explicite,transfert_racisme_xenophobie,xenophobie,0.96,,254,1,,2026-08-22T17:19:19
rxa_0094,groq_gptoss,openai/gpt-oss-120b,racisme,haine_implicite,tri_manuel,xenophobie,0.62,,612,1,,2026-08-22T17:19:22
rxa_0539,groq_gptoss,openai/gpt-oss-120b,xénophobie,haine_explicite,transfert_racisme_xenophobie,xenophobie,0.96,,1101,1,,2026-08-22T17:19:25
rxa_1343,groq_gptoss,openai/gpt-oss-120b,antisémitisme,sarcasme,hardcase,antisemitisme,0.35,,1193,1,,2026-08-22T17:19:29
rxa_0994,groq_gptoss,openai/gpt-oss-120b,antisémitisme,stereotype,transfert_racisme_antisemitisme,antisemitisme,0.95,,507,1,,2026-08-22T17:19:31
rxa_0883,groq_gptoss,openai/gpt-oss-120b,xénophobie,haine_implicite,hardcase,racisme,0.1,,752,1,,2026-08-22T17:19:34
rxa_0218,groq_gptoss,openai/gpt-oss-120b,xénophobie,exclusion,tri_manuel,xenophobie,0.96,,1471,1,,2026-08-22T17:19:38
rxa_0946,groq_gptoss,openai/gpt-oss-120b,xénophobie,ambigu,hardcase,racisme,0.2,,1665,1,,2026-08-22T17:19:42
rxa_0766,groq_gptoss,openai/gpt-oss-120b,xénophobie,stereotype,generation_originale,xenophobie,0.96,,979,1,,2026-08-22T17:19:45
rxa_1188,groq_gptoss,openai/gpt-oss-120b,antisémitisme,haine_explicite,generation_originale,antisemitisme,0.99,,296,1,,2026-08-22T17:19:47
rxa_1129,groq_gptoss,openai/gpt-oss-120b,antisémitisme,haine_explicite,transfert_racisme_antisemitisme,antisemitisme,0.99,,833,1,,2026-08-22T17:19:51
rxa_0550,groq_gptoss,openai/gpt-oss-120b,xénophobie,haine_explicite,transfert_racisme_xenophobie,xenophobie,0.98,,1212,1,,2026-08-22T17:19:54
rxa_0422,groq_gptoss,openai/gpt-oss-120b,racisme,haine_explicite,generation_originale,xenophobie,0.45,,1186,1,,2026-08-22T17:19:57
rxa_0078,groq_gptoss,openai/gpt-oss-120b,racisme,dog_whistle,tri_manuel,xenophobie,0.85,,48638,1,,2026-08-22T17:20:48
rxa_0147,groq_gptoss,openai/gpt-oss-120b,racisme,stereotype,tri_manuel,xenophobie,0.6,,83800,5,,2026-08-22T17:23:20
rxa_0583,groq_gptoss,openai/gpt-oss-120b,xénophobie,haine_implicite,transfert_racisme_xenophobie,xenophobie,0.62,,77882,1,,2026-08-22T17:26:24
rxa_1494,groq_gptoss,openai/gpt-oss-120b,xénophobie,dog_whistle,generation_complement,xenophobie,0.8,,58764,2,,2026-08-22T17:28:36
rxa_0259,groq_gptoss,openai/gpt-oss-120b,racisme,haine_implicite,tri_manuel,racisme,0.93,,1863,1,,2026-08-22T17:34:31
rxa_0369,groq_gptoss,openai/gpt-oss-120b,racisme,haine_explicite,tri_manuel,racisme,0.96,,750,2,,2026-08-22T17:34:40
rxa_1169,groq_gptoss,openai/gpt-oss-120b,antisémitisme,haine_explicite,generation_originale,antisemitisme,0.96,,27787,3,,2026-08-22T17:36:02
rxa_0664,groq_gptoss,openai/gpt-oss-120b,xénophobie,ambigu,transfert_racisme_xenophobie,xenophobie,0.85,,616,4,,2026-08-22T17:38:03
rxa_0920,groq_gptoss,openai/gpt-oss-120b,xénophobie,sarcasme,hardcase,xenophobie,0.3,,1899,1,,2026-08-23T13:24:08
rxa_1447,groq_gptoss,openai/gpt-oss-120b,racisme,stereotype,generation_complement,racisme,0.96,,629,1,,2026-08-23T13:24:15
rxa_1148,groq_gptoss,openai/gpt-oss-120b,antisémitisme,haine_implicite,transfert_racisme_antisemitisme,antisemitisme,0.99,,463,1,,2026-08-23T13:24:22
rxa_1341,groq_gptoss,openai/gpt-oss-120b,antisémitisme,stereotype,hardcase,racisme,0.1,,938,1,,2026-08-23T13:24:30
rxa_1228,groq_gptoss,openai/gpt-oss-120b,antisémitisme,haine_implicite,generation_originale,xenophobie,0.3,,1058,1,,2026-08-23T13:24:37
rxa_0558,groq_gptoss,openai/gpt-oss-120b,xénophobie,haine_explicite,transfert_racisme_xenophobie,xenophobie,0.98,,381,1,,2026-08-23T13:24:44
rxa_1069,groq_gptoss,openai/gpt-oss-120b,antisémitisme,complotisme,transfert_racisme_antisemitisme,antisemitisme,0.98,,357,1,,2026-08-23T13:24:51
rxa_0941,groq_gptoss,openai/gpt-oss-120b,xénophobie,dog_whistle,hardcase,xenophobie,0.3,,1006,1,,2026-08-23T13:24:59
rxa_0475,groq_gptoss,openai/gpt-oss-120b,racisme,haine_implicite,generation_originale,xenophobie,0.73,,495,1,,2026-08-23T13:25:06
rxa_0273,groq_gptoss,openai/gpt-oss-120b,racisme,sarcasme,tri_manuel,racisme,0.96,,356,1,,2026-08-23T13:25:13
rxa_1274,groq_gptoss,openai/gpt-oss-120b,antisémitisme,dog_whistle,generation_originale,xenophobie,0.78,,399,1,,2026-08-23T13:25:20
rxa_0336,groq_gptoss,openai/gpt-oss-120b,xénophobie,dog_whistle,tri_manuel,xenophobie,0.92,,579,1,,2026-08-23T13:25:27
rxa_0982,groq_gptoss,openai/gpt-oss-120b,antisémitisme,hostilite_religieuse,transfert_racisme_antisemitisme,antisemitisme,0.95,,573,1,,2026-08-23T13:25:34
rxa_0588,groq_gptoss,openai/gpt-oss-120b,xénophobie,haine_implicite,transfert_racisme_xenophobie,xenophobie,0.96,,493,1,,2026-08-23T13:25:42
rxa_0455,groq_gptoss,openai/gpt-oss-120b,racisme,haine_implicite,generation_originale,xenophobie,0.65,,879,1,,2026-08-23T13:25:49
rxa_0871,groq_gptoss,openai/gpt-oss-120b,xénophobie,ambigu,hardcase,xenophobie,0.96,,686,1,,2026-08-23T13:25:56
rxa_0567,groq_gptoss,openai/gpt-oss-120b,xénophobie,haine_explicite,transfert_racisme_xenophobie,xenophobie,0.96,,863,1,,2026-08-23T13:26:04
rxa_0848,groq_gptoss,openai/gpt-oss-120b,xénophobie,dog_whistle,hardcase,xenophobie,0.4,,995,1,,2026-08-23T13:26:11
rxa_1061,groq_gptoss,openai/gpt-oss-120b,antisémitisme,complotisme,transfert_racisme_antisemitisme,antisemitisme,0.85,,379,1,,2026-08-23T13:26:18
rxa_0346,groq_gptoss,openai/gpt-oss-120b,antisémitisme,haine_explicite,tri_manuel,antisemitisme,0.99,,267,1,,2026-08-23T13:26:25
rxa_1078,groq_gptoss,openai/gpt-oss-120b,antisémitisme,stereotype,transfert_racisme_antisemitisme,antisemitisme,0.96,,371,1,,2026-08-23T13:26:32
rxa_0007,groq_gptoss,openai/gpt-oss-120b,racisme,hostilite_religieuse,tri_manuel,xenophobie,0.6,,2490,1,,2026-08-23T13:26:41
rxa_1317,groq_gptoss,openai/gpt-oss-120b,antisémitisme,ambigu,hardcase,racisme,0.1,,686,1,,2026-08-23T13:26:49
rxa_0126,groq_gptoss,openai/gpt-oss-120b,xénophobie,dog_whistle,tri_manuel,xenophobie,0.73,,437,1,,2026-08-23T13:26:56
rxa_0904,groq_gptoss,openai/gpt-oss-120b,xénophobie,dog_whistle,hardcase,xenophobie,0.45,,636,1,,2026-08-23T13:27:03
rxa_0538,groq_gptoss,openai/gpt-oss-120b,xénophobie,haine_explicite,transfert_racisme_xenophobie,xenophobie,0.97,,499,1,,2026-08-23T13:27:10
rxa_1441,groq_gptoss,openai/gpt-oss-120b,racisme,stereotype,generation_complement,racisme,0.96,,341,1,,2026-08-23T13:27:17
rxa_0610,groq_gptoss,openai/gpt-oss-120b,xénophobie,exclusion,transfert_racisme_xenophobie,xenophobie,0.96,,453,1,,2026-08-23T13:27:24
rxa_0035,groq_gptoss,openai/gpt-oss-120b,racisme,hostilite_religieuse,tri_manuel,,,reponse_vide,1135,1,,2026-08-23T13:27:32
rxa_0686,groq_gptoss,openai/gpt-oss-120b,xénophobie,haine_explicite,generation_originale,xenophobie,0.96,,405,1,,2026-08-23T13:27:39
rxa_0321,groq_gptoss,openai/gpt-oss-120b,racisme,haine_explicite,tri_manuel,racisme,0.73,,948,1,,2026-08-23T13:27:46
rxa_0603,groq_gptoss,openai/gpt-oss-120b,xénophobie,exclusion,transfert_racisme_xenophobie,xenophobie,0.3,,760,1,,2026-08-23T13:27:54
rxa_1357,groq_gptoss,openai/gpt-oss-120b,antisémitisme,haine_implicite,hardcase,racisme,0.0,,994,1,,2026-08-23T13:28:01
rxa_0312,groq_gptoss,openai/gpt-oss-120b,racisme,haine_explicite,tri_manuel,racisme,0.95,,736,1,,2026-08-23T13:28:09
rxa_1323,groq_gptoss,openai/gpt-oss-120b,antisémitisme,haine_implicite,hardcase,racisme,0.2,,943,1,,2026-08-23T13:28:16
rxa_0310,groq_gptoss,openai/gpt-oss-120b,antisémitisme,haine_explicite,tri_manuel,antisemitisme,0.99,,287,1,,2026-08-23T13:28:23
rxa_0434,groq_gptoss,openai/gpt-oss-120b,racisme,haine_explicite,generation_originale,racisme,0.98,,514,1,,2026-08-23T13:28:30
rxa_0328,groq_gptoss,openai/gpt-oss-120b,racisme,stereotype,tri_manuel,xenophobie,0.9,,787,1,,2026-08-23T13:28:38
rxa_0890,groq_gptoss,openai/gpt-oss-120b,xénophobie,haine_implicite,hardcase,xenophobie,0.92,,361,1,,2026-08-23T13:28:45
rxa_0254,groq_gptoss,openai/gpt-oss-120b,antisémitisme,exclusion,tri_manuel,antisemitisme,0.98,,564,1,,2026-08-23T13:28:52
rxa_0217,groq_gptoss,openai/gpt-oss-120b,racisme,haine_explicite,tri_manuel,racisme,0.96,,544,1,,2026-08-23T13:28:59
rxa_0551,groq_gptoss,openai/gpt-oss-120b,xénophobie,haine_explicite,transfert_racisme_xenophobie,xenophobie,0.98,,560,1,,2026-08-23T13:29:06
rxa_1344,groq_gptoss,openai/gpt-oss-120b,antisémitisme,sarcasme,hardcase,antisemitisme,0.65,,866,1,,2026-08-23T13:29:14
rxa_0326,groq_gptoss,openai/gpt-oss-120b,racisme,haine_explicite,tri_manuel,racisme,0.96,,645,1,,2026-08-23T13:29:21
rxa_0789,groq_gptoss,openai/gpt-oss-120b,xénophobie,sarcasme,generation_originale,xenophobie,0.96,,448,1,,2026-08-23T13:29:28
rxa_1231,groq_gptoss,openai/gpt-oss-120b,antisémitisme,haine_implicite,generation_originale,antisemitisme,0.6,,1338,1,,2026-08-23T13:29:36
rxa_0726,groq_gptoss,openai/gpt-oss-120b,xénophobie,haine_implicite,generation_originale,xenophobie,0.45,,762,1,,2026-08-23T13:29:43
rxa_0374,groq_gptoss,openai/gpt-oss-120b,racisme,haine_explicite,tri_manuel,racisme,0.98,,1013,1,,2026-08-23T13:29:51
rxa_1359,groq_gptoss,openai/gpt-oss-120b,antisémitisme,stereotype,hardcase,racisme,0.73,,719,1,,2026-08-23T13:29:58
rxa_0447,groq_gptoss,openai/gpt-oss-120b,racisme,haine_explicite,generation_originale,racisme,0.97,,355,1,,2026-08-23T13:30:05
rxa_0101,groq_gptoss,openai/gpt-oss-120b,racisme,haine_explicite,tri_manuel,xenophobie,0.4,,804,1,,2026-08-23T13:30:13
rxa_1156,groq_gptoss,openai/gpt-oss-120b,antisémitisme,haine_explicite,generation_originale,antisemitisme,0.99,,236,1,,2026-08-23T13:30:19
rxa_0332,groq_gptoss,openai/gpt-oss-120b,racisme,haine_implicite,tri_manuel,racisme,0.95,,542,1,,2026-08-23T13:30:27
rxa_1260,groq_gptoss,openai/gpt-oss-120b,antisémitisme,sarcasme,generation_originale,xenophobie,0.62,,775,1,,2026-08-23T13:30:34
rxa_1452,groq_gptoss,openai/gpt-oss-120b,racisme,stereotype,generation_complement,xenophobie,0.96,,574,1,,2026-08-23T13:30:41
rxa_0480,groq_gptoss,openai/gpt-oss-120b,racisme,haine_implicite,generation_originale,xenophobie,0.6,,770,1,,2026-08-23T13:30:48
rxa_1115,groq_gptoss,openai/gpt-oss-120b,antisémitisme,haine_explicite,transfert_racisme_antisemitisme,antisemitisme,0.99,,462,1,,2026-08-23T13:30:56
rxa_0881,groq_gptoss,openai/gpt-oss-120b,xénophobie,haine_implicite,hardcase,xenophobie,0.85,,478,1,,2026-08-23T13:31:03
rxa_0614,groq_gptoss,openai/gpt-oss-120b,xénophobie,exclusion,transfert_racisme_xenophobie,xenophobie,0.96,,833,1,,2026-08-23T13:31:10
rxa_0688,groq_gptoss,openai/gpt-oss-120b,xénophobie,haine_explicite,generation_originale,xenophobie,0.98,,369,1,,2026-08-23T13:31:17
rxa_1419,groq_gptoss,openai/gpt-oss-120b,racisme,haine_explicite,generation_complement,racisme,0.99,,551,1,,2026-08-23T13:31:24
rxa_0224,groq_gptoss,openai/gpt-oss-120b,racisme,haine_explicite,tri_manuel,racisme,0.98,,518,1,,2026-08-23T13:31:31
rxa_1280,groq_gptoss,openai/gpt-oss-120b,antisémitisme,dog_whistle,generation_originale,xenophobie,0.78,,875,1,,2026-08-23T13:31:39
rxa_1122,groq_gptoss,openai/gpt-oss-120b,antisémitisme,haine_explicite,transfert_racisme_antisemitisme,antisemitisme,0.98,,521,1,,2026-08-23T13:31:46
rxa_0027,groq_gptoss,openai/gpt-oss-120b,racisme,hostilite_religieuse,tri_manuel,xenophobie,0.4,,1455,1,,2026-08-23T13:32:16
rxa_1379,groq_gptoss,openai/gpt-oss-120b,antisémitisme,sarcasme,hardcase,racisme,0.1,,790,1,,2026-08-23T13:32:23
rxa_0928,groq_gptoss,openai/gpt-oss-120b,xénophobie,exclusion,hardcase,xenophobie,0.95,,420,1,,2026-08-23T13:32:30
rxa_1388,groq_gptoss,openai/gpt-oss-120b,antisémitisme,haine_implicite,hardcase,antisemitisme,0.2,,1196,1,,2026-08-23T13:32:38
rxa_0599,groq_gptoss,openai/gpt-oss-120b,xénophobie,exclusion,transfert_racisme_xenophobie,xenophobie,0.96,,488,1,,2026-08-23T13:32:45
rxa_0268,groq_gptoss,openai/gpt-oss-120b,racisme,haine_explicite,tri_manuel,racisme,0.98,,573,1,,2026-08-23T13:32:52
rxa_1105,groq_gptoss,openai/gpt-oss-120b,antisémitisme,haine_explicite,transfert_racisme_antisemitisme,antisemitisme,0.99,,621,1,,2026-08-23T13:32:59
rxa_1400,groq_gptoss,openai/gpt-oss-120b,antisémitisme,haine_implicite,hardcase,racisme,0.3,,846,1,,2026-08-23T13:33:07
rxa_1440,groq_gptoss,openai/gpt-oss-120b,racisme,haine_implicite,generation_complement,xenophobie,0.85,,587,1,,2026-08-23T13:33:14
rxa_0403,groq_gptoss,openai/gpt-oss-120b,racisme,haine_explicite,tri_manuel,racisme,0.96,,684,1,,2026-08-23T13:33:21
rxa_0267,groq_gptoss,openai/gpt-oss-120b,xénophobie,exclusion,tri_manuel,xenophobie,0.96,,521,1,,2026-08-23T13:33:28
rxa_0234,groq_gptoss,openai/gpt-oss-120b,racisme,sarcasme,tri_manuel,racisme,0.95,,506,1,,2026-08-23T13:33:36
rxa_1427,groq_gptoss,openai/gpt-oss-120b,racisme,haine_explicite,generation_complement,racisme,0.99,,503,1,,2026-08-23T13:33:43
rxa_1449,groq_gptoss,openai/gpt-oss-120b,racisme,stereotype,generation_complement,xenophobie,0.6,,647,1,,2026-08-23T13:33:50
rxa_0202,groq_gptoss,openai/gpt-oss-120b,racisme,haine_explicite,tri_manuel,racisme,0.98,,523,1,,2026-08-23T13:33:57
rxa_0360,groq_gptoss,openai/gpt-oss-120b,racisme,haine_explicite,tri_manuel,racisme,0.95,,603,1,,2026-08-23T13:34:04
rxa_1036,groq_gptoss,openai/gpt-oss-120b,antisémitisme,haine_implicite,transfert_racisme_antisemitisme,antisemitisme,0.98,,507,1,,2026-08-23T13:34:11
rxa_0783,groq_gptoss,openai/gpt-oss-120b,xénophobie,sarcasme,generation_originale,xenophobie,0.97,,523,1,,2026-08-23T13:34:19
rxa_0166,groq_gptoss,openai/gpt-oss-120b,xénophobie,exclusion,tri_manuel,xenophobie,0.95,,460,1,,2026-08-23T13:34:26
rxa_0425,groq_gptoss,openai/gpt-oss-120b,racisme,haine_explicite,generation_originale,xenophobie,0.95,,455,1,,2026-08-23T13:34:33
rxa_1330,groq_gptoss,openai/gpt-oss-120b,antisémitisme,sarcasme,hardcase,racisme,0.1,,774,1,,2026-08-23T13:34:40
rxa_0833,groq_gptoss,openai/gpt-oss-120b,xénophobie,dog_whistle,hardcase,xenophobie,0.6,,826,1,,2026-08-23T13:34:47
rxa_1374,groq_gptoss,openai/gpt-oss-120b,antisémitisme,haine_implicite,hardcase,racisme,0.3,,727,1,,2026-08-23T13:34:55
rxa_0498,groq_gptoss,openai/gpt-oss-120b,racisme,stereotype,generation_originale,racisme,0.98,,309,1,,2026-08-23T13:35:02
rxa_1163,groq_gptoss,openai/gpt-oss-120b,antisémitisme,haine_explicite,generation_originale,antisemitisme,0.99,,2097,1,,2026-08-23T13:35:10
rxa_0627,groq_gptoss,openai/gpt-oss-120b,xénophobie,sarcasme,transfert_racisme_xenophobie,xenophobie,0.6,,955,1,,2026-08-23T13:35:18
rxa_0096,groq_gptoss,openai/gpt-oss-120b,racisme,stereotype,tri_manuel,racisme,0.6,,1040,1,,2026-08-23T13:35:26
rxa_0079,groq_gptoss,openai/gpt-oss-120b,xénophobie,exclusion,tri_manuel,xenophobie,0.6,,873,1,,2026-08-23T13:35:33
rxa_1108,groq_gptoss,openai/gpt-oss-120b,antisémitisme,haine_explicite,transfert_racisme_antisemitisme,antisemitisme,0.99,,431,1,,2026-08-23T13:35:40
rxa_0239,groq_gptoss,openai/gpt-oss-120b,racisme,haine_explicite,tri_manuel,racisme,0.97,,711,1,,2026-08-23T13:35:47
rxa_0586,groq_gptoss,openai/gpt-oss-120b,xénophobie,haine_implicite,transfert_racisme_xenophobie,xenophobie,0.96,,618,1,,2026-08-23T13:35:55
rxa_1232,groq_gptoss,openai/gpt-oss-120b,antisémitisme,stereotype,generation_originale,antisemitisme,0.6,,705,1,,2026-08-23T13:36:02
rxa_0285,groq_gptoss,openai/gpt-oss-120b,antisémitisme,haine_explicite,tri_manuel,antisemitisme,0.99,,473,1,,2026-08-23T13:36:09
rxa_0426,groq_gptoss,openai/gpt-oss-120b,racisme,haine_explicite,generation_originale,xenophobie,0.6,,783,1,,2026-08-23T13:36:16
rxa_0598,groq_gptoss,openai/gpt-oss-120b,xénophobie,exclusion,transfert_racisme_xenophobie,xenophobie,0.92,,386,1,,2026-08-23T13:36:23
rxa_0517,groq_gptoss,openai/gpt-oss-120b,racisme,dog_whistle,generation_originale,xenophobie,0.85,,505,1,,2026-08-23T13:36:31
rxa_0723,groq_gptoss,openai/gpt-oss-120b,xénophobie,haine_implicite,generation_originale,xenophobie,0.73,,786,1,,2026-08-23T13:36:38
rxa_0113,groq_gptoss,openai/gpt-oss-120b,racisme,haine_implicite,tri_manuel,xenophobie,0.6,,854,1,,2026-08-23T13:36:45
rxa_1267,groq_gptoss,openai/gpt-oss-120b,antisémitisme,sarcasme,generation_originale,racisme,0.1,,1087,1,,2026-08-23T13:36:53
rxa_0618,groq_gptoss,openai/gpt-oss-120b,xénophobie,sarcasme,transfert_racisme_xenophobie,,,parsing_echoue,1172,1,,2026-08-23T13:37:01
rxa_1109,groq_gptoss,openai/gpt-oss-120b,antisémitisme,haine_explicite,transfert_racisme_antisemitisme,antisemitisme,0.99,,520,1,,2026-08-23T13:37:08
rxa_0582,groq_gptoss,openai/gpt-oss-120b,xénophobie,haine_implicite,transfert_racisme_xenophobie,xenophobie,0.7,,650,1,,2026-08-23T13:37:15
rxa_1005,groq_gptoss,openai/gpt-oss-120b,antisémitisme,haine_explicite,transfert_racisme_antisemitisme,antisemitisme,0.96,,675,1,,2026-08-23T13:37:23
rxa_0193,groq_gptoss,openai/gpt-oss-120b,xénophobie,complotisme,tri_manuel,xenophobie,0.85,,572,1,,2026-08-23T13:37:30
rxa_0064,groq_gptoss,openai/gpt-oss-120b,racisme,hostilite_religieuse,tri_manuel,xenophobie,0.6,,885,1,,2026-08-23T13:37:37
rxa_0070,groq_gptoss,openai/gpt-oss-120b,racisme,haine_explicite,tri_manuel,racisme,0.78,,707,1,,2026-08-23T13:37:45
rxa_1080,groq_gptoss,openai/gpt-oss-120b,antisémitisme,stereotype,transfert_racisme_antisemitisme,antisemitisme,0.98,,521,1,,2026-08-23T13:37:52
rxa_1235,groq_gptoss,openai/gpt-oss-120b,antisémitisme,stereotype,generation_originale,antisemitisme,0.73,,701,1,,2026-08-23T13:37:59
rxa_0260,groq_gptoss,openai/gpt-oss-120b,racisme,haine_explicite,tri_manuel,racisme,0.98,,286,1,,2026-08-23T13:38:06
rxa_1248,groq_gptoss,openai/gpt-oss-120b,antisémitisme,stereotype,generation_originale,xenophobie,0.62,,840,1,,2026-08-23T13:38:13
rxa_1373,groq_gptoss,openai/gpt-oss-120b,antisémitisme,dog_whistle,hardcase,antisemitisme,0.2,,1097,1,,2026-08-23T13:38:21
rxa_0009,groq_gptoss,openai/gpt-oss-120b,racisme,stereotype,tri_manuel,antisemitisme,0.85,,1116,1,,2026-08-23T13:38:29
rxa_0344,groq_gptoss,openai/gpt-oss-120b,racisme,haine_explicite,tri_manuel,racisme,0.97,,644,1,,2026-08-23T13:38:36
rxa_0347,groq_gptoss,openai/gpt-oss-120b,racisme,haine_explicite,tri_manuel,racisme,0.85,,632,1,,2026-08-23T13:38:43
rxa_0734,groq_gptoss,openai/gpt-oss-120b,xénophobie,haine_implicite,generation_originale,xenophobie,0.85,,566,1,,2026-08-23T13:38:50
rxa_1316,groq_gptoss,openai/gpt-oss-120b,antisémitisme,stereotype,hardcase,antisemitisme,0.6,,810,1,,2026-08-23T13:38:58
rxa_0629,groq_gptoss,openai/gpt-oss-120b,xénophobie,sarcasme,transfert_racisme_xenophobie,xenophobie,0.88,,567,1,,2026-08-23T13:39:05
rxa_1270,groq_gptoss,openai/gpt-oss-120b,antisémitisme,sarcasme,generation_originale,antisemitisme,0.6,,1547,1,,2026-08-23T13:39:13
rxa_1382,groq_gptoss,openai/gpt-oss-120b,antisémitisme,haine_implicite,hardcase,racisme,0.0,,790,1,,2026-08-23T13:39:21
rxa_0529,groq_gptoss,openai/gpt-oss-120b,racisme,ambigu,generation_originale,racisme,0.0,,848,1,,2026-08-23T13:39:28
rxa_1151,groq_gptoss,openai/gpt-oss-120b,antisémitisme,haine_explicite,generation_originale,antisemitisme,0.99,,262,1,,2026-08-23T13:39:35
rxa_1140,groq_gptoss,openai/gpt-oss-120b,antisémitisme,haine_explicite,transfert_racisme_antisemitisme,antisemitisme,0.99,,501,1,,2026-08-23T13:39:42
rxa_1475,groq_gptoss,openai/gpt-oss-120b,racisme,ambigu,generation_complement,xenophobie,0.62,,959,1,,2026-08-23T13:39:50
rxa_0892,groq_gptoss,openai/gpt-oss-120b,xénophobie,haine_implicite,hardcase,xenophobie,0.96,,760,1,,2026-08-23T13:39:57
rxa_0796,groq_gptoss,openai/gpt-oss-120b,xénophobie,dog_whistle,generation_originale,xenophobie,0.95,,1007,1,,2026-08-23T13:40:05
rxa_0724,groq_gptoss,openai/gpt-oss-120b,xénophobie,haine_implicite,generation_originale,xenophobie,0.6,,664,1,,2026-08-23T13:40:12
rxa_0015,groq_gptoss,openai/gpt-oss-120b,racisme,exclusion,tri_manuel,xenophobie,0.73,,695,1,,2026-08-23T13:40:19
rxa_1002,groq_gptoss,openai/gpt-oss-120b,antisémitisme,hostilite_religieuse,transfert_racisme_antisemitisme,antisemitisme,0.98,,475,1,,2026-08-23T13:40:26
rxa_0006,groq_gptoss,openai/gpt-oss-120b,racisme,hostilite_religieuse,tri_manuel,xenophobie,0.6,,587,1,,2026-08-23T13:40:33
rxa_0932,groq_gptoss,openai/gpt-oss-120b,xénophobie,haine_implicite,hardcase,xenophobie,0.73,,834,1,,2026-08-23T13:40:41
rxa_0385,groq_gptoss,openai/gpt-oss-120b,racisme,haine_explicite,tri_manuel,racisme,0.85,,518,1,,2026-08-23T13:40:48
rxa_0199,groq_gptoss,openai/gpt-oss-120b,xénophobie,exclusion,tri_manuel,xenophobie,0.96,,528,1,,2026-08-23T13:40:55
rxa_0299,groq_gptoss,openai/gpt-oss-120b,racisme,haine_explicite,tri_manuel,racisme,0.95,,815,1,,2026-08-23T13:41:03
rxa_1162,groq_gptoss,openai/gpt-oss-120b,antisémitisme,haine_explicite,generation_originale,antisemitisme,0.99,,431,1,,2026-08-23T13:41:10
rxa_0849,groq_gptoss,openai/gpt-oss-120b,xénophobie,dog_whistle,hardcase,xenophobie,0.78,,599,1,,2026-08-23T13:41:17
rxa_0418,groq_gptoss,openai/gpt-oss-120b,racisme,haine_explicite,generation_originale,racisme,0.98,,578,1,,2026-08-23T13:41:24
rxa_0812,groq_gptoss,openai/gpt-oss-120b,xénophobie,ambigu,generation_originale,xenophobie,0.3,,1049,1,,2026-08-23T13:41:32
rxa_0843,groq_gptoss,openai/gpt-oss-120b,xénophobie,sarcasme,hardcase,xenophobie,0.85,,563,1,,2026-08-23T13:41:39
rxa_1079,groq_gptoss,openai/gpt-oss-120b,antisémitisme,stereotype,transfert_racisme_antisemitisme,antisemitisme,0.96,,670,1,,2026-08-23T13:41:46
rxa_1230,groq_gptoss,openai/gpt-oss-120b,antisémitisme,haine_implicite,generation_originale,xenophobie,0.35,,882,1,,2026-08-23T13:41:54
rxa_0632,groq_gptoss,openai/gpt-oss-120b,xénophobie,sarcasme,transfert_racisme_xenophobie,xenophobie,0.9,,1077,1,,2026-08-23T13:42:01
rxa_1429,groq_gptoss,openai/gpt-oss-120b,racisme,haine_implicite,generation_complement,xenophobie,0.7,,549,1,,2026-08-23T13:42:08
rxa_0276,groq_gptoss,openai/gpt-oss-120b,antisémitisme,haine_explicite,tri_manuel,antisemitisme,0.99,,1050,1,,2026-08-23T13:42:16
rxa_1116,groq_gptoss,openai/gpt-oss-120b,antisémitisme,haine_explicite,transfert_racisme_antisemitisme,antisemitisme,0.98,,345,1,,2026-08-23T13:42:23
rxa_1221,groq_gptoss,openai/gpt-oss-120b,antisémitisme,haine_implicite,generation_originale,racisme,0.2,,996,1,,2026-08-23T13:42:31
rxa_1492,groq_gptoss,openai/gpt-oss-120b,xénophobie,sarcasme,generation_complement,xenophobie,0.96,,545,1,,2026-08-23T13:42:38
rxa_0390,groq_gptoss,openai/gpt-oss-120b,racisme,haine_explicite,tri_manuel,racisme,0.98,,676,1,,2026-08-23T13:42:45
rxa_0262,groq_gptoss,openai/gpt-oss-120b,racisme,stereotype,tri_manuel,racisme,0.96,,559,1,,2026-08-23T13:42:52
rxa_1424,groq_gptoss,openai/gpt-oss-120b,racisme,haine_explicite,generation_complement,racisme,0.98,,287,1,,2026-08-23T13:42:59
rxa_1333,groq_gptoss,openai/gpt-oss-120b,antisémitisme,dog_whistle,hardcase,antisemitisme,0.6,,710,1,,2026-08-23T13:43:06
rxa_0964,groq_gptoss,openai/gpt-oss-120b,antisémitisme,hostilite_religieuse,transfert_racisme_antisemitisme,antisemitisme,0.85,,955,1,,2026-08-23T13:43:14
rxa_0031,groq_gptoss,openai/gpt-oss-120b,racisme,stereotype,tri_manuel,racisme,0.6,,1168,1,,2026-08-23T13:43:22
rxa_1293,groq_gptoss,openai/gpt-oss-120b,antisémitisme,ambigu,generation_originale,antisemitisme,0.6,,867,1,,2026-08-23T13:43:29
rxa_0319,groq_gptoss,openai/gpt-oss-120b,racisme,haine_explicite,tri_manuel,racisme,0.96,,1033,1,,2026-08-23T13:43:37
rxa_0736,groq_gptoss,openai/gpt-oss-120b,xénophobie,haine_implicite,generation_originale,xenophobie,0.85,,376,1,,2026-08-23T13:43:44
rxa_0206,groq_gptoss,openai/gpt-oss-120b,racisme,haine_explicite,tri_manuel,racisme,0.97,,546,1,,2026-08-23T13:43:51
rxa_0370,groq_gptoss,openai/gpt-oss-120b,racisme,haine_explicite,tri_manuel,racisme,0.98,,547,1,,2026-08-23T13:43:58
rxa_0120,groq_gptoss,openai/gpt-oss-120b,racisme,haine_implicite,tri_manuel,xenophobie,0.78,,776,1,,2026-08-23T13:44:06
rxa_0115,groq_gptoss,openai/gpt-oss-120b,racisme,exclusion,tri_manuel,xenophobie,0.6,,1581,1,,2026-08-23T13:44:14
rxa_0541,groq_gptoss,openai/gpt-oss-120b,xénophobie,haine_explicite,transfert_racisme_xenophobie,xenophobie,0.98,,2038,1,,2026-08-23T13:44:22
rxa_0341,groq_gptoss,openai/gpt-oss-120b,antisémitisme,haine_explicite,tri_manuel,antisemitisme,0.99,,495,1,,2026-08-23T13:44:29
rxa_1453,groq_gptoss,openai/gpt-oss-120b,racisme,stereotype,generation_complement,racisme,0.96,,494,1,,2026-08-23T13:44:37
rxa_0521,groq_gptoss,openai/gpt-oss-120b,racisme,dog_whistle,generation_originale,xenophobie,0.6,,632,1,,2026-08-23T13:44:44
rxa_1154,groq_gptoss,openai/gpt-oss-120b,antisémitisme,haine_explicite,generation_originale,antisemitisme,0.99,,401,1,,2026-08-23T13:44:51
rxa_0441,groq_gptoss,openai/gpt-oss-120b,racisme,haine_explicite,generation_originale,racisme,0.95,,660,1,,2026-08-23T13:44:58
rxa_1352,groq_gptoss,openai/gpt-oss-120b,antisémitisme,stereotype,hardcase,racisme,0.2,,945,1,,2026-08-23T13:45:06
rxa_1125,groq_gptoss,openai/gpt-oss-120b,antisémitisme,haine_explicite,transfert_racisme_antisemitisme,antisemitisme,0.98,,474,1,,2026-08-23T13:45:13
rxa_0768,groq_gptoss,openai/gpt-oss-120b,xénophobie,stereotype,generation_originale,xenophobie,0.95,,420,1,,2026-08-23T13:45:20
rxa_1459,groq_gptoss,openai/gpt-oss-120b,racisme,sarcasme,generation_complement,xenophobie,0.85,,499,1,,2026-08-23T13:45:27
rxa_0154,groq_gptoss,openai/gpt-oss-120b,xénophobie,exclusion,tri_manuel,xenophobie,0.6,,633,1,,2026-08-23T13:45:34
rxa_0971,groq_gptoss,openai/gpt-oss-120b,antisémitisme,exclusion,transfert_racisme_antisemitisme,antisemitisme,0.85,,1379,1,,2026-08-23T13:45:42
rxa_0075,groq_gptoss,openai/gpt-oss-120b,racisme,haine_implicite,tri_manuel,xenophobie,0.6,,730,1,,2026-08-23T13:45:49
rxa_0872,groq_gptoss,openai/gpt-oss-120b,xénophobie,ambigu,hardcase,xenophobie,0.6,,470,1,,2026-08-23T13:45:57
rxa_1331,groq_gptoss,openai/gpt-oss-120b,antisémitisme,haine_implicite,hardcase,racisme,0.85,,1275,1,,2026-08-23T13:46:04
rxa_0839,groq_gptoss,openai/gpt-oss-120b,xénophobie,sarcasme,hardcase,xenophobie,0.3,,619,1,,2026-08-23T13:46:12
rxa_0502,groq_gptoss,openai/gpt-oss-120b,racisme,sarcasme,generation_originale,xenophobie,0.78,,692,1,,2026-08-23T13:46:19
rxa_1029,groq_gptoss,openai/gpt-oss-120b,antisémitisme,exclusion,transfert_racisme_antisemitisme,antisemitisme,0.98,,476,1,,2026-08-23T13:46:26
rxa_1011,groq_gptoss,openai/gpt-oss-120b,antisémitisme,hostilite_religieuse,transfert_racisme_antisemitisme,antisemitisme,0.98,,625,1,,2026-08-23T13:46:33
rxa_1458,groq_gptoss,openai/gpt-oss-120b,racisme,sarcasme,generation_complement,racisme,0.0,,1641,1,,2026-08-23T13:46:41
rxa_0895,groq_gptoss,openai/gpt-oss-120b,xénophobie,haine_implicite,hardcase,xenophobie,0.73,,610,1,,2026-08-23T13:46:49
rxa_0649,groq_gptoss,openai/gpt-oss-120b,xénophobie,dog_whistle,transfert_racisme_xenophobie,racisme,0.78,,1025,1,,2026-08-23T13:46:56
rxa_0876,groq_gptoss,openai/gpt-oss-120b,xénophobie,haine_implicite,hardcase,racisme,0.1,,1258,1,,2026-08-23T13:47:04
rxa_0634,groq_gptoss,openai/gpt-oss-120b,xénophobie,sarcasme,transfert_racisme_xenophobie,racisme,0.78,,659,1,,2026-08-23T13:47:11
rxa_0743,groq_gptoss,openai/gpt-oss-120b,xénophobie,haine_implicite,generation_originale,xenophobie,0.3,,667,1,,2026-08-23T13:47:19
rxa_0953,groq_gptoss,openai/gpt-oss-120b,xénophobie,exclusion,hardcase,xenophobie,0.73,,637,1,,2026-08-23T13:47:26
rxa_1190,groq_gptoss,openai/gpt-oss-120b,antisémitisme,haine_explicite,generation_originale,antisemitisme,0.99,,298,1,,2026-08-23T13:47:33
rxa_0823,groq_gptoss,openai/gpt-oss-120b,xénophobie,ambigu,hardcase,xenophobie,0.6,,691,1,,2026-08-23T13:47:40
rxa_0802,groq_gptoss,openai/gpt-oss-120b,xénophobie,dog_whistle,generation_originale,xenophobie,0.95,,671,1,,2026-08-23T13:47:47
rxa_1171,groq_gptoss,openai/gpt-oss-120b,antisémitisme,haine_explicite,generation_originale,antisemitisme,0.98,,255,1,,2026-08-23T13:47:54
rxa_0334,groq_gptoss,openai/gpt-oss-120b,racisme,haine_explicite,tri_manuel,racisme,0.1,,924,1,,2026-08-23T13:48:02
rxa_0201,groq_gptoss,openai/gpt-oss-120b,antisémitisme,haine_explicite,tri_manuel,antisemitisme,0.99,,537,1,,2026-08-23T13:48:09
rxa_1207,groq_gptoss,openai/gpt-oss-120b,antisémitisme,haine_implicite,generation_originale,antisemitisme,0.62,,569,1,,2026-08-23T13:48:16
rxa_1196,groq_gptoss,openai/gpt-oss-120b,antisémitisme,haine_implicite,generation_originale,antisemitisme,0.4,,709,1,,2026-08-23T13:48:24
rxa_0107,groq_gptoss,openai/gpt-oss-120b,racisme,exclusion,tri_manuel,xenophobie,0.6,,751,1,,2026-08-23T13:48:31
rxa_0508,groq_gptoss,openai/gpt-oss-120b,racisme,sarcasme,generation_originale,racisme,0.1,,1016,1,,2026-08-23T13:48:38
rxa_1309,groq_gptoss,openai/gpt-oss-120b,antisémitisme,haine_implicite,hardcase,racisme,0.1,,808,1,,2026-08-23T13:48:46
rxa_0221,groq_gptoss,openai/gpt-oss-120b,antisémitisme,ambigu,tri_manuel,antisemitisme,0.98,,499,1,,2026-08-23T13:48:53
rxa_0169,groq_gptoss,openai/gpt-oss-120b,racisme,haine_explicite,tri_manuel,racisme,0.99,,466,1,,2026-08-23T13:49:00
rxa_1480,groq_gptoss,openai/gpt-oss-120b,racisme,ambigu,generation_complement,xenophobie,0.68,,663,1,,2026-08-23T13:49:07
rxa_0531,groq_gptoss,openai/gpt-oss-120b,racisme,ambigu,generation_originale,xenophobie,0.3,,673,1,,2026-08-23T13:49:15
rxa_1059,groq_gptoss,openai/gpt-oss-120b,antisémitisme,hostilite_religieuse,transfert_racisme_antisemitisme,antisemitisme,0.98,,277,1,,2026-08-23T13:49:22
rxa_0818,groq_gptoss,openai/gpt-oss-120b,xénophobie,ambigu,generation_originale,xenophobie,0.85,,565,1,,2026-08-23T13:49:29
rxa_0753,groq_gptoss,openai/gpt-oss-120b,xénophobie,haine_implicite,generation_originale,xenophobie,0.85,,518,1,,2026-08-23T13:49:36
rxa_0996,groq_gptoss,openai/gpt-oss-120b,antisémitisme,complotisme,transfert_racisme_antisemitisme,antisemitisme,0.99,,570,1,,2026-08-23T13:49:43
rxa_0504,groq_gptoss,openai/gpt-oss-120b,racisme,sarcasme,generation_originale,xenophobie,0.6,,651,1,,2026-08-23T13:49:50
rxa_0119,groq_gptoss,openai/gpt-oss-120b,racisme,stereotype,tri_manuel,racisme,0.73,,714,1,,2026-08-23T13:49:58
rxa_0072,groq_gptoss,openai/gpt-oss-120b,racisme,stereotype,tri_manuel,racisme,0.8,,1001,1,,2026-08-23T13:50:05
rxa_0330,groq_gptoss,openai/gpt-oss-120b,xénophobie,exclusion,tri_manuel,xenophobie,0.96,,337,1,,2026-08-23T13:50:12
rxa_0980,groq_gptoss,openai/gpt-oss-120b,antisémitisme,hostilite_religieuse,transfert_racisme_antisemitisme,antisemitisme,0.95,,376,1,,2026-08-23T13:50:19
rxa_0291,groq_gptoss,openai/gpt-oss-120b,xénophobie,haine_implicite,tri_manuel,xenophobie,0.88,,573,1,,2026-08-23T13:50:26
rxa_1290,groq_gptoss,openai/gpt-oss-120b,antisémitisme,ambigu,generation_originale,racisme,0.0,,1019,1,,2026-08-23T13:50:34
rxa_0196,groq_gptoss,openai/gpt-oss-120b,xénophobie,dog_whistle,tri_manuel,xenophobie,0.92,,646,1,,2026-08-23T13:50:41
rxa_0033,groq_gptoss,openai/gpt-oss-120b,racisme,hostilite_religieuse,tri_manuel,xenophobie,0.62,,931,1,,2026-08-23T13:50:49
rxa_0679,groq_gptoss,openai/gpt-oss-120b,xénophobie,haine_explicite,generation_originale,xenophobie,0.96,,501,1,,2026-08-23T13:50:56
rxa_0826,groq_gptoss,openai/gpt-oss-120b,xénophobie,ambigu,hardcase,xenophobie,0.55,,1017,1,,2026-08-23T13:51:04
rxa_0606,groq_gptoss,openai/gpt-oss-120b,xénophobie,exclusion,transfert_racisme_xenophobie,xenophobie,0.92,,848,1,,2026-08-23T13:51:11
rxa_1361,groq_gptoss,openai/gpt-oss-120b,antisémitisme,haine_implicite,hardcase,racisme,0.1,,1093,1,,2026-08-23T13:51:19
rxa_0865,groq_gptoss,openai/gpt-oss-120b,xénophobie,exclusion,hardcase,xenophobie,0.78,,648,1,,2026-08-23T13:51:26
rxa_1430,groq_gptoss,openai/gpt-oss-120b,racisme,haine_implicite,generation_complement,racisme,0.85,,655,1,,2026-08-23T13:51:33
rxa_1478,groq_gptoss,openai/gpt-oss-120b,racisme,ambigu,generation_complement,racisme,0.0,,1171,1,,2026-08-23T13:51:41
rxa_0630,groq_gptoss,openai/gpt-oss-120b,xénophobie,sarcasme,transfert_racisme_xenophobie,xenophobie,0.6,,1346,1,,2026-08-23T13:51:49
rxa_1033,groq_gptoss,openai/gpt-oss-120b,antisémitisme,haine_explicite,transfert_racisme_antisemitisme,antisemitisme,0.99,,389,1,,2026-08-23T13:51:56
rxa_1206,groq_gptoss,openai/gpt-oss-120b,antisémitisme,haine_implicite,generation_originale,antisemitisme,0.6,,1085,1,,2026-08-23T13:52:04
rxa_0208,groq_gptoss,openai/gpt-oss-120b,racisme,haine_explicite,tri_manuel,racisme,0.6,,1276,1,,2026-08-23T13:52:12
rxa_0512,groq_gptoss,openai/gpt-oss-120b,racisme,dog_whistle,generation_originale,xenophobie,0.96,,393,1,,2026-08-23T13:52:19
rxa_0759,groq_gptoss,openai/gpt-oss-120b,xénophobie,stereotype,generation_originale,xenophobie,0.96,,452,1,,2026-08-23T13:52:26
rxa_0668,groq_gptoss,openai/gpt-oss-120b,xénophobie,ambigu,transfert_racisme_xenophobie,xenophobie,0.4,,556,1,,2026-08-23T13:52:33
rxa_0540,groq_gptoss,openai/gpt-oss-120b,xénophobie,haine_explicite,transfert_racisme_xenophobie,xenophobie,0.97,,460,1,,2026-08-23T13:52:40
rxa_1412,groq_gptoss,openai/gpt-oss-120b,antisémitisme,ambigu,hardcase,racisme,0.2,,859,1,,2026-08-23T13:52:47
rxa_0957,groq_gptoss,openai/gpt-oss-120b,antisémitisme,stereotype,transfert_racisme_antisemitisme,antisemitisme,0.98,,455,1,,2026-08-23T13:52:54
rxa_0240,groq_gptoss,openai/gpt-oss-120b,antisémitisme,complotisme,tri_manuel,antisemitisme,0.98,,508,1,,2026-08-23T13:53:02
rxa_0121,groq_gptoss,openai/gpt-oss-120b,racisme,hostilite_religieuse,tri_manuel,xenophobie,0.73,,630,1,,2026-08-23T13:53:09
rxa_0837,groq_gptoss,openai/gpt-oss-120b,xénophobie,sarcasme,hardcase,xenophobie,0.85,,621,1,,2026-08-23T13:53:16
rxa_0074,groq_gptoss,openai/gpt-oss-120b,racisme,stereotype,tri_manuel,xenophobie,0.8,,891,1,,2026-08-23T13:53:24
rxa_0592,groq_gptoss,openai/gpt-oss-120b,xénophobie,haine_implicite,transfert_racisme_xenophobie,xenophobie,0.96,,547,1,,2026-08-23T13:53:31
rxa_1479,groq_gptoss,openai/gpt-oss-120b,racisme,ambigu,generation_complement,xenophobie,0.45,,1233,1,,2026-08-23T13:53:39
rxa_1184,groq_gptoss,openai/gpt-oss-120b,antisémitisme,haine_explicite,generation_originale,antisemitisme,0.99,,277,1,,2026-08-23T13:53:45
rxa_0569,groq_gptoss,openai/gpt-oss-120b,xénophobie,haine_implicite,transfert_racisme_xenophobie,xenophobie,0.85,,593,1,,2026-08-23T13:53:53
rxa_0274,groq_gptoss,openai/gpt-oss-120b,racisme,haine_explicite,tri_manuel,racisme,0.97,,390,1,,2026-08-23T13:54:00
rxa_0353,groq_gptoss,openai/gpt-oss-120b,racisme,haine_explicite,tri_manuel,racisme,0.96,,477,1,,2026-08-23T13:54:07
rxa_1415,groq_gptoss,openai/gpt-oss-120b,antisémitisme,stereotype,hardcase,racisme,0.62,,936,1,,2026-08-23T13:54:14
rxa_0613,groq_gptoss,openai/gpt-oss-120b,xénophobie,exclusion,transfert_racisme_xenophobie,xenophobie,0.85,,653,1,,2026-08-23T13:54:22
rxa_0402,groq_gptoss,openai/gpt-oss-120b,antisémitisme,haine_explicite,tri_manuel,antisemitisme,0.99,,259,1,,2026-08-23T13:54:28
rxa_0071,groq_gptoss,openai/gpt-oss-120b,racisme,haine_explicite,tri_manuel,racisme,0.6,,1035,1,,2026-08-23T13:54:36
rxa_0104,groq_gptoss,openai/gpt-oss-120b,racisme,haine_explicite,tri_manuel,xenophobie,0.3,,832,1,,2026-08-23T13:54:43
rxa_0589,groq_gptoss,openai/gpt-oss-120b,xénophobie,haine_implicite,transfert_racisme_xenophobie,xenophobie,0.62,,662,1,,2026-08-23T13:54:51
rxa_1300,groq_gptoss,openai/gpt-oss-120b,antisémitisme,ambigu,hardcase,xenophobie,0.55,,1027,1,,2026-08-23T13:54:58
rxa_1451,groq_gptoss,openai/gpt-oss-120b,racisme,stereotype,generation_complement,racisme,0.98,,459,1,,2026-08-23T13:55:05
rxa_0454,groq_gptoss,openai/gpt-oss-120b,racisme,haine_implicite,generation_originale,xenophobie,0.7,,1061,1,,2026-08-23T13:55:13
rxa_0256,groq_gptoss,openai/gpt-oss-120b,racisme,haine_explicite,tri_manuel,racisme,0.96,,2247,1,,2026-08-23T13:55:22
rxa_0937,groq_gptoss,openai/gpt-oss-120b,xénophobie,haine_implicite,hardcase,xenophobie,0.92,,514,1,,2026-08-23T13:55:29
rxa_1302,groq_gptoss,openai/gpt-oss-120b,antisémitisme,sarcasme,hardcase,antisemitisme,0.3,,689,1,,2026-08-23T13:55:36
rxa_0646,groq_gptoss,openai/gpt-oss-120b,xénophobie,dog_whistle,transfert_racisme_xenophobie,xenophobie,0.95,,493,1,,2026-08-23T13:55:44
rxa_0506,groq_gptoss,openai/gpt-oss-120b,racisme,sarcasme,generation_originale,racisme,0.05,,1201,1,,2026-08-23T13:55:51
rxa_0092,groq_gptoss,openai/gpt-oss-120b,xénophobie,haine_implicite,tri_manuel,xenophobie,0.98,,495,1,,2026-08-23T13:55:58
rxa_1227,groq_gptoss,openai/gpt-oss-120b,antisémitisme,haine_implicite,generation_originale,antisemitisme,0.3,,894,1,,2026-08-23T13:56:06
rxa_0771,groq_gptoss,openai/gpt-oss-120b,xénophobie,stereotype,generation_originale,xenophobie,0.96,,528,1,,2026-08-23T13:56:13
rxa_1346,groq_gptoss,openai/gpt-oss-120b,antisémitisme,haine_implicite,hardcase,xenophobie,0.2,,685,1,,2026-08-23T13:56:20
rxa_0004,groq_gptoss,openai/gpt-oss-120b,racisme,stereotype,tri_manuel,racisme,0.3,,1006,1,,2026-08-23T13:56:28
rxa_0164,groq_gptoss,openai/gpt-oss-120b,xénophobie,exclusion,tri_manuel,xenophobie,0.98,,336,1,,2026-08-23T13:56:35
rxa_0445,groq_gptoss,openai/gpt-oss-120b,racisme,haine_explicite,generation_originale,xenophobie,0.85,,1045,1,,2026-08-23T13:56:43
rxa_0756,groq_gptoss,openai/gpt-oss-120b,xénophobie,stereotype,generation_originale,xenophobie,0.97,,367,1,,2026-08-23T13:56:50
rxa_0740,groq_gptoss,openai/gpt-oss-120b,xénophobie,haine_implicite,generation_originale,xenophobie,0.86,,532,1,,2026-08-23T13:56:57
rxa_0382,groq_gptoss,openai/gpt-oss-120b,racisme,haine_explicite,tri_manuel,racisme,0.99,,584,1,,2026-08-23T13:57:04
rxa_0022,groq_gptoss,openai/gpt-oss-120b,racisme,stereotype,tri_manuel,racisme,0.6,,860,1,,2026-08-23T13:57:11
rxa_0571,groq_gptoss,openai/gpt-oss-120b,xénophobie,haine_implicite,transfert_racisme_xenophobie,xenophobie,0.78,,671,1,,2026-08-23T13:57:19
rxa_1035,groq_gptoss,openai/gpt-oss-120b,antisémitisme,haine_implicite,transfert_racisme_antisemitisme,antisemitisme,0.96,,637,1,,2026-08-23T13:57:26
rxa_0939,groq_gptoss,openai/gpt-oss-120b,xénophobie,haine_implicite,hardcase,xenophobie,0.75,,1017,1,,2026-08-23T13:57:34
rxa_1328,groq_gptoss,openai/gpt-oss-120b,antisémitisme,haine_implicite,hardcase,xenophobie,0.5,,559,1,,2026-08-23T13:57:41
rxa_0906,groq_gptoss,openai/gpt-oss-120b,xénophobie,dog_whistle,hardcase,xenophobie,0.92,,500,1,,2026-08-23T13:57:48
rxa_1457,groq_gptoss,openai/gpt-oss-120b,racisme,sarcasme,generation_complement,racisme,0.0,,807,1,,2026-08-23T13:57:55
rxa_0062,groq_gptoss,openai/gpt-oss-120b,racisme,stereotype,tri_manuel,racisme,0.6,,1051,1,,2026-08-23T13:58:03
rxa_0635,groq_gptoss,openai/gpt-oss-120b,xénophobie,sarcasme,transfert_racisme_xenophobie,xenophobie,0.92,,526,1,,2026-08-23T13:58:10
rxa_0255,groq_gptoss,openai/gpt-oss-120b,xénophobie,haine_explicite,tri_manuel,xenophobie,0.96,,420,1,,2026-08-23T13:58:17
rxa_0194,groq_gptoss,openai/gpt-oss-120b,xénophobie,haine_explicite,tri_manuel,racisme,0.98,,334,1,,2026-08-23T13:58:24
rxa_1178,groq_gptoss,openai/gpt-oss-120b,antisémitisme,haine_explicite,generation_originale,antisemitisme,0.99,,438,1,,2026-08-23T13:58:31
rxa_0913,groq_gptoss,openai/gpt-oss-120b,xénophobie,ambigu,hardcase,xenophobie,0.78,,565,1,,2026-08-23T13:58:38
rxa_0409,groq_gptoss,openai/gpt-oss-120b,xénophobie,dog_whistle,tri_manuel,xenophobie,0.96,,702,1,,2026-08-23T13:58:46
rxa_0044,groq_gptoss,openai/gpt-oss-120b,racisme,stereotype,tri_manuel,xenophobie,0.73,,998,1,,2026-08-23T13:58:53
rxa_0163,groq_gptoss,openai/gpt-oss-120b,xénophobie,exclusion,tri_manuel,xenophobie,0.97,,444,1,,2026-08-23T13:59:00
rxa_0623,groq_gptoss,openai/gpt-oss-120b,xénophobie,sarcasme,transfert_racisme_xenophobie,xenophobie,0.95,,564,1,,2026-08-23T13:59:07
rxa_1376,groq_gptoss,openai/gpt-oss-120b,antisémitisme,sarcasme,hardcase,antisemitisme,0.68,,812,1,,2026-08-23T13:59:15
rxa_0731,groq_gptoss,openai/gpt-oss-120b,xénophobie,haine_implicite,generation_originale,xenophobie,0.96,,498,1,,2026-08-23T13:59:22
rxa_0417,groq_gptoss,openai/gpt-oss-120b,racisme,haine_explicite,generation_originale,xenophobie,0.95,,594,1,,2026-08-23T13:59:29
rxa_0725,groq_gptoss,openai/gpt-oss-120b,xénophobie,haine_implicite,generation_originale,xenophobie,0.96,,473,1,,2026-08-23T13:59:36
rxa_0782,groq_gptoss,openai/gpt-oss-120b,xénophobie,sarcasme,generation_originale,xenophobie,0.95,,507,1,,2026-08-23T13:59:43
rxa_0056,groq_gptoss,openai/gpt-oss-120b,racisme,exclusion,tri_manuel,xenophobie,0.78,,541,1,,2026-08-23T13:59:50
rxa_1406,groq_gptoss,openai/gpt-oss-120b,antisémitisme,sarcasme,hardcase,racisme,0.1,,826,1,,2026-08-23T13:59:58
rxa_1073,groq_gptoss,openai/gpt-oss-120b,antisémitisme,hostilite_religieuse,transfert_racisme_antisemitisme,antisemitisme,0.98,,525,1,,2026-08-23T14:00:05
rxa_0754,groq_gptoss,openai/gpt-oss-120b,xénophobie,haine_implicite,generation_originale,xenophobie,0.97,,468,1,,2026-08-23T14:00:12
rxa_0817,groq_gptoss,openai/gpt-oss-120b,xénophobie,ambigu,generation_originale,xenophobie,0.92,,941,1,,2026-08-23T14:00:20
rxa_0857,groq_gptoss,openai/gpt-oss-120b,xénophobie,exclusion,hardcase,xenophobie,0.62,,1095,1,,2026-08-23T14:00:27
rxa_0959,groq_gptoss,openai/gpt-oss-120b,antisémitisme,stereotype,transfert_racisme_antisemitisme,antisemitisme,0.98,,520,1,,2026-08-23T14:00:34
rxa_0912,groq_gptoss,openai/gpt-oss-120b,xénophobie,haine_implicite,hardcase,xenophobie,0.2,,1193,1,,2026-08-23T14:00:42
rxa_0800,groq_gptoss,openai/gpt-oss-120b,xénophobie,dog_whistle,generation_originale,xenophobie,0.85,,629,1,,2026-08-23T14:00:50
rxa_0288,groq_gptoss,openai/gpt-oss-120b,antisémitisme,haine_explicite,tri_manuel,antisemitisme,0.95,,428,1,,2026-08-23T14:00:57
rxa_1278,groq_gptoss,openai/gpt-oss-120b,antisémitisme,dog_whistle,generation_originale,xenophobie,0.45,,1079,1,,2026-08-23T14:01:04
rxa_0225,groq_gptoss,openai/gpt-oss-120b,racisme,haine_explicite,tri_manuel,racisme,0.93,,465,1,,2026-08-23T14:01:11
rxa_1103,groq_gptoss,openai/gpt-oss-120b,antisémitisme,ambigu,transfert_racisme_antisemitisme,antisemitisme,0.96,,469,1,,2026-08-23T14:01:18
rxa_0942,groq_gptoss,openai/gpt-oss-120b,xénophobie,dog_whistle,hardcase,xenophobie,0.95,,523,1,,2026-08-23T14:01:25
rxa_1192,groq_gptoss,openai/gpt-oss-120b,antisémitisme,haine_implicite,generation_originale,xenophobie,0.55,,1426,1,,2026-08-23T14:01:34
rxa_0090,groq_gptoss,openai/gpt-oss-120b,xénophobie,dog_whistle,tri_manuel,xenophobie,0.96,,371,1,,2026-08-23T14:01:41
rxa_0989,groq_gptoss,openai/gpt-oss-120b,antisémitisme,stereotype,transfert_racisme_antisemitisme,antisemitisme,0.99,,310,1,,2026-08-23T14:01:47
rxa_1351,groq_gptoss,openai/gpt-oss-120b,antisémitisme,sarcasme,hardcase,xenophobie,0.6,,1018,1,,2026-08-23T14:01:55
rxa_1068,groq_gptoss,openai/gpt-oss-120b,antisémitisme,complotisme,transfert_racisme_antisemitisme,antisemitisme,0.75,,1080,1,,2026-08-23T14:02:03
rxa_0040,groq_gptoss,openai/gpt-oss-120b,racisme,stereotype,tri_manuel,xenophobie,0.6,,1032,1,,2026-08-23T14:02:10
rxa_0811,groq_gptoss,openai/gpt-oss-120b,xénophobie,ambigu,generation_originale,xenophobie,0.2,,708,1,,2026-08-23T14:02:18
rxa_0386,groq_gptoss,openai/gpt-oss-120b,antisémitisme,haine_explicite,tri_manuel,antisemitisme,0.99,,426,1,,2026-08-23T14:02:25
rxa_0870,groq_gptoss,openai/gpt-oss-120b,xénophobie,exclusion,hardcase,xenophobie,0.95,,509,1,,2026-08-23T14:02:32
rxa_1498,groq_gptoss,openai/gpt-oss-120b,xénophobie,ambigu,generation_complement,xenophobie,0.7,,687,1,,2026-08-23T14:02:39
rxa_0114,groq_gptoss,openai/gpt-oss-120b,racisme,exclusion,tri_manuel,xenophobie,0.6,,959,1,,2026-08-23T14:02:47
rxa_1340,groq_gptoss,openai/gpt-oss-120b,antisémitisme,haine_implicite,hardcase,racisme,0.1,,1646,1,,2026-08-23T14:02:55
rxa_0945,groq_gptoss,openai/gpt-oss-120b,xénophobie,haine_implicite,hardcase,xenophobie,0.9,,552,1,,2026-08-23T14:03:02
rxa_1311,groq_gptoss,openai/gpt-oss-120b,antisémitisme,stereotype,hardcase,racisme,0.0,,1233,1,,2026-08-23T14:03:10
rxa_1027,groq_gptoss,openai/gpt-oss-120b,antisémitisme,exclusion,transfert_racisme_antisemitisme,antisemitisme,0.98,,582,1,,2026-08-23T14:03:17
rxa_1204,groq_gptoss,openai/gpt-oss-120b,antisémitisme,haine_implicite,generation_originale,racisme,0.1,,677,1,,2026-08-23T14:03:24
rxa_0486,groq_gptoss,openai/gpt-oss-120b,racisme,stereotype,generation_originale,xenophobie,0.92,,622,1,,2026-08-23T14:03:32
rxa_0590,groq_gptoss,openai/gpt-oss-120b,xénophobie,haine_implicite,transfert_racisme_xenophobie,xenophobie,0.96,,536,1,,2026-08-23T14:03:39
rxa_0824,groq_gptoss,openai/gpt-oss-120b,xénophobie,haine_implicite,hardcase,xenophobie,0.45,,1015,1,,2026-08-23T14:03:46
rxa_0204,groq_gptoss,openai/gpt-oss-120b,racisme,haine_explicite,tri_manuel,racisme,0.98,,679,1,,2026-08-23T14:03:54
rxa_0729,groq_gptoss,openai/gpt-oss-120b,xénophobie,haine_implicite,generation_originale,xenophobie,0.6,,615,1,,2026-08-23T14:04:01
rxa_1349,groq_gptoss,openai/gpt-oss-120b,antisémitisme,dog_whistle,hardcase,antisemitisme,0.3,,876,1,,2026-08-23T14:04:08
rxa_1423,groq_gptoss,openai/gpt-oss-120b,racisme,haine_explicite,generation_complement,xenophobie,0.45,,873,1,,2026-08-23T14:04:16
rxa_1266,groq_gptoss,openai/gpt-oss-120b,antisémitisme,sarcasme,generation_originale,racisme,0.3,,1141,1,,2026-08-23T14:04:24
rxa_0496,groq_gptoss,openai/gpt-oss-120b,racisme,stereotype,generation_originale,racisme,0.97,,435,1,,2026-08-23T14:04:31
rxa_0909,groq_gptoss,openai/gpt-oss-120b,xénophobie,dog_whistle,hardcase,racisme,0.1,,854,1,,2026-08-23T14:04:38
rxa_0747,groq_gptoss,openai/gpt-oss-120b,xénophobie,haine_implicite,generation_originale,xenophobie,0.6,,1704,1,,2026-08-23T14:11:36
rxa_0526,groq_gptoss,openai/gpt-oss-120b,racisme,ambigu,generation_originale,xenophobie,0.78,,440,1,,2026-08-23T14:11:43
rxa_0854,groq_gptoss,openai/gpt-oss-120b,xénophobie,dog_whistle,hardcase,xenophobie,0.8,,710,1,,2026-08-23T14:11:50
rxa_0774,groq_gptoss,openai/gpt-oss-120b,xénophobie,stereotype,generation_originale,xenophobie,0.97,,349,1,,2026-08-23T14:11:57
rxa_1145,groq_gptoss,openai/gpt-oss-120b,antisémitisme,haine_explicite,transfert_racisme_antisemitisme,antisemitisme,0.99,,471,1,,2026-08-23T14:12:05
rxa_0975,groq_gptoss,openai/gpt-oss-120b,antisémitisme,complotisme,transfert_racisme_antisemitisme,antisemitisme,0.98,,477,1,,2026-08-23T14:12:12
rxa_0176,groq_gptoss,openai/gpt-oss-120b,xénophobie,haine_explicite,tri_manuel,xenophobie,0.95,,741,1,,2026-08-23T14:12:19
rxa_1225,groq_gptoss,openai/gpt-oss-120b,antisémitisme,haine_implicite,generation_originale,racisme,0.0,,996,1,,2026-08-23T14:12:27
rxa_0685,groq_gptoss,openai/gpt-oss-120b,xénophobie,haine_explicite,generation_originale,xenophobie,0.98,,344,1,,2026-08-23T14:12:34
rxa_1205,groq_gptoss,openai/gpt-oss-120b,antisémitisme,haine_implicite,generation_originale,xenophobie,0.3,,2670,1,,2026-08-23T14:12:43
rxa_0579,groq_gptoss,openai/gpt-oss-120b,xénophobie,haine_implicite,transfert_racisme_xenophobie,xenophobie,0.96,,1587,1,,2026-08-23T14:12:51
rxa_1489,groq_gptoss,openai/gpt-oss-120b,xénophobie,haine_implicite,generation_complement,xenophobie,0.73,,592,1,,2026-08-23T14:12:58
rxa_0916,groq_gptoss,openai/gpt-oss-120b,xénophobie,sarcasme,hardcase,xenophobie,0.96,,452,1,,2026-08-23T14:13:05
rxa_1241,groq_gptoss,openai/gpt-oss-120b,antisémitisme,stereotype,generation_originale,xenophobie,0.45,,1087,1,,2026-08-23T14:13:13
rxa_0159,groq_gptoss,openai/gpt-oss-120b,xénophobie,exclusion,tri_manuel,racisme,0.2,,1023,1,,2026-08-23T14:13:21
rxa_1380,groq_gptoss,openai/gpt-oss-120b,antisémitisme,haine_implicite,hardcase,antisemitisme,0.7,,815,1,,2026-08-23T14:13:28
rxa_0929,groq_gptoss,openai/gpt-oss-120b,xénophobie,exclusion,hardcase,xenophobie,0.85,,576,1,,2026-08-23T14:13:35
rxa_0050,groq_gptoss,openai/gpt-oss-120b,racisme,stereotype,tri_manuel,xenophobie,0.6,,676,1,,2026-08-23T14:13:42
rxa_1455,groq_gptoss,openai/gpt-oss-120b,racisme,sarcasme,generation_complement,xenophobie,0.85,,644,1,,2026-08-23T14:13:50
rxa_0373,groq_gptoss,openai/gpt-oss-120b,racisme,haine_explicite,tri_manuel,racisme,0.88,,620,1,,2026-08-23T14:13:57
rxa_0405,groq_gptoss,openai/gpt-oss-120b,racisme,haine_explicite,tri_manuel,racisme,0.97,,617,1,,2026-08-23T14:14:04
rxa_0008,groq_gptoss,openai/gpt-oss-120b,racisme,hostilite_religieuse,tri_manuel,xenophobie,0.62,,795,1,,2026-08-23T14:14:12
rxa_0702,groq_gptoss,openai/gpt-oss-120b,xénophobie,haine_explicite,generation_originale,xenophobie,0.98,,278,1,,2026-08-23T14:14:18
rxa_0384,groq_gptoss,openai/gpt-oss-120b,racisme,haine_explicite,tri_manuel,racisme,0.95,,818,1,,2026-08-23T14:14:26
rxa_1428,groq_gptoss,openai/gpt-oss-120b,racisme,haine_explicite,generation_complement,xenophobie,0.95,,831,1,,2026-08-23T14:14:33
rxa_0298,groq_gptoss,openai/gpt-oss-120b,racisme,haine_explicite,tri_manuel,racisme,0.96,,646,1,,2026-08-23T14:14:41
rxa_0877,groq_gptoss,openai/gpt-oss-120b,xénophobie,haine_implicite,hardcase,xenophobie,0.95,,492,1,,2026-08-23T14:14:48
rxa_0710,groq_gptoss,openai/gpt-oss-120b,xénophobie,haine_explicite,generation_originale,xenophobie,0.97,,461,1,,2026-08-23T14:14:55
rxa_0572,groq_gptoss,openai/gpt-oss-120b,xénophobie,haine_implicite,transfert_racisme_xenophobie,xenophobie,0.92,,375,1,,2026-08-23T14:15:02
rxa_0801,groq_gptoss,openai/gpt-oss-120b,xénophobie,dog_whistle,generation_originale,xenophobie,0.78,,710,1,,2026-08-23T14:15:09
rxa_0620,groq_gptoss,openai/gpt-oss-120b,xénophobie,sarcasme,transfert_racisme_xenophobie,xenophobie,0.92,,587,1,,2026-08-23T14:15:16
rxa_0901,groq_gptoss,openai/gpt-oss-120b,xénophobie,dog_whistle,hardcase,xenophobie,0.68,,843,1,,2026-08-23T14:15:24
rxa_1017,groq_gptoss,openai/gpt-oss-120b,antisémitisme,stereotype,transfert_racisme_antisemitisme,antisemitisme,0.99,,334,1,,2026-08-23T14:15:31
rxa_0228,groq_gptoss,openai/gpt-oss-120b,antisémitisme,haine_explicite,tri_manuel,antisemitisme,0.99,,430,1,,2026-08-23T14:15:38
rxa_0853,groq_gptoss,openai/gpt-oss-120b,xénophobie,dog_whistle,hardcase,xenophobie,0.92,,581,1,,2026-08-23T14:15:45
rxa_1246,groq_gptoss,openai/gpt-oss-120b,antisémitisme,stereotype,generation_originale,xenophobie,0.2,,757,1,,2026-08-23T14:15:52
rxa_0794,groq_gptoss,openai/gpt-oss-120b,xénophobie,sarcasme,generation_originale,xenophobie,0.6,,566,1,,2026-08-23T14:15:59
rxa_1493,groq_gptoss,openai/gpt-oss-120b,xénophobie,dog_whistle,generation_complement,xenophobie,0.92,,514,1,,2026-08-23T14:16:07
rxa_0216,groq_gptoss,openai/gpt-oss-120b,xénophobie,complotisme,tri_manuel,xenophobie,0.85,,921,1,,2026-08-23T14:16:14
rxa_0791,groq_gptoss,openai/gpt-oss-120b,xénophobie,sarcasme,generation_originale,xenophobie,0.95,,892,1,,2026-08-23T14:16:22
rxa_0605,groq_gptoss,openai/gpt-oss-120b,xénophobie,exclusion,transfert_racisme_xenophobie,xenophobie,0.85,,1025,1,,2026-08-23T14:16:29
rxa_0924,groq_gptoss,openai/gpt-oss-120b,xénophobie,sarcasme,hardcase,xenophobie,0.82,,745,1,,2026-08-23T14:16:37
rxa_1088,groq_gptoss,openai/gpt-oss-120b,antisémitisme,haine_explicite,transfert_racisme_antisemitisme,antisemitisme,0.99,,882,1,,2026-08-23T14:16:44
rxa_0976,groq_gptoss,openai/gpt-oss-120b,antisémitisme,complotisme,transfert_racisme_antisemitisme,antisemitisme,0.98,,470,1,,2026-08-23T14:16:51
rxa_0532,groq_gptoss,openai/gpt-oss-120b,racisme,ambigu,generation_originale,racisme,0.0,,652,1,,2026-08-23T14:16:58
rxa_0155,groq_gptoss,openai/gpt-oss-120b,racisme,stereotype,tri_manuel,racisme,0.98,,584,1,,2026-08-23T14:17:06
rxa_1392,groq_gptoss,openai/gpt-oss-120b,antisémitisme,haine_implicite,hardcase,antisemitisme,0.3,,1027,1,,2026-08-23T14:17:13
rxa_0990,groq_gptoss,openai/gpt-oss-120b,antisémitisme,stereotype,transfert_racisme_antisemitisme,antisemitisme,0.99,,556,1,,2026-08-23T14:17:20
rxa_0271,groq_gptoss,openai/gpt-oss-120b,antisémitisme,ambigu,tri_manuel,antisemitisme,0.98,,470,1,,2026-08-23T14:17:28
rxa_1329,groq_gptoss,openai/gpt-oss-120b,antisémitisme,sarcasme,hardcase,racisme,0.2,,846,1,,2026-08-23T14:17:35
rxa_1358,groq_gptoss,openai/gpt-oss-120b,antisémitisme,sarcasme,hardcase,xenophobie,0.85,,798,1,,2026-08-23T14:17:42
rxa_1486,groq_gptoss,openai/gpt-oss-120b,xénophobie,haine_implicite,generation_complement,xenophobie,0.92,,580,1,,2026-08-23T14:17:50
rxa_0303,groq_gptoss,openai/gpt-oss-120b,racisme,stereotype,tri_manuel,racisme,0.97,,772,1,,2026-08-23T14:17:57
rxa_0925,groq_gptoss,openai/gpt-oss-120b,xénophobie,ambigu,hardcase,xenophobie,0.92,,367,1,,2026-08-23T14:18:04
rxa_0183,groq_gptoss,openai/gpt-oss-120b,racisme,stereotype,tri_manuel,racisme,0.96,,688,1,,2026-08-23T14:18:11
rxa_0652,groq_gptoss,openai/gpt-oss-120b,xénophobie,dog_whistle,transfert_racisme_xenophobie,xenophobie,0.85,,707,1,,2026-08-23T14:18:19
rxa_0464,groq_gptoss,openai/gpt-oss-120b,racisme,haine_implicite,generation_originale,xenophobie,0.55,,695,1,,2026-08-23T14:18:26
rxa_0478,groq_gptoss,openai/gpt-oss-120b,racisme,haine_implicite,generation_originale,xenophobie,0.4,,676,1,,2026-08-23T14:18:33
rxa_0424,groq_gptoss,openai/gpt-oss-120b,racisme,haine_explicite,generation_originale,racisme,0.98,,538,1,,2026-08-23T14:18:40
rxa_0393,groq_gptoss,openai/gpt-oss-120b,racisme,haine_explicite,tri_manuel,racisme,0.96,,1009,1,,2026-08-23T14:18:48
rxa_0714,groq_gptoss,openai/gpt-oss-120b,xénophobie,haine_explicite,generation_originale,xenophobie,0.96,,875,1,,2026-08-23T14:18:55
rxa_0577,groq_gptoss,openai/gpt-oss-120b,xénophobie,haine_implicite,transfert_racisme_xenophobie,xenophobie,0.92,,404,1,,2026-08-23T14:19:02
rxa_1269,groq_gptoss,openai/gpt-oss-120b,antisémitisme,sarcasme,generation_originale,racisme,0.0,,944,1,,2026-08-23T14:19:10
rxa_0124,groq_gptoss,openai/gpt-oss-120b,racisme,stereotype,tri_manuel,xenophobie,0.8,,1056,1,,2026-08-23T14:19:18
rxa_0272,groq_gptoss,openai/gpt-oss-120b,antisémitisme,haine_explicite,tri_manuel,antisemitisme,0.98,,402,1,,2026-08-23T14:19:25
rxa_0059,groq_gptoss,openai/gpt-oss-120b,racisme,stereotype,tri_manuel,racisme,0.4,,1503,1,,2026-08-23T14:19:33
rxa_0934,groq_gptoss,openai/gpt-oss-120b,xénophobie,haine_implicite,hardcase,racisme,0.6,,750,1,,2026-08-23T14:19:40
rxa_1160,groq_gptoss,openai/gpt-oss-120b,antisémitisme,haine_explicite,generation_originale,antisemitisme,0.99,,500,1,,2026-08-23T14:19:47
rxa_0992,groq_gptoss,openai/gpt-oss-120b,antisémitisme,stereotype,transfert_racisme_antisemitisme,antisemitisme,0.96,,593,1,,2026-08-23T14:19:54
rxa_0554,groq_gptoss,openai/gpt-oss-120b,xénophobie,haine_explicite,transfert_racisme_xenophobie,xenophobie,0.95,,537,1,,2026-08-23T14:20:02
rxa_0482,groq_gptoss,openai/gpt-oss-120b,racisme,stereotype,generation_originale,racisme,0.97,,844,1,,2026-08-23T14:20:09
rxa_1006,groq_gptoss,openai/gpt-oss-120b,antisémitisme,exclusion,transfert_racisme_antisemitisme,antisemitisme,0.99,,445,1,,2026-08-23T14:20:16
rxa_0660,groq_gptoss,openai/gpt-oss-120b,xénophobie,ambigu,transfert_racisme_xenophobie,xenophobie,0.85,,557,1,,2026-08-23T14:20:23
rxa_0708,groq_gptoss,openai/gpt-oss-120b,xénophobie,haine_explicite,generation_originale,xenophobie,0.97,,700,1,,2026-08-23T14:20:30
rxa_0209,groq_gptoss,openai/gpt-oss-120b,racisme,haine_explicite,tri_manuel,racisme,0.98,,534,1,,2026-08-23T14:20:38
rxa_0576,groq_gptoss,openai/gpt-oss-120b,xénophobie,haine_implicite,transfert_racisme_xenophobie,xenophobie,0.62,,732,1,,2026-08-23T14:20:45
rxa_1149,groq_gptoss,openai/gpt-oss-120b,antisémitisme,haine_explicite,generation_originale,antisemitisme,0.99,,537,1,,2026-08-23T14:20:52
rxa_0903,groq_gptoss,openai/gpt-oss-120b,xénophobie,dog_whistle,hardcase,xenophobie,0.95,,775,1,,2026-08-23T14:21:00
rxa_1168,groq_gptoss,openai/gpt-oss-120b,antisémitisme,haine_explicite,generation_originale,antisemitisme,0.99,,460,1,,2026-08-23T14:21:07
rxa_0963,groq_gptoss,openai/gpt-oss-120b,antisémitisme,hostilite_religieuse,transfert_racisme_antisemitisme,antisemitisme,0.96,,807,1,,2026-08-23T14:21:14
rxa_0832,groq_gptoss,openai/gpt-oss-120b,xénophobie,dog_whistle,hardcase,xenophobie,0.85,,553,1,,2026-08-23T14:21:21
rxa_0758,groq_gptoss,openai/gpt-oss-120b,xénophobie,stereotype,generation_originale,xenophobie,0.92,,573,1,,2026-08-23T14:21:28
rxa_0644,groq_gptoss,openai/gpt-oss-120b,xénophobie,dog_whistle,transfert_racisme_xenophobie,xenophobie,0.92,,652,1,,2026-08-23T14:21:36
rxa_1082,groq_gptoss,openai/gpt-oss-120b,antisémitisme,stereotype,transfert_racisme_antisemitisme,antisemitisme,0.85,,733,1,,2026-08-23T14:21:43
rxa_0650,groq_gptoss,openai/gpt-oss-120b,xénophobie,dog_whistle,transfert_racisme_xenophobie,xenophobie,0.86,,640,1,,2026-08-23T14:21:50
rxa_0046,groq_gptoss,openai/gpt-oss-120b,racisme,exclusion,tri_manuel,racisme,0.7,,823,1,,2026-08-23T14:21:58
rxa_0565,groq_gptoss,openai/gpt-oss-120b,xénophobie,haine_explicite,transfert_racisme_xenophobie,xenophobie,0.95,,785,1,,2026-08-23T14:22:05
rxa_1325,groq_gptoss,openai/gpt-oss-120b,antisémitisme,haine_implicite,hardcase,antisemitisme,0.55,,883,1,,2026-08-23T14:22:13
rxa_0943,groq_gptoss,openai/gpt-oss-120b,xénophobie,haine_implicite,hardcase,racisme,0.35,,587,1,,2026-08-23T14:22:20
rxa_0670,groq_gptoss,openai/gpt-oss-120b,xénophobie,ambigu,transfert_racisme_xenophobie,xenophobie,0.85,,530,1,,2026-08-23T14:22:27
rxa_0399,groq_gptoss,openai/gpt-oss-120b,racisme,haine_explicite,tri_manuel,racisme,0.85,,509,1,,2026-08-23T14:22:34
rxa_0712,groq_gptoss,openai/gpt-oss-120b,xénophobie,haine_explicite,generation_originale,xenophobie,0.97,,532,1,,2026-08-23T14:22:41
rxa_1363,groq_gptoss,openai/gpt-oss-120b,antisémitisme,stereotype,hardcase,racisme,0.3,,676,1,,2026-08-23T14:22:48
rxa_0887,groq_gptoss,openai/gpt-oss-120b,xénophobie,haine_implicite,hardcase,xenophobie,0.92,,706,1,,2026-08-23T14:22:56
rxa_1286,groq_gptoss,openai/gpt-oss-120b,antisémitisme,dog_whistle,generation_originale,antisemitisme,0.7,,852,1,,2026-08-23T14:23:03
rxa_0813,groq_gptoss,openai/gpt-oss-120b,xénophobie,ambigu,generation_originale,xenophobie,0.85,,402,1,,2026-08-23T14:23:10
rxa_0412,groq_gptoss,openai/gpt-oss-120b,racisme,haine_explicite,generation_originale,xenophobie,0.85,,1136,1,,2026-08-23T14:23:18
rxa_1294,groq_gptoss,openai/gpt-oss-120b,antisémitisme,ambigu,generation_originale,xenophobie,0.3,,839,1,,2026-08-23T14:23:25
rxa_0188,groq_gptoss,openai/gpt-oss-120b,antisémitisme,haine_explicite,tri_manuel,antisemitisme,0.96,,545,1,,2026-08-23T14:23:33
rxa_0137,groq_gptoss,openai/gpt-oss-120b,racisme,sarcasme,tri_manuel,xenophobie,0.7,,761,1,,2026-08-23T14:23:40
rxa_0616,groq_gptoss,openai/gpt-oss-120b,xénophobie,sarcasme,transfert_racisme_xenophobie,xenophobie,0.96,,781,1,,2026-08-23T14:23:47
rxa_1015,groq_gptoss,openai/gpt-oss-120b,antisémitisme,stereotype,transfert_racisme_antisemitisme,antisemitisme,0.99,,284,1,,2026-08-23T14:23:54
rxa_1176,groq_gptoss,openai/gpt-oss-120b,antisémitisme,haine_explicite,generation_originale,antisemitisme,0.98,,432,1,,2026-08-23T14:24:01
rxa_0226,groq_gptoss,openai/gpt-oss-120b,racisme,haine_explicite,tri_manuel,racisme,0.9,,655,1,,2026-08-23T14:24:08
rxa_1476,groq_gptoss,openai/gpt-oss-120b,racisme,ambigu,generation_complement,racisme,0.0,,954,1,,2026-08-23T14:24:16
rxa_0265,groq_gptoss,openai/gpt-oss-120b,racisme,haine_explicite,tri_manuel,racisme,0.96,,2276,1,,2026-08-23T14:24:25
rxa_0527,groq_gptoss,openai/gpt-oss-120b,racisme,ambigu,generation_originale,xenophobie,0.3,,830,1,,2026-08-23T14:24:32
rxa_1134,groq_gptoss,openai/gpt-oss-120b,antisémitisme,haine_explicite,transfert_racisme_antisemitisme,antisemitisme,0.99,,438,1,,2026-08-23T14:24:39
rxa_0570,groq_gptoss,openai/gpt-oss-120b,xénophobie,haine_implicite,transfert_racisme_xenophobie,xenophobie,0.95,,499,1,,2026-08-23T14:24:46
rxa_0624,groq_gptoss,openai/gpt-oss-120b,xénophobie,sarcasme,transfert_racisme_xenophobie,xenophobie,0.92,,550,1,,2026-08-23T14:24:54
rxa_0211,groq_gptoss,openai/gpt-oss-120b,racisme,haine_explicite,tri_manuel,racisme,0.97,,655,1,,2026-08-23T14:25:01
rxa_1384,groq_gptoss,openai/gpt-oss-120b,antisémitisme,ambigu,hardcase,antisemitisme,0.4,,874,1,,2026-08-23T14:25:08
rxa_0003,groq_gptoss,openai/gpt-oss-120b,racisme,stereotype,tri_manuel,xenophobie,0.35,,902,1,,2026-08-23T14:25:16
rxa_1242,groq_gptoss,openai/gpt-oss-120b,antisémitisme,stereotype,generation_originale,antisemitisme,0.7,,655,1,,2026-08-23T14:25:23
rxa_1259,groq_gptoss,openai/gpt-oss-120b,antisémitisme,sarcasme,generation_originale,antisemitisme,0.2,,951,1,,2026-08-23T14:25:31
rxa_0931,groq_gptoss,openai/gpt-oss-120b,xénophobie,haine_implicite,hardcase,xenophobie,0.78,,427,1,,2026-08-23T14:25:38
rxa_1141,groq_gptoss,openai/gpt-oss-120b,antisémitisme,haine_explicite,transfert_racisme_antisemitisme,antisemitisme,0.99,,1356,1,,2026-08-23T14:25:46
rxa_0739,groq_gptoss,openai/gpt-oss-120b,xénophobie,haine_implicite,generation_originale,xenophobie,0.92,,77721,5,,2026-08-23T14:27:43
rxa_0825,groq_gptoss,openai/gpt-oss-120b,xénophobie,haine_implicite,hardcase,xenophobie,0.2,,47906,5,,2026-08-23T14:29:09
rxa_0787,groq_gptoss,openai/gpt-oss-120b,xénophobie,sarcasme,generation_originale,xenophobie,0.92,,82735,5,,2026-08-23T14:32:29
rxa_0145,groq_gptoss,openai/gpt-oss-120b,racisme,stereotype,tri_manuel,xenophobie,0.62,,57747,1,,2026-08-23T14:33:34
rxa_1226,groq_gptoss,openai/gpt-oss-120b,antisémitisme,haine_implicite,generation_originale,antisemitisme,0.35,,98406,5,,2026-08-23T14:37:09
rxa_0966,groq_gptoss,openai/gpt-oss-120b,antisémitisme,hostilite_religieuse,transfert_racisme_antisemitisme,antisemitisme,0.98,,56498,4,,2026-08-23T14:43:36
rxa_1360,groq_gptoss,openai/gpt-oss-120b,antisémitisme,haine_implicite,hardcase,racisme,0.1,,55875,4,,2026-08-23T14:46:13
rxa_1443,groq_gptoss,openai/gpt-oss-120b,racisme,stereotype,generation_complement,xenophobie,0.95,,679,3,,2026-08-23T14:50:01
rxa_1239,groq_gptoss,openai/gpt-oss-120b,antisémitisme,stereotype,generation_originale,antisemitisme,0.6,,47088,5,,2026-08-23T14:53:23
rxa_1308,groq_gptoss,openai/gpt-oss-120b,antisémitisme,haine_implicite,hardcase,antisemitisme,0.55,,87945,5,,2026-08-23T14:59:23
rxa_0503,groq_gptoss,openai/gpt-oss-120b,racisme,sarcasme,generation_originale,xenophobie,0.6,,60693,1,,2026-08-23T15:07:00
rxa_1258,groq_gptoss,openai/gpt-oss-120b,antisémitisme,sarcasme,generation_originale,antisemitisme,0.55,,57852,1,,2026-08-23T15:12:48
rxa_0084,groq_gptoss,openai/gpt-oss-120b,racisme,exclusion,tri_manuel,xenophobie,0.62,,52963,4,,2026-08-23T15:20:22
rxa_1180,groq_gptoss,openai/gpt-oss-120b,antisémitisme,haine_explicite,generation_originale,antisemitisme,0.99,,58559,1,,2026-08-23T15:27:55
rxa_0215,groq_gptoss,openai/gpt-oss-120b,racisme,haine_implicite,tri_manuel,racisme,0.9,,58893,3,,2026-08-23T15:35:37
rxa_0962,groq_gptoss,openai/gpt-oss-120b,antisémitisme,hostilite_religieuse,transfert_racisme_antisemitisme,antisemitisme,0.96,,58548,2,,2026-08-23T15:43:10
rxa_0695,groq_gptoss,openai/gpt-oss-120b,xénophobie,haine_explicite,generation_originale,xenophobie,0.98,,348,5,,2026-08-23T15:49:06
rxa_0780,groq_gptoss,openai/gpt-oss-120b,xénophobie,stereotype,generation_originale,xenophobie,0.92,,54580,1,,2026-08-23T15:54:02
rxa_0915,groq_gptoss,openai/gpt-oss-120b,xénophobie,sarcasme,hardcase,,,reponse_vide,55415,5,,2026-08-23T16:01:38
rxa_0355,groq_gptoss,openai/gpt-oss-120b,racisme,haine_explicite,tri_manuel,racisme,0.97,,52648,4,,2026-08-23T16:09:20
rxa_0016,groq_gptoss,openai/gpt-oss-120b,racisme,exclusion,tri_manuel,xenophobie,0.6,,48763,2,,2026-08-23T16:14:50
rxa_0815,groq_gptoss,openai/gpt-oss-120b,xénophobie,ambigu,generation_originale,xenophobie,0.85,,56583,3,,2026-08-23T16:22:30
rxa_1268,groq_gptoss,openai/gpt-oss-120b,antisémitisme,sarcasme,generation_originale,racisme,0.0,,1991,1,,2026-08-24T12:42:39
rxa_0466,groq_gptoss,openai/gpt-oss-120b,racisme,haine_implicite,generation_originale,xenophobie,0.6,,578,1,,2026-08-24T12:42:46
rxa_0658,groq_gptoss,openai/gpt-oss-120b,xénophobie,ambigu,transfert_racisme_xenophobie,xenophobie,0.85,,543,1,,2026-08-24T12:42:53
rxa_1173,groq_gptoss,openai/gpt-oss-120b,antisémitisme,haine_explicite,generation_originale,antisemitisme,0.99,,277,1,,2026-08-24T12:43:00
rxa_1051,groq_gptoss,openai/gpt-oss-120b,antisémitisme,stereotype,transfert_racisme_antisemitisme,antisemitisme,0.99,,468,1,,2026-08-24T12:43:07
rxa_0249,groq_gptoss,openai/gpt-oss-120b,racisme,haine_explicite,tri_manuel,racisme,0.95,,481,1,,2026-08-24T12:43:14
rxa_0830,groq_gptoss,openai/gpt-oss-120b,xénophobie,haine_implicite,hardcase,xenophobie,0.12,,791,1,,2026-08-24T12:43:22
rxa_0778,groq_gptoss,openai/gpt-oss-120b,xénophobie,stereotype,generation_originale,xenophobie,0.96,,494,1,,2026-08-24T12:43:29
rxa_0227,groq_gptoss,openai/gpt-oss-120b,racisme,haine_explicite,tri_manuel,racisme,0.98,,576,1,,2026-08-24T12:43:36
rxa_0247,groq_gptoss,openai/gpt-oss-120b,racisme,haine_explicite,tri_manuel,racisme,0.95,,722,1,,2026-08-24T12:43:43
rxa_1305,groq_gptoss,openai/gpt-oss-120b,antisémitisme,sarcasme,hardcase,antisemitisme,0.7,,886,1,,2026-08-24T12:43:51
rxa_1254,groq_gptoss,openai/gpt-oss-120b,antisémitisme,stereotype,generation_originale,antisemitisme,0.4,,1082,1,,2026-08-24T12:43:58
rxa_0170,groq_gptoss,openai/gpt-oss-120b,racisme,haine_explicite,tri_manuel,racisme,0.96,,603,1,,2026-08-24T12:44:06
rxa_0294,groq_gptoss,openai/gpt-oss-120b,racisme,haine_explicite,tri_manuel,racisme,0.98,,627,1,,2026-08-24T12:44:13
rxa_1046,groq_gptoss,openai/gpt-oss-120b,antisémitisme,exclusion,transfert_racisme_antisemitisme,antisemitisme,0.99,,275,1,,2026-08-24T12:44:20
rxa_1234,groq_gptoss,openai/gpt-oss-120b,antisémitisme,stereotype,generation_originale,antisemitisme,0.6,,1140,1,,2026-08-24T12:44:28
rxa_0750,groq_gptoss,openai/gpt-oss-120b,xénophobie,haine_implicite,generation_originale,xenophobie,0.96,,661,1,,2026-08-24T12:44:35
rxa_0089,groq_gptoss,openai/gpt-oss-120b,racisme,haine_implicite,tri_manuel,xenophobie,0.2,,1075,1,,2026-08-24T12:44:42
rxa_0661,groq_gptoss,openai/gpt-oss-120b,xénophobie,ambigu,transfert_racisme_xenophobie,xenophobie,0.95,,522,1,,2026-08-24T12:44:50
rxa_1172,groq_gptoss,openai/gpt-oss-120b,antisémitisme,haine_explicite,generation_originale,antisemitisme,0.99,,431,1,,2026-08-24T12:44:57
rxa_1220,groq_gptoss,openai/gpt-oss-120b,antisémitisme,haine_implicite,generation_originale,xenophobie,0.3,,775,1,,2026-08-24T12:45:04
rxa_1437,groq_gptoss,openai/gpt-oss-120b,racisme,haine_implicite,generation_complement,racisme,0.95,,554,1,,2026-08-24T12:45:11
rxa_1158,groq_gptoss,openai/gpt-oss-120b,antisémitisme,haine_explicite,generation_originale,antisemitisme,0.98,,361,1,,2026-08-24T12:45:18
rxa_0524,groq_gptoss,openai/gpt-oss-120b,racisme,ambigu,generation_originale,xenophobie,0.6,,760,1,,2026-08-24T12:45:26
rxa_0109,groq_gptoss,openai/gpt-oss-120b,racisme,stereotype,tri_manuel,racisme,0.73,,1172,1,,2026-08-24T12:45:33
rxa_1091,groq_gptoss,openai/gpt-oss-120b,antisémitisme,haine_explicite,transfert_racisme_antisemitisme,antisemitisme,0.98,,315,1,,2026-08-24T12:45:40
rxa_0494,groq_gptoss,openai/gpt-oss-120b,racisme,stereotype,generation_originale,racisme,0.96,,458,1,,2026-08-24T12:45:47
rxa_0852,groq_gptoss,openai/gpt-oss-120b,xénophobie,dog_whistle,hardcase,xenophobie,0.92,,1069,1,,2026-08-24T12:45:55
rxa_0834,groq_gptoss,openai/gpt-oss-120b,xénophobie,haine_implicite,hardcase,xenophobie,0.65,,691,1,,2026-08-24T12:46:02
rxa_0798,groq_gptoss,openai/gpt-oss-120b,xénophobie,dog_whistle,generation_originale,xenophobie,0.65,,566,1,,2026-08-24T12:46:09
rxa_0519,groq_gptoss,openai/gpt-oss-120b,racisme,dog_whistle,generation_originale,xenophobie,0.6,,523,1,,2026-08-24T12:46:17
rxa_0600,groq_gptoss,openai/gpt-oss-120b,xénophobie,exclusion,transfert_racisme_xenophobie,xenophobie,0.95,,694,1,,2026-08-24T12:46:24
rxa_1469,groq_gptoss,openai/gpt-oss-120b,racisme,dog_whistle,generation_complement,xenophobie,0.85,,827,1,,2026-08-24T12:46:31
rxa_0604,groq_gptoss,openai/gpt-oss-120b,xénophobie,exclusion,transfert_racisme_xenophobie,xenophobie,0.96,,483,1,,2026-08-24T12:46:38
rxa_0816,groq_gptoss,openai/gpt-oss-120b,xénophobie,ambigu,generation_originale,xenophobie,0.95,,509,1,,2026-08-24T12:46:46
rxa_0358,groq_gptoss,openai/gpt-oss-120b,antisémitisme,haine_explicite,tri_manuel,antisemitisme,0.98,,606,1,,2026-08-24T12:46:53
rxa_1345,groq_gptoss,openai/gpt-oss-120b,antisémitisme,sarcasme,hardcase,racisme,0.0,,1010,1,,2026-08-24T12:47:00
rxa_1257,groq_gptoss,openai/gpt-oss-120b,antisémitisme,sarcasme,generation_originale,racisme,0.3,,840,1,,2026-08-24T12:47:08
rxa_1133,groq_gptoss,openai/gpt-oss-120b,antisémitisme,haine_explicite,transfert_racisme_antisemitisme,antisemitisme,0.99,,534,1,,2026-08-24T12:47:15
rxa_0867,groq_gptoss,openai/gpt-oss-120b,xénophobie,exclusion,hardcase,xenophobie,0.78,,727,1,,2026-08-24T12:47:22
rxa_0181,groq_gptoss,openai/gpt-oss-120b,racisme,haine_explicite,tri_manuel,racisme,0.98,,1163,1,,2026-08-24T12:47:30
rxa_0587,groq_gptoss,openai/gpt-oss-120b,xénophobie,haine_implicite,transfert_racisme_xenophobie,xenophobie,0.7,,959,1,,2026-08-24T12:47:38
rxa_0122,groq_gptoss,openai/gpt-oss-120b,racisme,hostilite_religieuse,tri_manuel,xenophobie,0.73,,1383,1,,2026-08-24T12:47:46
rxa_0948,groq_gptoss,openai/gpt-oss-120b,xénophobie,ambigu,hardcase,racisme,0.0,,1734,1,,2026-08-24T12:52:32
rxa_0391,groq_gptoss,openai/gpt-oss-120b,antisémitisme,haine_explicite,tri_manuel,antisemitisme,0.99,,299,1,,2026-08-24T12:52:38
rxa_0165,groq_gptoss,openai/gpt-oss-120b,racisme,haine_explicite,tri_manuel,racisme,0.97,,489,1,,2026-08-24T12:52:46
rxa_0449,groq_gptoss,openai/gpt-oss-120b,racisme,haine_explicite,generation_originale,racisme,0.97,,778,1,,2026-08-24T12:52:53
rxa_0838,groq_gptoss,openai/gpt-oss-120b,xénophobie,sarcasme,hardcase,xenophobie,0.2,,853,1,,2026-08-24T12:53:00
rxa_1233,groq_gptoss,openai/gpt-oss-120b,antisémitisme,stereotype,generation_originale,xenophobie,0.3,,749,1,,2026-08-24T12:53:08
rxa_0401,groq_gptoss,openai/gpt-oss-120b,racisme,haine_explicite,tri_manuel,racisme,0.9,,984,1,,2026-08-24T12:53:15
rxa_0149,groq_gptoss,openai/gpt-oss-120b,racisme,hostilite_religieuse,tri_manuel,xenophobie,0.4,,875,1,,2026-08-24T12:53:23
rxa_0894,groq_gptoss,openai/gpt-oss-120b,xénophobie,haine_implicite,hardcase,xenophobie,0.96,,2089,1,,2026-08-24T12:53:32
rxa_1470,groq_gptoss,openai/gpt-oss-120b,racisme,dog_whistle,generation_complement,xenophobie,0.92,,501,1,,2026-08-24T12:53:39
rxa_1094,groq_gptoss,openai/gpt-oss-120b,antisémitisme,haine_explicite,transfert_racisme_antisemitisme,antisemitisme,0.99,,1603,1,,2026-08-24T12:53:47
rxa_1279,groq_gptoss,openai/gpt-oss-120b,antisémitisme,dog_whistle,generation_originale,antisemitisme,0.7,,500,1,,2026-08-24T12:53:54
rxa_0037,groq_gptoss,openai/gpt-oss-120b,racisme,stereotype,tri_manuel,xenophobie,0.6,,838,1,,2026-08-24T12:54:01
rxa_0428,groq_gptoss,openai/gpt-oss-120b,racisme,haine_explicite,generation_originale,racisme,0.98,,542,1,,2026-08-24T12:54:09
rxa_1018,groq_gptoss,openai/gpt-oss-120b,antisémitisme,stereotype,transfert_racisme_antisemitisme,antisemitisme,0.99,,245,1,,2026-08-24T12:54:15
rxa_0566,groq_gptoss,openai/gpt-oss-120b,xénophobie,haine_explicite,transfert_racisme_xenophobie,xenophobie,0.96,,468,1,,2026-08-24T12:54:23
rxa_0769,groq_gptoss,openai/gpt-oss-120b,xénophobie,stereotype,generation_originale,xenophobie,0.97,,469,1,,2026-08-24T12:54:30
rxa_0949,groq_gptoss,openai/gpt-oss-120b,xénophobie,sarcasme,hardcase,racisme,0.4,,1468,1,,2026-08-24T12:54:38
rxa_0013,groq_gptoss,openai/gpt-oss-120b,racisme,stereotype,tri_manuel,racisme,0.7,,718,1,,2026-08-24T12:54:45
rxa_0727,groq_gptoss,openai/gpt-oss-120b,xénophobie,haine_implicite,generation_originale,xenophobie,0.95,,527,1,,2026-08-24T12:54:52
rxa_0799,groq_gptoss,openai/gpt-oss-120b,xénophobie,dog_whistle,generation_originale,xenophobie,0.2,,601,1,,2026-08-24T12:54:59
rxa_0095,groq_gptoss,openai/gpt-oss-120b,racisme,haine_implicite,tri_manuel,xenophobie,0.6,,801,1,,2026-08-24T12:55:07
rxa_0846,groq_gptoss,openai/gpt-oss-120b,xénophobie,dog_whistle,hardcase,xenophobie,0.9,,670,1,,2026-08-24T12:55:14
rxa_0348,groq_gptoss,openai/gpt-oss-120b,xénophobie,dog_whistle,tri_manuel,xenophobie,0.95,,779,1,,2026-08-24T12:55:21
rxa_0487,groq_gptoss,openai/gpt-oss-120b,racisme,stereotype,generation_originale,racisme,0.95,,1084,1,,2026-08-24T12:55:29
rxa_1199,groq_gptoss,openai/gpt-oss-120b,antisémitisme,haine_implicite,generation_originale,antisemitisme,0.3,,1019,1,,2026-08-24T12:55:37
rxa_1210,groq_gptoss,openai/gpt-oss-120b,antisémitisme,haine_implicite,generation_originale,racisme,0.1,,1543,1,,2026-08-24T12:55:45
rxa_0500,groq_gptoss,openai/gpt-oss-120b,racisme,stereotype,generation_originale,racisme,0.96,,595,1,,2026-08-24T12:55:52
rxa_1008,groq_gptoss,openai/gpt-oss-120b,antisémitisme,exclusion,transfert_racisme_antisemitisme,antisemitisme,0.99,,1016,1,,2026-08-24T12:56:00
rxa_1287,groq_gptoss,openai/gpt-oss-120b,antisémitisme,ambigu,generation_originale,racisme,0.1,,839,1,,2026-08-24T12:56:07
rxa_0411,groq_gptoss,openai/gpt-oss-120b,xénophobie,dog_whistle,tri_manuel,xenophobie,0.92,,629,1,,2026-08-24T12:56:14
rxa_1281,groq_gptoss,openai/gpt-oss-120b,antisémitisme,dog_whistle,generation_originale,antisemitisme,0.78,,482,1,,2026-08-24T12:56:21
rxa_1056,groq_gptoss,openai/gpt-oss-120b,antisémitisme,stereotype,transfert_racisme_antisemitisme,antisemitisme,0.98,,452,1,,2026-08-24T12:56:29
rxa_0251,groq_gptoss,openai/gpt-oss-120b,antisémitisme,haine_explicite,tri_manuel,antisemitisme,0.98,,763,1,,2026-08-24T12:56:36
rxa_1007,groq_gptoss,openai/gpt-oss-120b,antisémitisme,exclusion,transfert_racisme_antisemitisme,antisemitisme,0.99,,640,1,,2026-08-24T12:56:43
rxa_1236,groq_gptoss,openai/gpt-oss-120b,antisémitisme,stereotype,generation_originale,antisemitisme,0.6,,685,1,,2026-08-24T12:56:50
rxa_1404,groq_gptoss,openai/gpt-oss-120b,antisémitisme,dog_whistle,hardcase,,,reponse_vide,1337,1,,2026-08-24T12:56:58
rxa_1102,groq_gptoss,openai/gpt-oss-120b,antisémitisme,haine_explicite,transfert_racisme_antisemitisme,antisemitisme,0.99,,519,1,,2026-08-24T12:57:06
rxa_1264,groq_gptoss,openai/gpt-oss-120b,antisémitisme,sarcasme,generation_originale,racisme,0.2,,1249,1,,2026-08-24T12:57:13
rxa_0844,groq_gptoss,openai/gpt-oss-120b,xénophobie,sarcasme,hardcase,xenophobie,0.2,,782,1,,2026-08-24T12:57:21
rxa_0760,groq_gptoss,openai/gpt-oss-120b,xénophobie,stereotype,generation_originale,xenophobie,0.96,,351,1,,2026-08-24T12:57:28
rxa_0376,groq_gptoss,openai/gpt-oss-120b,racisme,haine_implicite,tri_manuel,racisme,0.9,,1222,1,,2026-08-24T12:57:36
rxa_1238,groq_gptoss,openai/gpt-oss-120b,antisémitisme,stereotype,generation_originale,antisemitisme,0.73,,790,1,,2026-08-24T12:57:43
rxa_1087,groq_gptoss,openai/gpt-oss-120b,antisémitisme,haine_explicite,transfert_racisme_antisemitisme,antisemitisme,0.99,,512,1,,2026-08-24T12:57:50
rxa_0270,groq_gptoss,openai/gpt-oss-120b,racisme,haine_explicite,tri_manuel,racisme,0.98,,567,1,,2026-08-24T12:57:57
rxa_1037,groq_gptoss,openai/gpt-oss-120b,antisémitisme,haine_implicite,transfert_racisme_antisemitisme,antisemitisme,0.98,,478,1,,2026-08-24T12:58:04
rxa_0788,groq_gptoss,openai/gpt-oss-120b,xénophobie,sarcasme,generation_originale,xenophobie,0.85,,664,1,,2026-08-24T12:58:12
rxa_0161,groq_gptoss,openai/gpt-oss-120b,racisme,haine_explicite,tri_manuel,racisme,0.96,,355,1,,2026-08-24T12:58:19
rxa_0392,groq_gptoss,openai/gpt-oss-120b,antisémitisme,haine_explicite,tri_manuel,antisemitisme,0.99,,299,1,,2026-08-24T12:58:25
rxa_0207,groq_gptoss,openai/gpt-oss-120b,racisme,haine_explicite,tri_manuel,racisme,0.96,,761,1,,2026-08-24T12:58:33
rxa_1136,groq_gptoss,openai/gpt-oss-120b,antisémitisme,haine_explicite,transfert_racisme_antisemitisme,antisemitisme,0.98,,413,1,,2026-08-24T12:58:40
rxa_0507,groq_gptoss,openai/gpt-oss-120b,racisme,sarcasme,generation_originale,xenophobie,0.73,,1521,1,,2026-08-24T12:58:48
rxa_1042,groq_gptoss,openai/gpt-oss-120b,antisémitisme,haine_explicite,transfert_racisme_antisemitisme,antisemitisme,0.99,,413,1,,2026-08-24T12:58:55
rxa_0665,groq_gptoss,openai/gpt-oss-120b,xénophobie,ambigu,transfert_racisme_xenophobie,xenophobie,0.96,,404,1,,2026-08-24T12:59:02
rxa_0523,groq_gptoss,openai/gpt-oss-120b,racisme,ambigu,generation_originale,xenophobie,0.78,,733,1,,2026-08-24T12:59:10
rxa_1181,groq_gptoss,openai/gpt-oss-120b,antisémitisme,haine_explicite,generation_originale,antisemitisme,0.99,,423,1,,2026-08-24T12:59:17
rxa_0893,groq_gptoss,openai/gpt-oss-120b,xénophobie,haine_implicite,hardcase,xenophobie,0.96,,383,1,,2026-08-24T12:59:24
rxa_0205,groq_gptoss,openai/gpt-oss-120b,racisme,haine_explicite,tri_manuel,racisme,0.98,,487,1,,2026-08-24T12:59:31
rxa_0335,groq_gptoss,openai/gpt-oss-120b,racisme,haine_explicite,tri_manuel,racisme,0.9,,489,1,,2026-08-24T12:59:38
rxa_0458,groq_gptoss,openai/gpt-oss-120b,racisme,haine_implicite,generation_originale,xenophobie,0.7,,1050,1,,2026-08-24T12:59:46
rxa_1247,groq_gptoss,openai/gpt-oss-120b,antisémitisme,stereotype,generation_originale,antisemitisme,0.6,,757,1,,2026-08-24T12:59:53
rxa_0076,groq_gptoss,openai/gpt-oss-120b,racisme,haine_implicite,tri_manuel,xenophobie,0.1,,1178,1,,2026-08-24T13:00:01
rxa_0362,groq_gptoss,openai/gpt-oss-120b,antisémitisme,haine_explicite,tri_manuel,antisemitisme,0.99,,462,1,,2026-08-24T13:00:08
rxa_1439,groq_gptoss,openai/gpt-oss-120b,racisme,haine_implicite,generation_complement,xenophobie,0.45,,915,1,,2026-08-24T13:00:15
rxa_1444,groq_gptoss,openai/gpt-oss-120b,racisme,stereotype,generation_complement,xenophobie,0.85,,881,1,,2026-08-24T13:00:23
rxa_0977,groq_gptoss,openai/gpt-oss-120b,antisémitisme,complotisme,transfert_racisme_antisemitisme,antisemitisme,0.85,,579,1,,2026-08-24T13:00:30
rxa_1028,groq_gptoss,openai/gpt-oss-120b,antisémitisme,exclusion,transfert_racisme_antisemitisme,antisemitisme,0.96,,462,1,,2026-08-24T13:00:37
rxa_1118,groq_gptoss,openai/gpt-oss-120b,antisémitisme,haine_explicite,transfert_racisme_antisemitisme,antisemitisme,0.99,,665,1,,2026-08-24T13:00:44
rxa_0560,groq_gptoss,openai/gpt-oss-120b,xénophobie,haine_explicite,transfert_racisme_xenophobie,xenophobie,0.96,,714,1,,2026-08-24T13:00:52
rxa_0499,groq_gptoss,openai/gpt-oss-120b,racisme,stereotype,generation_originale,xenophobie,0.92,,631,1,,2026-08-24T13:00:59
rxa_0323,groq_gptoss,openai/gpt-oss-120b,racisme,ambigu,tri_manuel,racisme,0.95,,700,1,,2026-08-24T13:01:06
rxa_0093,groq_gptoss,openai/gpt-oss-120b,racisme,haine_implicite,tri_manuel,xenophobie,0.62,,1480,1,,2026-08-24T13:01:14
rxa_0862,groq_gptoss,openai/gpt-oss-120b,xénophobie,exclusion,hardcase,xenophobie,0.78,,558,1,,2026-08-24T13:01:21
rxa_1022,groq_gptoss,openai/gpt-oss-120b,antisémitisme,haine_implicite,transfert_racisme_antisemitisme,antisemitisme,0.3,,1214,1,,2026-08-24T13:01:29
rxa_0840,groq_gptoss,openai/gpt-oss-120b,xénophobie,sarcasme,hardcase,xenophobie,0.7,,1668,1,,2026-08-24T13:01:38
rxa_0763,groq_gptoss,openai/gpt-oss-120b,xénophobie,stereotype,generation_originale,xenophobie,0.96,,505,1,,2026-08-24T13:01:45
rxa_0564,groq_gptoss,openai/gpt-oss-120b,xénophobie,haine_explicite,transfert_racisme_xenophobie,racisme,0.98,,516,1,,2026-08-24T13:01:52
rxa_0032,groq_gptoss,openai/gpt-oss-120b,racisme,stereotype,tri_manuel,xenophobie,0.7,,811,1,,2026-08-24T13:01:59
rxa_0364,groq_gptoss,openai/gpt-oss-120b,antisémitisme,ambigu,tri_manuel,antisemitisme,0.93,,820,1,,2026-08-24T13:02:07
rxa_0667,groq_gptoss,openai/gpt-oss-120b,xénophobie,ambigu,transfert_racisme_xenophobie,xenophobie,0.96,,393,1,,2026-08-24T13:02:14
rxa_0440,groq_gptoss,openai/gpt-oss-120b,racisme,haine_explicite,generation_originale,racisme,0.99,,507,1,,2026-08-24T13:02:21
rxa_0633,groq_gptoss,openai/gpt-oss-120b,xénophobie,sarcasme,transfert_racisme_xenophobie,racisme,0.0,,1068,1,,2026-08-24T13:02:28
rxa_1251,groq_gptoss,openai/gpt-oss-120b,antisémitisme,stereotype,generation_originale,antisemitisme,0.6,,799,1,,2026-08-24T13:02:36
rxa_0642,groq_gptoss,openai/gpt-oss-120b,xénophobie,dog_whistle,transfert_racisme_xenophobie,xenophobie,0.85,,721,1,,2026-08-24T13:02:43
rxa_0416,groq_gptoss,openai/gpt-oss-120b,racisme,haine_explicite,generation_originale,racisme,0.97,,717,1,,2026-08-24T13:02:51
rxa_0452,groq_gptoss,openai/gpt-oss-120b,racisme,haine_implicite,generation_originale,xenophobie,0.62,,500,1,,2026-08-24T13:02:58
rxa_0081,groq_gptoss,openai/gpt-oss-120b,racisme,exclusion,tri_manuel,xenophobie,0.6,,1621,1,,2026-08-24T13:03:06
rxa_1370,groq_gptoss,openai/gpt-oss-120b,antisémitisme,haine_implicite,hardcase,antisemitisme,0.4,,846,1,,2026-08-24T13:03:13
rxa_0820,groq_gptoss,openai/gpt-oss-120b,xénophobie,ambigu,generation_originale,xenophobie,0.3,,865,1,,2026-08-24T13:03:21
rxa_1466,groq_gptoss,openai/gpt-oss-120b,racisme,dog_whistle,generation_complement,xenophobie,0.92,,508,1,,2026-08-24T13:03:28
rxa_0311,groq_gptoss,openai/gpt-oss-120b,racisme,haine_explicite,tri_manuel,racisme,0.96,,601,1,,2026-08-24T13:03:35
rxa_0873,groq_gptoss,openai/gpt-oss-120b,xénophobie,haine_implicite,hardcase,xenophobie,0.85,,716,1,,2026-08-24T13:03:42
rxa_0450,groq_gptoss,openai/gpt-oss-120b,racisme,haine_explicite,generation_originale,xenophobie,0.6,,1175,1,,2026-08-24T13:03:50
rxa_1076,groq_gptoss,openai/gpt-oss-120b,antisémitisme,exclusion,transfert_racisme_antisemitisme,antisemitisme,0.98,,689,1,,2026-08-24T13:03:58
rxa_1366,groq_gptoss,openai/gpt-oss-120b,antisémitisme,stereotype,hardcase,antisemitisme,0.6,,1020,1,,2026-08-24T13:04:05
rxa_1291,groq_gptoss,openai/gpt-oss-120b,antisémitisme,ambigu,generation_originale,antisemitisme,0.6,,1211,1,,2026-08-24T13:04:13
rxa_0721,groq_gptoss,openai/gpt-oss-120b,xénophobie,haine_implicite,generation_originale,xenophobie,0.96,,1009,1,,2026-08-24T13:04:21
rxa_0106,groq_gptoss,openai/gpt-oss-120b,racisme,exclusion,tri_manuel,xenophobie,0.7,,896,1,,2026-08-24T13:04:28
rxa_1146,groq_gptoss,openai/gpt-oss-120b,antisémitisme,haine_explicite,transfert_racisme_antisemitisme,antisemitisme,0.99,,564,1,,2026-08-24T13:04:35
rxa_0888,groq_gptoss,openai/gpt-oss-120b,xénophobie,haine_implicite,hardcase,xenophobie,0.96,,630,1,,2026-08-24T13:04:43
rxa_0533,groq_gptoss,openai/gpt-oss-120b,racisme,ambigu,generation_originale,xenophobie,0.68,,711,1,,2026-08-24T13:04:50
rxa_0730,groq_gptoss,openai/gpt-oss-120b,xénophobie,haine_implicite,generation_originale,xenophobie,0.85,,1293,1,,2026-08-24T13:04:58
rxa_0105,groq_gptoss,openai/gpt-oss-120b,racisme,exclusion,tri_manuel,xenophobie,0.92,,945,1,,2026-08-24T13:05:05
rxa_0266,groq_gptoss,openai/gpt-oss-120b,xénophobie,dog_whistle,tri_manuel,xenophobie,0.92,,600,1,,2026-08-24T13:05:13
rxa_1371,groq_gptoss,openai/gpt-oss-120b,antisémitisme,haine_implicite,hardcase,racisme,0.2,,614,1,,2026-08-24T13:05:20
rxa_1214,groq_gptoss,openai/gpt-oss-120b,antisémitisme,haine_implicite,generation_originale,antisemitisme,0.7,,644,1,,2026-08-24T13:05:27
rxa_0978,groq_gptoss,openai/gpt-oss-120b,antisémitisme,hostilite_religieuse,transfert_racisme_antisemitisme,antisemitisme,0.96,,444,1,,2026-08-24T13:05:34
rxa_1488,groq_gptoss,openai/gpt-oss-120b,xénophobie,haine_implicite,generation_complement,xenophobie,0.96,,534,1,,2026-08-24T13:05:41
rxa_0039,groq_gptoss,openai/gpt-oss-120b,racisme,stereotype,tri_manuel,racisme,0.75,,1247,1,,2026-08-24T13:05:49
rxa_0339,groq_gptoss,openai/gpt-oss-120b,racisme,haine_explicite,tri_manuel,racisme,0.99,,243,1,,2026-08-24T13:05:56
rxa_0961,groq_gptoss,openai/gpt-oss-120b,antisémitisme,hostilite_religieuse,transfert_racisme_antisemitisme,antisemitisme,0.88,,478,1,,2026-08-24T13:06:03
rxa_1212,groq_gptoss,openai/gpt-oss-120b,antisémitisme,haine_implicite,generation_originale,antisemitisme,0.45,,1309,1,,2026-08-24T13:06:11
rxa_0525,groq_gptoss,openai/gpt-oss-120b,racisme,ambigu,generation_originale,xenophobie,0.45,,2103,1,,2026-08-24T13:06:20
rxa_0189,groq_gptoss,openai/gpt-oss-120b,xénophobie,dog_whistle,tri_manuel,racisme,0.85,,587,1,,2026-08-24T13:06:27
rxa_1111,groq_gptoss,openai/gpt-oss-120b,antisémitisme,haine_explicite,transfert_racisme_antisemitisme,antisemitisme,0.98,,1307,1,,2026-08-24T13:06:35
rxa_0732,groq_gptoss,openai/gpt-oss-120b,xénophobie,haine_implicite,generation_originale,xenophobie,0.96,,569,1,,2026-08-24T13:06:42
rxa_0005,groq_gptoss,openai/gpt-oss-120b,racisme,stereotype,tri_manuel,xenophobie,0.62,,2003,1,,2026-08-24T13:06:51
rxa_0442,groq_gptoss,openai/gpt-oss-120b,racisme,haine_explicite,generation_originale,xenophobie,0.7,,986,1,,2026-08-24T13:06:58
rxa_1353,groq_gptoss,openai/gpt-oss-120b,antisémitisme,haine_implicite,hardcase,antisemitisme,0.2,,1354,1,,2026-08-24T13:07:06
rxa_1356,groq_gptoss,openai/gpt-oss-120b,antisémitisme,ambigu,hardcase,racisme,0.3,,1617,1,,2026-08-24T13:07:14
rxa_1383,groq_gptoss,openai/gpt-oss-120b,antisémitisme,stereotype,hardcase,racisme,0.6,,1930,1,,2026-08-24T13:07:23
rxa_1324,groq_gptoss,openai/gpt-oss-120b,antisémitisme,stereotype,hardcase,racisme,0.3,,942,1,,2026-08-24T13:07:30
rxa_1399,groq_gptoss,openai/gpt-oss-120b,antisémitisme,ambigu,hardcase,racisme,0.2,,830,1,,2026-08-24T13:07:38
rxa_0878,groq_gptoss,openai/gpt-oss-120b,xénophobie,haine_implicite,hardcase,racisme,0.1,,2491,1,,2026-08-24T13:07:47
rxa_1138,groq_gptoss,openai/gpt-oss-120b,antisémitisme,haine_explicite,transfert_racisme_antisemitisme,antisemitisme,0.99,,577,1,,2026-08-24T13:07:54
rxa_1194,groq_gptoss,openai/gpt-oss-120b,antisémitisme,haine_implicite,generation_originale,antisemitisme,0.45,,971,1,,2026-08-24T13:08:02
rxa_0851,groq_gptoss,openai/gpt-oss-120b,xénophobie,dog_whistle,hardcase,xenophobie,0.62,,1021,1,,2026-08-24T13:08:09
rxa_1147,groq_gptoss,openai/gpt-oss-120b,antisémitisme,haine_explicite,transfert_racisme_antisemitisme,antisemitisme,0.96,,396,1,,2026-08-24T13:08:16
rxa_0301,groq_gptoss,openai/gpt-oss-120b,xénophobie,exclusion,tri_manuel,xenophobie,0.96,,490,1,,2026-08-24T13:08:23
rxa_1438,groq_gptoss,openai/gpt-oss-120b,racisme,haine_implicite,generation_complement,racisme,0.0,,890,1,,2026-08-24T13:08:31
rxa_0718,groq_gptoss,openai/gpt-oss-120b,xénophobie,haine_implicite,generation_originale,xenophobie,0.96,,921,1,,2026-08-24T13:08:38
rxa_1245,groq_gptoss,openai/gpt-oss-120b,antisémitisme,stereotype,generation_originale,antisemitisme,0.4,,1026,1,,2026-08-24T13:08:46
rxa_0998,groq_gptoss,openai/gpt-oss-120b,antisémitisme,exclusion,transfert_racisme_antisemitisme,antisemitisme,0.98,,591,1,,2026-08-24T13:08:53
rxa_0654,groq_gptoss,openai/gpt-oss-120b,xénophobie,dog_whistle,transfert_racisme_xenophobie,xenophobie,0.92,,591,1,,2026-08-24T13:09:00
rxa_1135,groq_gptoss,openai/gpt-oss-120b,antisémitisme,exclusion,transfert_racisme_antisemitisme,antisemitisme,0.99,,422,1,,2026-08-24T13:09:07
rxa_0279,groq_gptoss,openai/gpt-oss-120b,racisme,haine_explicite,tri_manuel,racisme,0.97,,550,1,,2026-08-24T13:09:15
rxa_0277,groq_gptoss,openai/gpt-oss-120b,racisme,haine_explicite,tri_manuel,racisme,0.96,,620,1,,2026-08-24T13:09:22
rxa_0919,groq_gptoss,openai/gpt-oss-120b,xénophobie,sarcasme,hardcase,xenophobie,0.96,,555,1,,2026-08-24T13:09:29
rxa_0349,groq_gptoss,openai/gpt-oss-120b,racisme,haine_explicite,tri_manuel,racisme,0.95,,1157,1,,2026-08-24T13:09:37
rxa_1468,groq_gptoss,openai/gpt-oss-120b,racisme,dog_whistle,generation_complement,racisme,0.85,,836,1,,2026-08-24T13:09:44
rxa_1211,groq_gptoss,openai/gpt-oss-120b,antisémitisme,haine_implicite,generation_originale,xenophobie,0.3,,1125,1,,2026-08-24T13:09:52
rxa_0065,groq_gptoss,openai/gpt-oss-120b,racisme,hostilite_religieuse,tri_manuel,xenophobie,0.6,,873,1,,2026-08-24T13:09:59
rxa_1484,groq_gptoss,openai/gpt-oss-120b,xénophobie,haine_explicite,generation_complement,xenophobie,0.97,,534,1,,2026-08-24T13:10:07
rxa_1093,groq_gptoss,openai/gpt-oss-120b,antisémitisme,haine_explicite,transfert_racisme_antisemitisme,antisemitisme,0.99,,363,1,,2026-08-24T13:10:14
rxa_0410,groq_gptoss,openai/gpt-oss-120b,xénophobie,dog_whistle,tri_manuel,xenophobie,0.85,,811,1,,2026-08-24T13:10:21
rxa_0689,groq_gptoss,openai/gpt-oss-120b,xénophobie,haine_explicite,generation_originale,xenophobie,0.98,,1434,1,,2026-08-24T13:10:29
rxa_0177,groq_gptoss,openai/gpt-oss-120b,xénophobie,exclusion,tri_manuel,xenophobie,0.3,,431,1,,2026-08-24T13:10:36
rxa_0534,groq_gptoss,openai/gpt-oss-120b,xénophobie,haine_explicite,transfert_racisme_xenophobie,xenophobie,0.96,,310,1,,2026-08-24T13:10:43
rxa_0117,groq_gptoss,openai/gpt-oss-120b,racisme,stereotype,tri_manuel,xenophobie,0.73,,1158,1,,2026-08-24T13:10:51
rxa_0372,groq_gptoss,openai/gpt-oss-120b,racisme,haine_explicite,tri_manuel,racisme,0.9,,1086,1,,2026-08-24T13:10:58
rxa_1034,groq_gptoss,openai/gpt-oss-120b,antisémitisme,haine_explicite,transfert_racisme_antisemitisme,antisemitisme,0.85,,1025,1,,2026-08-24T13:11:06
rxa_0628,groq_gptoss,openai/gpt-oss-120b,xénophobie,sarcasme,transfert_racisme_xenophobie,xenophobie,0.78,,1153,1,,2026-08-24T13:11:14
rxa_0821,groq_gptoss,openai/gpt-oss-120b,xénophobie,ambigu,hardcase,xenophobie,0.3,,998,1,,2026-08-24T13:11:21
rxa_0669,groq_gptoss,openai/gpt-oss-120b,xénophobie,ambigu,transfert_racisme_xenophobie,xenophobie,0.2,,849,1,,2026-08-24T13:11:29
rxa_0063,groq_gptoss,openai/gpt-oss-120b,racisme,hostilite_religieuse,tri_manuel,xenophobie,0.6,,1100,1,,2026-08-24T13:11:37
rxa_0735,groq_gptoss,openai/gpt-oss-120b,xénophobie,haine_implicite,generation_originale,xenophobie,0.73,,479,1,,2026-08-24T13:11:44
rxa_0951,groq_gptoss,openai/gpt-oss-120b,xénophobie,haine_implicite,hardcase,xenophobie,0.78,,412,1,,2026-08-24T13:11:51
rxa_1025,groq_gptoss,openai/gpt-oss-120b,antisémitisme,exclusion,transfert_racisme_antisemitisme,antisemitisme,0.98,,461,1,,2026-08-24T13:11:58
rxa_0042,groq_gptoss,openai/gpt-oss-120b,racisme,stereotype,tri_manuel,xenophobie,0.62,,1843,1,,2026-08-24T13:12:06
rxa_0167,groq_gptoss,openai/gpt-oss-120b,racisme,haine_explicite,tri_manuel,racisme,0.98,,675,1,,2026-08-24T13:12:14
rxa_0809,groq_gptoss,openai/gpt-oss-120b,xénophobie,dog_whistle,generation_originale,xenophobie,0.85,,519,1,,2026-08-24T13:12:21
rxa_1100,groq_gptoss,openai/gpt-oss-120b,antisémitisme,stereotype,transfert_racisme_antisemitisme,antisemitisme,0.99,,568,1,,2026-08-24T13:12:28
rxa_0313,groq_gptoss,openai/gpt-oss-120b,xénophobie,exclusion,tri_manuel,xenophobie,0.95,,509,1,,2026-08-24T13:12:35
rxa_0296,groq_gptoss,openai/gpt-oss-120b,racisme,haine_explicite,tri_manuel,racisme,0.98,,1008,1,,2026-08-24T13:12:43
rxa_0490,groq_gptoss,openai/gpt-oss-120b,racisme,stereotype,generation_originale,racisme,0.96,,529,1,,2026-08-24T13:12:50
rxa_0543,groq_gptoss,openai/gpt-oss-120b,xénophobie,haine_explicite,transfert_racisme_xenophobie,xenophobie,0.98,,464,1,,2026-08-24T13:12:57
rxa_0641,groq_gptoss,openai/gpt-oss-120b,xénophobie,dog_whistle,transfert_racisme_xenophobie,xenophobie,0.96,,809,1,,2026-08-24T13:13:04
rxa_0290,groq_gptoss,openai/gpt-oss-120b,racisme,haine_explicite,tri_manuel,racisme,0.92,,1326,1,,2026-08-24T13:13:12
rxa_0617,groq_gptoss,openai/gpt-oss-120b,xénophobie,sarcasme,transfert_racisme_xenophobie,xenophobie,0.9,,1082,1,,2026-08-24T13:13:20
rxa_1314,groq_gptoss,openai/gpt-oss-120b,antisémitisme,haine_implicite,hardcase,antisemitisme,0.3,,1658,1,,2026-08-24T13:13:28
rxa_0779,groq_gptoss,openai/gpt-oss-120b,xénophobie,stereotype,generation_originale,xenophobie,0.92,,553,1,,2026-08-24T13:13:35
rxa_0910,groq_gptoss,openai/gpt-oss-120b,xénophobie,dog_whistle,hardcase,racisme,0.6,,1213,1,,2026-08-24T13:13:43
rxa_0212,groq_gptoss,openai/gpt-oss-120b,racisme,haine_explicite,tri_manuel,racisme,0.9,,727,1,,2026-08-24T13:13:50
rxa_0979,groq_gptoss,openai/gpt-oss-120b,antisémitisme,hostilite_religieuse,transfert_racisme_antisemitisme,antisemitisme,0.96,,621,1,,2026-08-24T13:13:58
rxa_0555,groq_gptoss,openai/gpt-oss-120b,xénophobie,haine_explicite,transfert_racisme_xenophobie,xenophobie,0.97,,476,1,,2026-08-24T13:14:05
rxa_1058,groq_gptoss,openai/gpt-oss-120b,antisémitisme,hostilite_religieuse,transfert_racisme_antisemitisme,antisemitisme,0.96,,1695,1,,2026-08-24T13:14:13
rxa_0672,groq_gptoss,openai/gpt-oss-120b,xénophobie,haine_explicite,generation_originale,xenophobie,0.98,,734,1,,2026-08-24T13:14:20
rxa_0317,groq_gptoss,openai/gpt-oss-120b,racisme,haine_explicite,tri_manuel,antisemitisme,0.82,,1348,1,,2026-08-24T13:14:28
rxa_1081,groq_gptoss,openai/gpt-oss-120b,antisémitisme,stereotype,transfert_racisme_antisemitisme,antisemitisme,0.95,,715,1,,2026-08-24T13:14:36
rxa_0535,groq_gptoss,openai/gpt-oss-120b,xénophobie,haine_explicite,transfert_racisme_xenophobie,xenophobie,0.98,,503,1,,2026-08-24T13:14:43
rxa_1296,groq_gptoss,openai/gpt-oss-120b,antisémitisme,ambigu,generation_originale,racisme,0.2,,975,1,,2026-08-24T13:14:50
rxa_1039,groq_gptoss,openai/gpt-oss-120b,antisémitisme,stereotype,transfert_racisme_antisemitisme,antisemitisme,0.99,,408,1,,2026-08-24T13:14:57
rxa_0432,groq_gptoss,openai/gpt-oss-120b,racisme,haine_explicite,generation_originale,xenophobie,0.78,,998,1,,2026-08-24T13:15:05
rxa_0828,groq_gptoss,openai/gpt-oss-120b,xénophobie,haine_implicite,hardcase,xenophobie,0.95,,559,1,,2026-08-24T13:15:12
rxa_0621,groq_gptoss,openai/gpt-oss-120b,xénophobie,sarcasme,transfert_racisme_xenophobie,xenophobie,0.85,,590,1,,2026-08-24T13:15:19
rxa_1161,groq_gptoss,openai/gpt-oss-120b,antisémitisme,haine_explicite,generation_originale,antisemitisme,0.99,,305,1,,2026-08-24T13:15:26
rxa_0287,groq_gptoss,openai/gpt-oss-120b,racisme,haine_implicite,tri_manuel,racisme,0.1,,881,1,,2026-08-24T13:15:34
rxa_0451,groq_gptoss,openai/gpt-oss-120b,racisme,haine_explicite,generation_originale,xenophobie,0.62,,515,1,,2026-08-24T13:15:41
rxa_1013,groq_gptoss,openai/gpt-oss-120b,antisémitisme,hostilite_religieuse,transfert_racisme_antisemitisme,antisemitisme,0.98,,484,1,,2026-08-24T13:15:48
rxa_0528,groq_gptoss,openai/gpt-oss-120b,racisme,ambigu,generation_originale,xenophobie,0.42,,729,1,,2026-08-24T13:15:55
rxa_0300,groq_gptoss,openai/gpt-oss-120b,racisme,haine_explicite,tri_manuel,racisme,0.95,,1965,1,,2026-08-24T13:16:04
rxa_0752,groq_gptoss,openai/gpt-oss-120b,xénophobie,haine_implicite,generation_originale,xenophobie,0.96,,580,1,,2026-08-24T13:16:11
rxa_0622,groq_gptoss,openai/gpt-oss-120b,xénophobie,sarcasme,transfert_racisme_xenophobie,xenophobie,0.78,,740,1,,2026-08-24T13:16:18
rxa_0995,groq_gptoss,openai/gpt-oss-120b,antisémitisme,complotisme,transfert_racisme_antisemitisme,antisemitisme,0.99,,613,1,,2026-08-24T13:16:26
rxa_1219,groq_gptoss,openai/gpt-oss-120b,antisémitisme,haine_implicite,generation_originale,racisme,0.0,,1178,1,,2026-08-24T13:16:33
rxa_0034,groq_gptoss,openai/gpt-oss-120b,racisme,hostilite_religieuse,tri_manuel,xenophobie,0.6,,785,1,,2026-08-24T13:16:41
rxa_0286,groq_gptoss,openai/gpt-oss-120b,racisme,haine_explicite,tri_manuel,racisme,0.98,,367,1,,2026-08-24T13:16:48
rxa_0314,groq_gptoss,openai/gpt-oss-120b,antisémitisme,haine_explicite,tri_manuel,antisemitisme,0.99,,860,1,,2026-08-24T13:16:55
rxa_0333,groq_gptoss,openai/gpt-oss-120b,xénophobie,haine_implicite,tri_manuel,xenophobie,0.92,,1218,1,,2026-08-24T13:17:03
rxa_0182,groq_gptoss,openai/gpt-oss-120b,racisme,haine_explicite,tri_manuel,racisme,0.85,,1644,1,,2026-08-24T13:17:11
rxa_0049,groq_gptoss,openai/gpt-oss-120b,racisme,stereotype,tri_manuel,xenophobie,0.6,,794,1,,2026-08-24T13:17:19
rxa_0102,groq_gptoss,openai/gpt-oss-120b,racisme,haine_explicite,tri_manuel,xenophobie,0.6,,758,1,,2026-08-24T13:17:26
rxa_1390,groq_gptoss,openai/gpt-oss-120b,antisémitisme,dog_whistle,hardcase,racisme,0.1,,1299,1,,2026-08-24T13:17:34
rxa_0275,groq_gptoss,openai/gpt-oss-120b,xénophobie,dog_whistle,tri_manuel,xenophobie,0.78,,745,1,,2026-08-24T13:17:41
rxa_0675,groq_gptoss,openai/gpt-oss-120b,xénophobie,haine_explicite,generation_originale,xenophobie,0.98,,961,1,,2026-08-24T13:17:49
rxa_1327,groq_gptoss,openai/gpt-oss-120b,antisémitisme,stereotype,hardcase,racisme,0.1,,708,1,,2026-08-24T13:17:56
rxa_0749,groq_gptoss,openai/gpt-oss-120b,xénophobie,haine_implicite,generation_originale,xenophobie,0.95,,558,1,,2026-08-24T13:18:03
rxa_0908,groq_gptoss,openai/gpt-oss-120b,xénophobie,dog_whistle,hardcase,xenophobie,0.45,,1010,1,,2026-08-24T13:18:11
rxa_0437,groq_gptoss,openai/gpt-oss-120b,racisme,haine_explicite,generation_originale,racisme,0.98,,443,1,,2026-08-24T13:18:18
rxa_0491,groq_gptoss,openai/gpt-oss-120b,racisme,stereotype,generation_originale,racisme,0.92,,682,1,,2026-08-24T13:18:25
rxa_0141,groq_gptoss,openai/gpt-oss-120b,racisme,ambigu,tri_manuel,xenophobie,0.6,,780,1,,2026-08-24T13:18:33
rxa_0706,groq_gptoss,openai/gpt-oss-120b,xénophobie,haine_explicite,generation_originale,xenophobie,0.97,,479,1,,2026-08-24T13:18:40
rxa_1229,groq_gptoss,openai/gpt-oss-120b,antisémitisme,haine_implicite,generation_originale,antisemitisme,0.73,,1481,1,,2026-08-24T17:48:27
rxa_0495,groq_gptoss,openai/gpt-oss-120b,racisme,stereotype,generation_originale,racisme,0.96,,567,1,,2026-08-24T17:48:34
rxa_0345,groq_gptoss,openai/gpt-oss-120b,racisme,haine_explicite,tri_manuel,racisme,0.98,,674,1,,2026-08-24T17:48:42
rxa_0645,groq_gptoss,openai/gpt-oss-120b,xénophobie,dog_whistle,transfert_racisme_xenophobie,xenophobie,0.7,,974,1,,2026-08-24T17:48:49
rxa_1020,groq_gptoss,openai/gpt-oss-120b,antisémitisme,stereotype,transfert_racisme_antisemitisme,antisemitisme,0.99,,570,1,,2026-08-24T17:48:56
rxa_1085,groq_gptoss,openai/gpt-oss-120b,antisémitisme,stereotype,transfert_racisme_antisemitisme,antisemitisme,0.99,,352,1,,2026-08-24T17:49:03
rxa_0488,groq_gptoss,openai/gpt-oss-120b,racisme,stereotype,generation_originale,racisme,0.6,,651,1,,2026-08-24T17:49:11
rxa_0562,groq_gptoss,openai/gpt-oss-120b,xénophobie,haine_explicite,transfert_racisme_xenophobie,xenophobie,0.98,,474,1,,2026-08-24T17:49:18
rxa_1131,groq_gptoss,openai/gpt-oss-120b,antisémitisme,haine_explicite,transfert_racisme_antisemitisme,antisemitisme,0.98,,630,1,,2026-08-24T17:49:25
rxa_0584,groq_gptoss,openai/gpt-oss-120b,xénophobie,haine_implicite,transfert_racisme_xenophobie,xenophobie,0.78,,695,1,,2026-08-24T17:49:32
rxa_0108,groq_gptoss,openai/gpt-oss-120b,racisme,stereotype,tri_manuel,racisme,0.7,,1718,1,,2026-08-24T17:49:41
rxa_0404,groq_gptoss,openai/gpt-oss-120b,xénophobie,exclusion,tri_manuel,xenophobie,0.96,,879,1,,2026-08-24T17:49:48
rxa_1310,groq_gptoss,openai/gpt-oss-120b,antisémitisme,ambigu,hardcase,xenophobie,0.45,,824,1,,2026-08-24T17:49:55
rxa_0984,groq_gptoss,openai/gpt-oss-120b,antisémitisme,stereotype,transfert_racisme_antisemitisme,antisemitisme,0.98,,382,1,,2026-08-24T17:50:02
rxa_1101,groq_gptoss,openai/gpt-oss-120b,antisémitisme,haine_explicite,transfert_racisme_antisemitisme,antisemitisme,0.99,,486,1,,2026-08-24T17:50:10
rxa_0690,groq_gptoss,openai/gpt-oss-120b,xénophobie,haine_explicite,generation_originale,xenophobie,0.97,,361,1,,2026-08-24T17:50:16
rxa_1283,groq_gptoss,openai/gpt-oss-120b,antisémitisme,dog_whistle,generation_originale,antisemitisme,0.65,,962,1,,2026-08-24T17:50:24
rxa_1364,groq_gptoss,openai/gpt-oss-120b,antisémitisme,haine_implicite,hardcase,racisme,0.1,,763,1,,2026-08-24T17:50:31
rxa_1397,groq_gptoss,openai/gpt-oss-120b,antisémitisme,stereotype,hardcase,racisme,0.05,,966,1,,2026-08-24T17:50:39
rxa_0545,groq_gptoss,openai/gpt-oss-120b,xénophobie,haine_explicite,transfert_racisme_xenophobie,racisme,0.97,,699,1,,2026-08-24T17:50:46
rxa_0160,groq_gptoss,openai/gpt-oss-120b,xénophobie,exclusion,tri_manuel,xenophobie,0.35,,903,1,,2026-08-24T17:50:54
rxa_0611,groq_gptoss,openai/gpt-oss-120b,xénophobie,exclusion,transfert_racisme_xenophobie,xenophobie,0.96,,854,1,,2026-08-24T17:51:01
rxa_0807,groq_gptoss,openai/gpt-oss-120b,xénophobie,dog_whistle,generation_originale,xenophobie,0.85,,691,1,,2026-08-24T17:51:09
rxa_0058,groq_gptoss,openai/gpt-oss-120b,racisme,stereotype,tri_manuel,racisme,0.73,,603,1,,2026-08-24T17:51:16
rxa_0462,groq_gptoss,openai/gpt-oss-120b,racisme,haine_implicite,generation_originale,xenophobie,0.55,,634,1,,2026-08-24T17:51:23
rxa_0922,groq_gptoss,openai/gpt-oss-120b,xénophobie,sarcasme,hardcase,xenophobie,0.7,,643,1,,2026-08-24T17:51:30
rxa_0261,groq_gptoss,openai/gpt-oss-120b,antisémitisme,haine_explicite,tri_manuel,antisemitisme,0.98,,563,1,,2026-08-24T17:51:37
rxa_0398,groq_gptoss,openai/gpt-oss-120b,racisme,haine_explicite,tri_manuel,racisme,0.96,,630,1,,2026-08-24T17:51:45
rxa_0190,groq_gptoss,openai/gpt-oss-120b,antisémitisme,complotisme,tri_manuel,,,reponse_vide,986,1,,2026-08-24T17:51:52
rxa_0764,groq_gptoss,openai/gpt-oss-120b,xénophobie,stereotype,generation_originale,xenophobie,0.96,,958,1,,2026-08-24T17:52:00
rxa_0561,groq_gptoss,openai/gpt-oss-120b,xénophobie,haine_explicite,transfert_racisme_xenophobie,xenophobie,0.98,,500,1,,2026-08-24T17:52:07
rxa_0575,groq_gptoss,openai/gpt-oss-120b,xénophobie,haine_implicite,transfert_racisme_xenophobie,xenophobie,0.92,,496,1,,2026-08-24T17:52:14
rxa_0459,groq_gptoss,openai/gpt-oss-120b,racisme,haine_implicite,generation_originale,racisme,0.3,,1646,1,,2026-08-24T17:52:22
rxa_1019,groq_gptoss,openai/gpt-oss-120b,antisémitisme,stereotype,transfert_racisme_antisemitisme,antisemitisme,0.99,,324,1,,2026-08-24T17:52:29
rxa_0162,groq_gptoss,openai/gpt-oss-120b,racisme,exclusion,tri_manuel,racisme,0.95,,1166,1,,2026-08-24T17:52:37
rxa_1410,groq_gptoss,openai/gpt-oss-120b,antisémitisme,haine_implicite,hardcase,racisme,0.1,,766,1,,2026-08-24T17:52:44
rxa_0637,groq_gptoss,openai/gpt-oss-120b,xénophobie,dog_whistle,transfert_racisme_xenophobie,xenophobie,0.96,,331,1,,2026-08-24T17:52:51
rxa_1150,groq_gptoss,openai/gpt-oss-120b,antisémitisme,haine_explicite,generation_originale,antisemitisme,0.99,,280,1,,2026-08-24T17:52:58
rxa_1023,groq_gptoss,openai/gpt-oss-120b,antisémitisme,haine_implicite,transfert_racisme_antisemitisme,antisemitisme,0.3,,2002,1,,2026-08-24T17:53:07
rxa_0280,groq_gptoss,openai/gpt-oss-120b,racisme,haine_explicite,tri_manuel,racisme,0.97,,432,1,,2026-08-24T17:53:14
rxa_1332,groq_gptoss,openai/gpt-oss-120b,antisémitisme,stereotype,hardcase,antisemitisme,0.6,,576,1,,2026-08-24T17:53:21
rxa_1066,groq_gptoss,openai/gpt-oss-120b,antisémitisme,complotisme,transfert_racisme_antisemitisme,antisemitisme,0.99,,263,1,,2026-08-24T17:53:28
rxa_0099,groq_gptoss,openai/gpt-oss-120b,racisme,haine_explicite,tri_manuel,xenophobie,0.6,,755,1,,2026-08-24T17:53:35
rxa_1481,groq_gptoss,openai/gpt-oss-120b,racisme,ambigu,generation_complement,xenophobie,0.85,,524,1,,2026-08-24T17:53:42
rxa_0869,groq_gptoss,openai/gpt-oss-120b,xénophobie,exclusion,hardcase,xenophobie,0.92,,456,1,,2026-08-24T17:53:49
rxa_0178,groq_gptoss,openai/gpt-oss-120b,xénophobie,exclusion,tri_manuel,xenophobie,0.95,,587,1,,2026-08-24T17:53:57
rxa_1491,groq_gptoss,openai/gpt-oss-120b,xénophobie,sarcasme,generation_complement,xenophobie,0.9,,1140,1,,2026-08-24T17:54:04
rxa_0366,groq_gptoss,openai/gpt-oss-120b,racisme,haine_explicite,tri_manuel,racisme,0.96,,702,1,,2026-08-24T17:54:12
rxa_0707,groq_gptoss,openai/gpt-oss-120b,xénophobie,haine_explicite,generation_originale,xenophobie,0.97,,346,1,,2026-08-24T17:54:19
rxa_1339,groq_gptoss,openai/gpt-oss-120b,antisémitisme,haine_implicite,hardcase,,,parsing_echoue,1212,1,,2026-08-24T17:54:26
rxa_1473,groq_gptoss,openai/gpt-oss-120b,racisme,dog_whistle,generation_complement,xenophobie,0.96,,588,1,,2026-08-24T17:54:34
rxa_0559,groq_gptoss,openai/gpt-oss-120b,xénophobie,haine_explicite,transfert_racisme_xenophobie,xenophobie,0.96,,325,1,,2026-08-24T17:54:41
rxa_1490,groq_gptoss,openai/gpt-oss-120b,xénophobie,sarcasme,generation_complement,xenophobie,0.92,,514,1,,2026-08-24T17:54:48
rxa_0889,groq_gptoss,openai/gpt-oss-120b,xénophobie,haine_implicite,hardcase,xenophobie,0.88,,536,1,,2026-08-24T17:54:55
rxa_0359,groq_gptoss,openai/gpt-oss-120b,racisme,haine_explicite,tri_manuel,racisme,0.97,,451,1,,2026-08-24T17:55:02
rxa_1113,groq_gptoss,openai/gpt-oss-120b,antisémitisme,haine_explicite,transfert_racisme_antisemitisme,antisemitisme,0.99,,487,1,,2026-08-24T17:55:09
rxa_0522,groq_gptoss,openai/gpt-oss-120b,racisme,ambigu,generation_originale,xenophobie,0.7,,514,1,,2026-08-24T17:55:16
rxa_0770,groq_gptoss,openai/gpt-oss-120b,xénophobie,stereotype,generation_originale,xenophobie,0.96,,527,1,,2026-08-24T17:55:23
rxa_0438,groq_gptoss,openai/gpt-oss-120b,racisme,haine_explicite,generation_originale,racisme,0.98,,2865,1,,2026-08-24T17:55:33
rxa_0200,groq_gptoss,openai/gpt-oss-120b,antisémitisme,haine_implicite,tri_manuel,,,reponse_vide,1418,1,,2026-08-24T17:55:41
rxa_0257,groq_gptoss,openai/gpt-oss-120b,racisme,haine_explicite,tri_manuel,racisme,0.97,,792,1,,2026-08-24T17:55:48
rxa_1065,groq_gptoss,openai/gpt-oss-120b,antisémitisme,complotisme,transfert_racisme_antisemitisme,antisemitisme,0.99,,482,1,,2026-08-24T17:55:55
rxa_0805,groq_gptoss,openai/gpt-oss-120b,xénophobie,dog_whistle,generation_originale,xenophobie,0.96,,1804,1,,2026-08-24T17:56:04
rxa_0295,groq_gptoss,openai/gpt-oss-120b,racisme,haine_explicite,tri_manuel,racisme,0.9,,1057,1,,2026-08-24T17:56:11
rxa_0746,groq_gptoss,openai/gpt-oss-120b,xénophobie,haine_implicite,generation_originale,xenophobie,0.95,,462,1,,2026-08-24T17:56:18
rxa_0423,groq_gptoss,openai/gpt-oss-120b,racisme,haine_explicite,generation_originale,racisme,0.99,,377,1,,2026-08-24T17:56:25
rxa_0118,groq_gptoss,openai/gpt-oss-120b,racisme,stereotype,tri_manuel,xenophobie,0.35,,692,1,,2026-08-24T17:56:33
rxa_1462,groq_gptoss,openai/gpt-oss-120b,racisme,sarcasme,generation_complement,xenophobie,0.8,,747,1,,2026-08-24T17:56:40
rxa_1335,groq_gptoss,openai/gpt-oss-120b,antisémitisme,haine_implicite,hardcase,racisme,0.2,,977,1,,2026-08-24T17:56:48
rxa_0054,groq_gptoss,openai/gpt-oss-120b,xénophobie,exclusion,tri_manuel,xenophobie,0.96,,1220,1,,2026-08-24T17:56:55
rxa_1292,groq_gptoss,openai/gpt-oss-120b,antisémitisme,ambigu,generation_originale,,,reponse_vide,1653,1,,2026-08-24T17:57:04
rxa_0446,groq_gptoss,openai/gpt-oss-120b,racisme,haine_explicite,generation_originale,xenophobie,0.62,,905,1,,2026-08-24T17:57:11
rxa_0781,groq_gptoss,openai/gpt-oss-120b,xénophobie,sarcasme,generation_originale,xenophobie,0.85,,369,1,,2026-08-24T17:57:18
rxa_1213,groq_gptoss,openai/gpt-oss-120b,antisémitisme,haine_implicite,generation_originale,racisme,0.73,,725,1,,2026-08-24T17:57:26
rxa_0375,groq_gptoss,openai/gpt-oss-120b,racisme,haine_explicite,tri_manuel,racisme,0.96,,609,1,,2026-08-24T17:57:33
rxa_0139,groq_gptoss,openai/gpt-oss-120b,racisme,stereotype,tri_manuel,racisme,0.73,,1294,1,,2026-08-24T17:57:41
rxa_0638,groq_gptoss,openai/gpt-oss-120b,xénophobie,dog_whistle,transfert_racisme_xenophobie,xenophobie,0.96,,759,1,,2026-08-24T17:57:48
rxa_0397,groq_gptoss,openai/gpt-oss-120b,racisme,haine_explicite,tri_manuel,racisme,0.97,,619,1,,2026-08-24T17:57:55
rxa_0320,groq_gptoss,openai/gpt-oss-120b,racisme,haine_explicite,tri_manuel,racisme,0.73,,1060,1,,2026-08-24T17:58:03
rxa_0246,groq_gptoss,openai/gpt-oss-120b,racisme,haine_explicite,tri_manuel,racisme,0.98,,390,1,,2026-08-24T17:58:10
rxa_1047,groq_gptoss,openai/gpt-oss-120b,antisémitisme,exclusion,transfert_racisme_antisemitisme,antisemitisme,0.99,,336,1,,2026-08-24T17:58:17
rxa_0191,groq_gptoss,openai/gpt-oss-120b,racisme,haine_explicite,tri_manuel,racisme,0.96,,747,1,,2026-08-24T17:58:24
rxa_0264,groq_gptoss,openai/gpt-oss-120b,xénophobie,dog_whistle,tri_manuel,racisme,0.7,,1414,1,,2026-08-24T17:58:32
rxa_1367,groq_gptoss,openai/gpt-oss-120b,antisémitisme,haine_implicite,hardcase,racisme,0.0,,1947,1,,2026-08-24T17:58:41
rxa_0465,groq_gptoss,openai/gpt-oss-120b,racisme,haine_implicite,generation_originale,xenophobie,0.3,,839,1,,2026-08-24T17:58:48
rxa_1420,groq_gptoss,openai/gpt-oss-120b,racisme,haine_explicite,generation_complement,racisme,0.98,,307,1,,2026-08-24T17:58:55
rxa_0325,groq_gptoss,openai/gpt-oss-120b,antisémitisme,complotisme,tri_manuel,antisemitisme,0.98,,1132,1,,2026-08-24T17:59:03
rxa_0481,groq_gptoss,openai/gpt-oss-120b,racisme,haine_implicite,generation_originale,xenophobie,0.6,,652,1,,2026-08-24T17:59:10
rxa_1413,groq_gptoss,openai/gpt-oss-120b,antisémitisme,dog_whistle,hardcase,racisme,0.78,,1209,1,,2026-08-24T17:59:18
rxa_0960,groq_gptoss,openai/gpt-oss-120b,antisémitisme,stereotype,transfert_racisme_antisemitisme,antisemitisme,0.98,,554,1,,2026-08-24T17:59:25
rxa_0806,groq_gptoss,openai/gpt-oss-120b,xénophobie,dog_whistle,generation_originale,xenophobie,0.3,,784,1,,2026-08-24T17:59:32
rxa_0597,groq_gptoss,openai/gpt-oss-120b,xénophobie,exclusion,transfert_racisme_xenophobie,xenophobie,0.97,,1825,1,,2026-08-24T17:59:41
rxa_0987,groq_gptoss,openai/gpt-oss-120b,antisémitisme,complotisme,transfert_racisme_antisemitisme,antisemitisme,0.96,,792,1,,2026-08-24T17:59:48
rxa_0515,groq_gptoss,openai/gpt-oss-120b,racisme,dog_whistle,generation_originale,xenophobie,0.85,,593,1,,2026-08-24T17:59:55
rxa_0594,groq_gptoss,openai/gpt-oss-120b,xénophobie,haine_implicite,transfert_racisme_xenophobie,xenophobie,0.8,,2391,1,,2026-08-24T18:00:04
rxa_1202,groq_gptoss,openai/gpt-oss-120b,antisémitisme,haine_implicite,generation_originale,racisme,0.1,,1298,1,,2026-08-24T18:00:12
rxa_1127,groq_gptoss,openai/gpt-oss-120b,antisémitisme,exclusion,transfert_racisme_antisemitisme,antisemitisme,0.99,,617,1,,2026-08-24T18:00:20
rxa_0414,groq_gptoss,openai/gpt-oss-120b,racisme,haine_explicite,generation_originale,racisme,0.98,,1247,1,,2026-08-24T18:00:27
rxa_1128,groq_gptoss,openai/gpt-oss-120b,antisémitisme,haine_explicite,transfert_racisme_antisemitisme,antisemitisme,0.99,,1556,1,,2026-08-24T18:00:36
rxa_1403,groq_gptoss,openai/gpt-oss-120b,antisémitisme,haine_implicite,hardcase,racisme,0.1,,1281,1,,2026-08-24T18:00:43
rxa_0485,groq_gptoss,openai/gpt-oss-120b,racisme,stereotype,generation_originale,racisme,0.97,,341,1,,2026-08-24T18:00:50
rxa_1381,groq_gptoss,openai/gpt-oss-120b,antisémitisme,dog_whistle,hardcase,racisme,0.0,,759,1,,2026-08-24T18:00:58
rxa_0443,groq_gptoss,openai/gpt-oss-120b,racisme,haine_explicite,generation_originale,racisme,0.97,,377,1,,2026-08-24T18:01:05
rxa_0210,groq_gptoss,openai/gpt-oss-120b,racisme,haine_explicite,tri_manuel,racisme,0.9,,798,1,,2026-08-24T18:01:12
rxa_0938,groq_gptoss,openai/gpt-oss-120b,xénophobie,haine_implicite,hardcase,xenophobie,0.92,,636,1,,2026-08-24T18:01:19
rxa_1312,groq_gptoss,openai/gpt-oss-120b,antisémitisme,haine_implicite,hardcase,racisme,0.2,,1173,1,,2026-08-24T18:01:27
rxa_0383,groq_gptoss,openai/gpt-oss-120b,racisme,haine_explicite,tri_manuel,racisme,0.97,,784,1,,2026-08-24T18:01:35
rxa_1223,groq_gptoss,openai/gpt-oss-120b,antisémitisme,haine_implicite,generation_originale,antisemitisme,0.55,,1487,1,,2026-08-24T18:01:43
rxa_0955,groq_gptoss,openai/gpt-oss-120b,antisémitisme,stereotype,transfert_racisme_antisemitisme,antisemitisme,0.99,,425,1,,2026-08-24T18:01:50
rxa_1048,groq_gptoss,openai/gpt-oss-120b,antisémitisme,stereotype,transfert_racisme_antisemitisme,antisemitisme,0.99,,3462,1,,2026-08-24T18:02:00
rxa_1321,groq_gptoss,openai/gpt-oss-120b,antisémitisme,haine_implicite,hardcase,racisme,0.0,,1246,1,,2026-08-24T18:02:08
rxa_0836,groq_gptoss,openai/gpt-oss-120b,xénophobie,sarcasme,hardcase,xenophobie,0.6,,758,1,,2026-08-24T18:02:15
rxa_0568,groq_gptoss,openai/gpt-oss-120b,xénophobie,haine_explicite,transfert_racisme_xenophobie,xenophobie,0.96,,620,1,,2026-08-24T18:02:22
rxa_0460,groq_gptoss,openai/gpt-oss-120b,racisme,haine_implicite,generation_originale,racisme,0.6,,1649,1,,2026-08-24T18:02:30
rxa_0709,groq_gptoss,openai/gpt-oss-120b,xénophobie,haine_explicite,generation_originale,xenophobie,0.96,,849,1,,2026-08-24T18:02:38
rxa_0019,groq_gptoss,openai/gpt-oss-120b,racisme,stereotype,tri_manuel,racisme,0.6,,1096,1,,2026-08-24T18:02:46
rxa_1186,groq_gptoss,openai/gpt-oss-120b,antisémitisme,haine_explicite,generation_originale,antisemitisme,0.98,,387,1,,2026-08-24T18:02:53
rxa_1089,groq_gptoss,openai/gpt-oss-120b,antisémitisme,stereotype,transfert_racisme_antisemitisme,antisemitisme,0.98,,630,1,,2026-08-24T18:03:00
rxa_0308,groq_gptoss,openai/gpt-oss-120b,racisme,haine_explicite,tri_manuel,racisme,0.97,,559,1,,2026-08-24T18:03:07
rxa_0073,groq_gptoss,openai/gpt-oss-120b,racisme,stereotype,tri_manuel,xenophobie,0.6,,865,1,,2026-08-24T18:03:14
rxa_1099,groq_gptoss,openai/gpt-oss-120b,antisémitisme,haine_explicite,transfert_racisme_antisemitisme,antisemitisme,0.98,,280,1,,2026-08-24T18:03:21
rxa_0052,groq_gptoss,openai/gpt-oss-120b,racisme,stereotype,tri_manuel,xenophobie,0.73,,855,1,,2026-08-24T18:03:29
rxa_1009,groq_gptoss,openai/gpt-oss-120b,antisémitisme,stereotype,transfert_racisme_antisemitisme,antisemitisme,0.99,,426,1,,2026-08-24T18:03:36
rxa_1262,groq_gptoss,openai/gpt-oss-120b,antisémitisme,sarcasme,generation_originale,xenophobie,0.42,,1482,1,,2026-08-24T18:03:44
rxa_0733,groq_gptoss,openai/gpt-oss-120b,xénophobie,haine_implicite,generation_originale,xenophobie,0.92,,547,1,,2026-08-24T18:03:51
rxa_0886,groq_gptoss,openai/gpt-oss-120b,xénophobie,haine_implicite,hardcase,xenophobie,0.2,,1102,1,,2026-08-24T18:03:59
rxa_1282,groq_gptoss,openai/gpt-oss-120b,antisémitisme,dog_whistle,generation_originale,racisme,0.0,,855,1,,2026-08-24T18:04:06
rxa_0574,groq_gptoss,openai/gpt-oss-120b,xénophobie,haine_implicite,transfert_racisme_xenophobie,xenophobie,0.92,,2046,1,,2026-08-24T18:04:15
rxa_0456,groq_gptoss,openai/gpt-oss-120b,racisme,haine_implicite,generation_originale,xenophobie,0.62,,699,1,,2026-08-24T18:04:22
